MonthStart,DepartmentKey,AccountKey,RegionKey,Amount
2024-01-01,1,1,1,601288.97
2024-01-01,1,1,2,487659.03
2024-01-01,1,1,3,454470.83
2024-01-01,1,1,4,1255278.73
2024-01-01,1,2,1,1007936.07
2024-01-01,1,2,2,1206937.69
2024-01-01,1,2,3,482195.68
2024-01-01,1,2,4,599632.85
2024-01-01,1,3,1,134121.56
2024-01-01,1,3,2,203404.74
2024-01-01,1,3,3,156589.74
2024-01-01,1,3,4,226177.81
2024-01-01,1,4,1,196932.87
2024-01-01,1,4,2,249562.48
2024-01-01,1,4,3,105912.02
2024-01-01,1,4,4,226705.75
2024-01-01,1,5,1,131012.83
2024-01-01,1,5,2,156804.22
2024-01-01,1,5,3,149905.51
2024-01-01,1,5,4,298453.77
2024-01-01,1,6,1,229516.59
2024-01-01,1,6,2,245107.81
2024-01-01,1,6,3,150953.47
2024-01-01,1,6,4,186328.69
2024-01-01,1,7,1,155029.33
2024-01-01,1,7,2,157742.2
2024-01-01,1,7,3,214481.09
2024-01-01,1,7,4,226466.65
2024-01-01,1,8,1,239621.39
2024-01-01,1,8,2,204821.18
2024-01-01,1,8,3,170092.28
2024-01-01,1,8,4,215528.33
2024-01-01,2,3,1,100176.92
2024-01-01,2,3,2,280035.22
2024-01-01,2,3,3,276182.31
2024-01-01,2,3,4,174558.81
2024-01-01,2,4,1,109437.45
2024-01-01,2,4,2,165023.39
2024-01-01,2,4,3,153954.38
2024-01-01,2,4,4,211851.43
2024-01-01,2,5,1,229405.57
2024-01-01,2,5,2,290396.5
2024-01-01,2,5,3,281279.38
2024-01-01,2,5,4,104450.77
2024-01-01,2,6,1,261898.2
2024-01-01,2,6,2,301886.07
2024-01-01,2,6,3,126433.93
2024-01-01,2,6,4,275405.46
2024-01-01,2,7,1,167468.77
2024-01-01,2,7,2,187349.0
2024-01-01,2,7,3,157436.16
2024-01-01,2,7,4,125764.7
2024-01-01,2,8,1,201928.92
2024-01-01,2,8,2,113239.37
2024-01-01,2,8,3,107183.6
2024-01-01,2,8,4,263068.32
2024-01-01,3,3,1,101284.07
2024-01-01,3,3,2,244212.48
2024-01-01,3,3,3,149210.71
2024-01-01,3,3,4,113957.62
2024-01-01,3,4,1,143023.17
2024-01-01,3,4,2,237644.33
2024-01-01,3,4,3,110012.71
2024-01-01,3,4,4,191544.26
2024-01-01,3,5,1,242481.32
2024-01-01,3,5,2,218524.96
2024-01-01,3,5,3,161940.21
2024-01-01,3,5,4,204418.8
2024-01-01,3,6,1,176632.49
2024-01-01,3,6,2,192001.36
2024-01-01,3,6,3,206241.94
2024-01-01,3,6,4,218148.78
2024-01-01,3,7,1,225247.8
2024-01-01,3,7,2,106227.63
2024-01-01,3,7,3,97412.28
2024-01-01,3,7,4,280061.98
2024-01-01,3,8,1,195830.38
2024-01-01,3,8,2,222884.04
2024-01-01,3,8,3,150980.77
2024-01-01,3,8,4,212165.82
2024-01-01,4,3,1,242970.34
2024-01-01,4,3,2,150341.81
2024-01-01,4,3,3,213072.57
2024-01-01,4,3,4,252093.23
2024-01-01,4,4,1,218412.93
2024-01-01,4,4,2,141440.49
2024-01-01,4,4,3,133446.21
2024-01-01,4,4,4,137305.49
2024-01-01,4,5,1,162188.41
2024-01-01,4,5,2,299817.94
2024-01-01,4,5,3,124933.14
2024-01-01,4,5,4,150169.47
2024-01-01,4,6,1,189826.37
2024-01-01,4,6,2,100246.4
2024-01-01,4,6,3,247861.26
2024-01-01,4,6,4,311126.92
2024-01-01,4,7,1,147807.45
2024-01-01,4,7,2,221108.5
2024-01-01,4,7,3,158483.38
2024-01-01,4,7,4,231747.81
2024-01-01,4,8,1,335484.67
2024-01-01,4,8,2,236910.5
2024-01-01,4,8,3,252367.81
2024-01-01,4,8,4,202426.6
2024-01-01,5,3,1,320601.37
2024-01-01,5,3,2,223321.13
2024-01-01,5,3,3,279362.58
2024-01-01,5,3,4,255676.08
2024-01-01,5,4,1,90550.45
2024-01-01,5,4,2,325809.83
2024-01-01,5,4,3,160242.46
2024-01-01,5,4,4,267528.06
2024-01-01,5,5,1,235979.8
2024-01-01,5,5,2,163667.4
2024-01-01,5,5,3,208905.58
2024-01-01,5,5,4,192784.63
2024-01-01,5,6,1,308921.26
2024-01-01,5,6,2,200110.19
2024-01-01,5,6,3,143373.44
2024-01-01,5,6,4,311374.74
2024-01-01,5,7,1,183105.97
2024-01-01,5,7,2,165205.13
2024-01-01,5,7,3,197254.61
2024-01-01,5,7,4,185441.78
2024-01-01,5,8,1,125375.02
2024-01-01,5,8,2,129732.7
2024-01-01,5,8,3,198955.76
2024-01-01,5,8,4,146047.83
2024-01-01,6,3,1,234876.65
2024-01-01,6,3,2,206471.75
2024-01-01,6,3,3,221249.99
2024-01-01,6,3,4,166166.11
2024-01-01,6,4,1,113249.66
2024-01-01,6,4,2,202256.15
2024-01-01,6,4,3,201852.28
2024-01-01,6,4,4,160769.11
2024-01-01,6,5,1,243264.32
2024-01-01,6,5,2,192488.63
2024-01-01,6,5,3,275485.84
2024-01-01,6,5,4,224423.44
2024-01-01,6,6,1,138657.79
2024-01-01,6,6,2,126738.68
2024-01-01,6,6,3,309141.95
2024-01-01,6,6,4,123301.36
2024-01-01,6,7,1,295606.14
2024-01-01,6,7,2,193044.46
2024-01-01,6,7,3,114684.67
2024-01-01,6,7,4,180688.67
2024-01-01,6,8,1,273428.45
2024-01-01,6,8,2,128430.58
2024-01-01,6,8,3,221941.27
2024-01-01,6,8,4,259727.19
2024-02-01,1,1,1,500614.71
2024-02-01,1,1,2,509869.24
2024-02-01,1,1,3,365765.74
2024-02-01,1,1,4,1258808.38
2024-02-01,1,2,1,1083062.62
2024-02-01,1,2,2,1117811.44
2024-02-01,1,2,3,482391.3
2024-02-01,1,2,4,602714.84
2024-02-01,1,3,1,134530.89
2024-02-01,1,3,2,234569.66
2024-02-01,1,3,3,151216.43
2024-02-01,1,3,4,174408.21
2024-02-01,1,4,1,193810.51
2024-02-01,1,4,2,220907.45
2024-02-01,1,4,3,119584.57
2024-02-01,1,4,4,272440.54
2024-02-01,1,5,1,123048.96
2024-02-01,1,5,2,206973.79
2024-02-01,1,5,3,129208.0
2024-02-01,1,5,4,291294.03
2024-02-01,1,6,1,199401.76
2024-02-01,1,6,2,292717.67
2024-02-01,1,6,3,120155.46
2024-02-01,1,6,4,145355.97
2024-02-01,1,7,1,141697.05
2024-02-01,1,7,2,201293.31
2024-02-01,1,7,3,244521.36
2024-02-01,1,7,4,284762.99
2024-02-01,1,8,1,301679.32
2024-02-01,1,8,2,219247.13
2024-02-01,1,8,3,160947.01
2024-02-01,1,8,4,180365.99
2024-02-01,2,3,1,115468.77
2024-02-01,2,3,2,308543.27
2024-02-01,2,3,3,270845.1
2024-02-01,2,3,4,170763.27
2024-02-01,2,4,1,133541.5
2024-02-01,2,4,2,155932.68
2024-02-01,2,4,3,191564.83
2024-02-01,2,4,4,187776.47
2024-02-01,2,5,1,209426.18
2024-02-01,2,5,2,293175.22
2024-02-01,2,5,3,240116.34
2024-02-01,2,5,4,101031.64
2024-02-01,2,6,1,247712.27
2024-02-01,2,6,2,310754.6
2024-02-01,2,6,3,120123.8
2024-02-01,2,6,4,280119.46
2024-02-01,2,7,1,173709.46
2024-02-01,2,7,2,242179.96
2024-02-01,2,7,3,174780.97
2024-02-01,2,7,4,133127.55
2024-02-01,2,8,1,160401.72
2024-02-01,2,8,2,100143.24
2024-02-01,2,8,3,90714.8
2024-02-01,2,8,4,258121.47
2024-02-01,3,3,1,91823.04
2024-02-01,3,3,2,242129.71
2024-02-01,3,3,3,178807.71
2024-02-01,3,3,4,133314.73
2024-02-01,3,4,1,125121.61
2024-02-01,3,4,2,264210.64
2024-02-01,3,4,3,116022.53
2024-02-01,3,4,4,192061.05
2024-02-01,3,5,1,209338.74
2024-02-01,3,5,2,192700.37
2024-02-01,3,5,3,181318.59
2024-02-01,3,5,4,212624.6
2024-02-01,3,6,1,195224.4
2024-02-01,3,6,2,196997.18
2024-02-01,3,6,3,238941.21
2024-02-01,3,6,4,257513.07
2024-02-01,3,7,1,192514.63
2024-02-01,3,7,2,131455.76
2024-02-01,3,7,3,97248.51
2024-02-01,3,7,4,307728.99
2024-02-01,3,8,1,219318.95
2024-02-01,3,8,2,189302.26
2024-02-01,3,8,3,133748.74
2024-02-01,3,8,4,192677.41
2024-02-01,4,3,1,266583.08
2024-02-01,4,3,2,160734.36
2024-02-01,4,3,3,222224.77
2024-02-01,4,3,4,308704.65
2024-02-01,4,4,1,254942.73
2024-02-01,4,4,2,176803.09
2024-02-01,4,4,3,108075.32
2024-02-01,4,4,4,123833.81
2024-02-01,4,5,1,200359.68
2024-02-01,4,5,2,329677.09
2024-02-01,4,5,3,129577.4
2024-02-01,4,5,4,144557.36
2024-02-01,4,6,1,201070.3
2024-02-01,4,6,2,116579.97
2024-02-01,4,6,3,274424.4
2024-02-01,4,6,4,294486.25
2024-02-01,4,7,1,149863.55
2024-02-01,4,7,2,249178.64
2024-02-01,4,7,3,189026.06
2024-02-01,4,7,4,228242.87
2024-02-01,4,8,1,297666.78
2024-02-01,4,8,2,208676.31
2024-02-01,4,8,3,252489.34
2024-02-01,4,8,4,192452.04
2024-02-01,5,3,1,327197.59
2024-02-01,5,3,2,186697.14
2024-02-01,5,3,3,249253.32
2024-02-01,5,3,4,285023.56
2024-02-01,5,4,1,93009.99
2024-02-01,5,4,2,322203.0
2024-02-01,5,4,3,154688.24
2024-02-01,5,4,4,264997.09
2024-02-01,5,5,1,285032.37
2024-02-01,5,5,2,145265.04
2024-02-01,5,5,3,218561.25
2024-02-01,5,5,4,157616.28
2024-02-01,5,6,1,256152.97
2024-02-01,5,6,2,162385.58
2024-02-01,5,6,3,128102.31
2024-02-01,5,6,4,273352.0
2024-02-01,5,7,1,156216.91
2024-02-01,5,7,2,164045.11
2024-02-01,5,7,3,239940.75
2024-02-01,5,7,4,186017.81
2024-02-01,5,8,1,138801.96
2024-02-01,5,8,2,131444.91
2024-02-01,5,8,3,235576.16
2024-02-01,5,8,4,182510.14
2024-02-01,6,3,1,232384.52
2024-02-01,6,3,2,183778.55
2024-02-01,6,3,3,228383.54
2024-02-01,6,3,4,137654.01
2024-02-01,6,4,1,114052.9
2024-02-01,6,4,2,208736.11
2024-02-01,6,4,3,171621.7
2024-02-01,6,4,4,182321.02
2024-02-01,6,5,1,217523.54
2024-02-01,6,5,2,172095.05
2024-02-01,6,5,3,282143.64
2024-02-01,6,5,4,224276.05
2024-02-01,6,6,1,158527.89
2024-02-01,6,6,2,112926.11
2024-02-01,6,6,3,304429.82
2024-02-01,6,6,4,136637.4
2024-02-01,6,7,1,344254.63
2024-02-01,6,7,2,228623.6
2024-02-01,6,7,3,132224.41
2024-02-01,6,7,4,189123.44
2024-02-01,6,8,1,304864.37
2024-02-01,6,8,2,134846.33
2024-02-01,6,8,3,206383.78
2024-02-01,6,8,4,235459.79
2024-03-01,1,1,1,627531.23
2024-03-01,1,1,2,501048.45
2024-03-01,1,1,3,404106.35
2024-03-01,1,1,4,1259421.81
2024-03-01,1,2,1,1088598.86
2024-03-01,1,2,2,960923.63
2024-03-01,1,2,3,453080.18
2024-03-01,1,2,4,549240.31
2024-03-01,1,3,1,141629.35
2024-03-01,1,3,2,202236.66
2024-03-01,1,3,3,159501.93
2024-03-01,1,3,4,193933.11
2024-03-01,1,4,1,185597.56
2024-03-01,1,4,2,245013.9
2024-03-01,1,4,3,103199.09
2024-03-01,1,4,4,285761.42
2024-03-01,1,5,1,147902.48
2024-03-01,1,5,2,182966.38
2024-03-01,1,5,3,132051.14
2024-03-01,1,5,4,295968.44
2024-03-01,1,6,1,240004.39
2024-03-01,1,6,2,273385.62
2024-03-01,1,6,3,147241.11
2024-03-01,1,6,4,171674.33
2024-03-01,1,7,1,151761.06
2024-03-01,1,7,2,165866.25
2024-03-01,1,7,3,236548.67
2024-03-01,1,7,4,243729.53
2024-03-01,1,8,1,288632.18
2024-03-01,1,8,2,219473.46
2024-03-01,1,8,3,143787.6
2024-03-01,1,8,4,199414.03
2024-03-01,2,3,1,94717.7
2024-03-01,2,3,2,317308.96
2024-03-01,2,3,3,248863.67
2024-03-01,2,3,4,222018.65
2024-03-01,2,4,1,111908.21
2024-03-01,2,4,2,192901.98
2024-03-01,2,4,3,186486.45
2024-03-01,2,4,4,211392.33
2024-03-01,2,5,1,258711.21
2024-03-01,2,5,2,293169.41
2024-03-01,2,5,3,306859.23
2024-03-01,2,5,4,104542.11
2024-03-01,2,6,1,249486.61
2024-03-01,2,6,2,247854.44
2024-03-01,2,6,3,138119.34
2024-03-01,2,6,4,270381.6
2024-03-01,2,7,1,165107.18
2024-03-01,2,7,2,218906.49
2024-03-01,2,7,3,174671.44
2024-03-01,2,7,4,151548.5
2024-03-01,2,8,1,204658.91
2024-03-01,2,8,2,119941.62
2024-03-01,2,8,3,102745.94
2024-03-01,2,8,4,254881.1
2024-03-01,3,3,1,118131.02
2024-03-01,3,3,2,216220.81
2024-03-01,3,3,3,151033.24
2024-03-01,3,3,4,115179.19
2024-03-01,3,4,1,145444.54
2024-03-01,3,4,2,238546.95
2024-03-01,3,4,3,119116.48
2024-03-01,3,4,4,190283.95
2024-03-01,3,5,1,225858.79
2024-03-01,3,5,2,245586.18
2024-03-01,3,5,3,175078.68
2024-03-01,3,5,4,206286.37
2024-03-01,3,6,1,201135.54
2024-03-01,3,6,2,188518.26
2024-03-01,3,6,3,206434.51
2024-03-01,3,6,4,204614.98
2024-03-01,3,7,1,234908.03
2024-03-01,3,7,2,115557.28
2024-03-01,3,7,3,110528.55
2024-03-01,3,7,4,326778.78
2024-03-01,3,8,1,216317.32
2024-03-01,3,8,2,245178.06
2024-03-01,3,8,3,164141.94
2024-03-01,3,8,4,198190.02
2024-03-01,4,3,1,227426.43
2024-03-01,4,3,2,180813.9
2024-03-01,4,3,3,211598.19
2024-03-01,4,3,4,324345.21
2024-03-01,4,4,1,230251.3
2024-03-01,4,4,2,181799.39
2024-03-01,4,4,3,132850.33
2024-03-01,4,4,4,125602.96
2024-03-01,4,5,1,189020.35
2024-03-01,4,5,2,322786.41
2024-03-01,4,5,3,121455.99
2024-03-01,4,5,4,142670.92
2024-03-01,4,6,1,216013.63
2024-03-01,4,6,2,99526.34
2024-03-01,4,6,3,265483.09
2024-03-01,4,6,4,300127.08
2024-03-01,4,7,1,147937.9
2024-03-01,4,7,2,289676.56
2024-03-01,4,7,3,197983.18
2024-03-01,4,7,4,183359.69
2024-03-01,4,8,1,350283.39
2024-03-01,4,8,2,253925.45
2024-03-01,4,8,3,258913.42
2024-03-01,4,8,4,199292.38
2024-03-01,5,3,1,266145.12
2024-03-01,5,3,2,245894.85
2024-03-01,5,3,3,303727.48
2024-03-01,5,3,4,292522.24
2024-03-01,5,4,1,92173.88
2024-03-01,5,4,2,331830.65
2024-03-01,5,4,3,142239.29
2024-03-01,5,4,4,276336.21
2024-03-01,5,5,1,228206.67
2024-03-01,5,5,2,176604.74
2024-03-01,5,5,3,214600.81
2024-03-01,5,5,4,199519.31
2024-03-01,5,6,1,306129.63
2024-03-01,5,6,2,164855.97
2024-03-01,5,6,3,127132.96
2024-03-01,5,6,4,264771.57
2024-03-01,5,7,1,187960.98
2024-03-01,5,7,2,175845.04
2024-03-01,5,7,3,211826.48
2024-03-01,5,7,4,214392.98
2024-03-01,5,8,1,128577.23
2024-03-01,5,8,2,144535.64
2024-03-01,5,8,3,241295.37
2024-03-01,5,8,4,180364.0
2024-03-01,6,3,1,288090.29
2024-03-01,6,3,2,226012.27
2024-03-01,6,3,3,215875.34
2024-03-01,6,3,4,136870.13
2024-03-01,6,4,1,100082.76
2024-03-01,6,4,2,216528.83
2024-03-01,6,4,3,215165.25
2024-03-01,6,4,4,198847.2
2024-03-01,6,5,1,241099.84
2024-03-01,6,5,2,176969.45
2024-03-01,6,5,3,277256.73
2024-03-01,6,5,4,237571.4
2024-03-01,6,6,1,132233.67
2024-03-01,6,6,2,137798.15
2024-03-01,6,6,3,318868.25
2024-03-01,6,6,4,127237.99
2024-03-01,6,7,1,263314.57
2024-03-01,6,7,2,219092.04
2024-03-01,6,7,3,106288.52
2024-03-01,6,7,4,204275.29
2024-03-01,6,8,1,301966.25
2024-03-01,6,8,2,137951.49
2024-03-01,6,8,3,180940.4
2024-03-01,6,8,4,214300.79
2024-04-01,1,1,1,654707.54
2024-04-01,1,1,2,505310.04
2024-04-01,1,1,3,458656.85
2024-04-01,1,1,4,1270613.75
2024-04-01,1,2,1,1207769.45
2024-04-01,1,2,2,972094.42
2024-04-01,1,2,3,522207.76
2024-04-01,1,2,4,534907.88
2024-04-01,1,3,1,159132.26
2024-04-01,1,3,2,225418.39
2024-04-01,1,3,3,175303.12
2024-04-01,1,3,4,233819.97
2024-04-01,1,4,1,173940.39
2024-04-01,1,4,2,234944.19
2024-04-01,1,4,3,107778.35
2024-04-01,1,4,4,252346.5
2024-04-01,1,5,1,117602.22
2024-04-01,1,5,2,165426.12
2024-04-01,1,5,3,131224.95
2024-04-01,1,5,4,278400.19
2024-04-01,1,6,1,214667.98
2024-04-01,1,6,2,272771.4
2024-04-01,1,6,3,141745.94
2024-04-01,1,6,4,167130.28
2024-04-01,1,7,1,143339.54
2024-04-01,1,7,2,163708.05
2024-04-01,1,7,3,229054.8
2024-04-01,1,7,4,255413.05
2024-04-01,1,8,1,237042.98
2024-04-01,1,8,2,195088.17
2024-04-01,1,8,3,161944.16
2024-04-01,1,8,4,178661.36
2024-04-01,2,3,1,111237.57
2024-04-01,2,3,2,306020.16
2024-04-01,2,3,3,304487.67
2024-04-01,2,3,4,207065.66
2024-04-01,2,4,1,132596.62
2024-04-01,2,4,2,161781.59
2024-04-01,2,4,3,187617.7
2024-04-01,2,4,4,210690.61
2024-04-01,2,5,1,235873.49
2024-04-01,2,5,2,282246.63
2024-04-01,2,5,3,261873.51
2024-04-01,2,5,4,114437.12
2024-04-01,2,6,1,262723.21
2024-04-01,2,6,2,317920.17
2024-04-01,2,6,3,151801.12
2024-04-01,2,6,4,303232.53
2024-04-01,2,7,1,164534.01
2024-04-01,2,7,2,235814.72
2024-04-01,2,7,3,168282.76
2024-04-01,2,7,4,167387.11
2024-04-01,2,8,1,191166.18
2024-04-01,2,8,2,98331.97
2024-04-01,2,8,3,90646.56
2024-04-01,2,8,4,275553.59
2024-04-01,3,3,1,91541.57
2024-04-01,3,3,2,230235.43
2024-04-01,3,3,3,163732.49
2024-04-01,3,3,4,119704.25
2024-04-01,3,4,1,132400.07
2024-04-01,3,4,2,264892.0
2024-04-01,3,4,3,94956.87
2024-04-01,3,4,4,200699.52
2024-04-01,3,5,1,265731.08
2024-04-01,3,5,2,213031.05
2024-04-01,3,5,3,146856.87
2024-04-01,3,5,4,230476.46
2024-04-01,3,6,1,187575.53
2024-04-01,3,6,2,193419.3
2024-04-01,3,6,3,264272.56
2024-04-01,3,6,4,265373.73
2024-04-01,3,7,1,226889.16
2024-04-01,3,7,2,112161.96
2024-04-01,3,7,3,122172.4
2024-04-01,3,7,4,327733.9
2024-04-01,3,8,1,207784.84
2024-04-01,3,8,2,228189.44
2024-04-01,3,8,3,130452.15
2024-04-01,3,8,4,183802.48
2024-04-01,4,3,1,240297.77
2024-04-01,4,3,2,143254.57
2024-04-01,4,3,3,180467.14
2024-04-01,4,3,4,317582.09
2024-04-01,4,4,1,301088.48
2024-04-01,4,4,2,168902.43
2024-04-01,4,4,3,141961.18
2024-04-01,4,4,4,164104.57
2024-04-01,4,5,1,165956.44
2024-04-01,4,5,2,303922.5
2024-04-01,4,5,3,139036.35
2024-04-01,4,5,4,127668.66
2024-04-01,4,6,1,213953.92
2024-04-01,4,6,2,104948.51
2024-04-01,4,6,3,268963.68
2024-04-01,4,6,4,276086.28
2024-04-01,4,7,1,143622.86
2024-04-01,4,7,2,291632.51
2024-04-01,4,7,3,159180.53
2024-04-01,4,7,4,192847.09
2024-04-01,4,8,1,288616.19
2024-04-01,4,8,2,229547.54
2024-04-01,4,8,3,286826.39
2024-04-01,4,8,4,182405.58
2024-04-01,5,3,1,266715.32
2024-04-01,5,3,2,199360.43
2024-04-01,5,3,3,322299.28
2024-04-01,5,3,4,294327.05
2024-04-01,5,4,1,110863.87
2024-04-01,5,4,2,314708.65
2024-04-01,5,4,3,180461.56
2024-04-01,5,4,4,262459.71
2024-04-01,5,5,1,247755.15
2024-04-01,5,5,2,166616.66
2024-04-01,5,5,3,226730.45
2024-04-01,5,5,4,197915.13
2024-04-01,5,6,1,293743.77
2024-04-01,5,6,2,208965.75
2024-04-01,5,6,3,166665.09
2024-04-01,5,6,4,309361.65
2024-04-01,5,7,1,206560.12
2024-04-01,5,7,2,167097.14
2024-04-01,5,7,3,256498.93
2024-04-01,5,7,4,186583.33
2024-04-01,5,8,1,149672.81
2024-04-01,5,8,2,135127.47
2024-04-01,5,8,3,190355.71
2024-04-01,5,8,4,163261.74
2024-04-01,6,3,1,308973.39
2024-04-01,6,3,2,215350.68
2024-04-01,6,3,3,228411.97
2024-04-01,6,3,4,144454.0
2024-04-01,6,4,1,103341.96
2024-04-01,6,4,2,187227.7
2024-04-01,6,4,3,228341.62
2024-04-01,6,4,4,190256.08
2024-04-01,6,5,1,207543.6
2024-04-01,6,5,2,205210.07
2024-04-01,6,5,3,222903.68
2024-04-01,6,5,4,246636.94
2024-04-01,6,6,1,152125.43
2024-04-01,6,6,2,136159.16
2024-04-01,6,6,3,322129.6
2024-04-01,6,6,4,128814.17
2024-04-01,6,7,1,304844.14
2024-04-01,6,7,2,230547.38
2024-04-01,6,7,3,139465.24
2024-04-01,6,7,4,197208.38
2024-04-01,6,8,1,326756.05
2024-04-01,6,8,2,167516.2
2024-04-01,6,8,3,231129.94
2024-04-01,6,8,4,211421.58
2024-05-01,1,1,1,618138.93
2024-05-01,1,1,2,507352.97
2024-05-01,1,1,3,433539.59
2024-05-01,1,1,4,1289492.26
2024-05-01,1,2,1,1361793.06
2024-05-01,1,2,2,1258166.5
2024-05-01,1,2,3,435505.19
2024-05-01,1,2,4,614605.07
2024-05-01,1,3,1,168776.98
2024-05-01,1,3,2,204848.02
2024-05-01,1,3,3,150302.95
2024-05-01,1,3,4,179809.76
2024-05-01,1,4,1,212672.17
2024-05-01,1,4,2,235901.03
2024-05-01,1,4,3,128372.17
2024-05-01,1,4,4,254088.1
2024-05-01,1,5,1,153278.67
2024-05-01,1,5,2,182651.22
2024-05-01,1,5,3,154456.02
2024-05-01,1,5,4,261405.94
2024-05-01,1,6,1,225230.08
2024-05-01,1,6,2,290698.45
2024-05-01,1,6,3,155093.35
2024-05-01,1,6,4,190113.74
2024-05-01,1,7,1,128133.13
2024-05-01,1,7,2,173699.17
2024-05-01,1,7,3,194804.97
2024-05-01,1,7,4,240885.46
2024-05-01,1,8,1,292665.71
2024-05-01,1,8,2,214844.03
2024-05-01,1,8,3,178327.64
2024-05-01,1,8,4,218131.01
2024-05-01,2,3,1,117824.07
2024-05-01,2,3,2,330362.66
2024-05-01,2,3,3,250653.59
2024-05-01,2,3,4,184247.57
2024-05-01,2,4,1,132711.14
2024-05-01,2,4,2,191458.68
2024-05-01,2,4,3,148476.06
2024-05-01,2,4,4,210565.37
2024-05-01,2,5,1,256099.67
2024-05-01,2,5,2,235854.0
2024-05-01,2,5,3,267785.19
2024-05-01,2,5,4,128770.49
2024-05-01,2,6,1,260437.15
2024-05-01,2,6,2,265021.25
2024-05-01,2,6,3,150487.51
2024-05-01,2,6,4,291899.63
2024-05-01,2,7,1,182631.07
2024-05-01,2,7,2,205275.65
2024-05-01,2,7,3,184807.94
2024-05-01,2,7,4,148732.77
2024-05-01,2,8,1,180299.92
2024-05-01,2,8,2,125232.86
2024-05-01,2,8,3,95166.23
2024-05-01,2,8,4,220908.85
2024-05-01,3,3,1,101592.38
2024-05-01,3,3,2,265096.91
2024-05-01,3,3,3,190025.56
2024-05-01,3,3,4,154064.84
2024-05-01,3,4,1,132940.82
2024-05-01,3,4,2,242426.57
2024-05-01,3,4,3,99990.59
2024-05-01,3,4,4,188680.48
2024-05-01,3,5,1,278566.18
2024-05-01,3,5,2,237150.08
2024-05-01,3,5,3,170205.27
2024-05-01,3,5,4,218587.2
2024-05-01,3,6,1,240425.66
2024-05-01,3,6,2,203357.4
2024-05-01,3,6,3,208846.44
2024-05-01,3,6,4,223854.96
2024-05-01,3,7,1,184299.72
2024-05-01,3,7,2,109325.59
2024-05-01,3,7,3,99885.16
2024-05-01,3,7,4,307338.86
2024-05-01,3,8,1,225870.18
2024-05-01,3,8,2,210668.77
2024-05-01,3,8,3,150691.23
2024-05-01,3,8,4,231346.49
2024-05-01,4,3,1,259021.43
2024-05-01,4,3,2,162845.26
2024-05-01,4,3,3,189426.87
2024-05-01,4,3,4,325968.93
2024-05-01,4,4,1,244041.04
2024-05-01,4,4,2,158937.63
2024-05-01,4,4,3,146071.46
2024-05-01,4,4,4,145729.96
2024-05-01,4,5,1,201404.31
2024-05-01,4,5,2,320198.86
2024-05-01,4,5,3,151738.71
2024-05-01,4,5,4,138613.01
2024-05-01,4,6,1,185091.78
2024-05-01,4,6,2,102357.89
2024-05-01,4,6,3,245764.45
2024-05-01,4,6,4,346369.52
2024-05-01,4,7,1,149939.92
2024-05-01,4,7,2,267255.6
2024-05-01,4,7,3,202461.66
2024-05-01,4,7,4,229709.09
2024-05-01,4,8,1,305062.12
2024-05-01,4,8,2,230803.99
2024-05-01,4,8,3,324185.17
2024-05-01,4,8,4,194214.48
2024-05-01,5,3,1,336738.15
2024-05-01,5,3,2,244400.01
2024-05-01,5,3,3,320472.21
2024-05-01,5,3,4,258448.75
2024-05-01,5,4,1,109144.4
2024-05-01,5,4,2,266219.52
2024-05-01,5,4,3,176641.12
2024-05-01,5,4,4,347242.23
2024-05-01,5,5,1,261583.99
2024-05-01,5,5,2,162919.47
2024-05-01,5,5,3,207089.83
2024-05-01,5,5,4,206101.31
2024-05-01,5,6,1,262644.52
2024-05-01,5,6,2,168376.43
2024-05-01,5,6,3,140613.9
2024-05-01,5,6,4,271261.29
2024-05-01,5,7,1,183243.02
2024-05-01,5,7,2,165215.48
2024-05-01,5,7,3,221183.98
2024-05-01,5,7,4,171203.21
2024-05-01,5,8,1,133564.17
2024-05-01,5,8,2,130482.37
2024-05-01,5,8,3,189296.13
2024-05-01,5,8,4,180130.22
2024-05-01,6,3,1,252890.41
2024-05-01,6,3,2,196805.55
2024-05-01,6,3,3,247222.54
2024-05-01,6,3,4,149431.57
2024-05-01,6,4,1,97793.21
2024-05-01,6,4,2,194816.19
2024-05-01,6,4,3,226592.3
2024-05-01,6,4,4,165937.1
2024-05-01,6,5,1,222944.77
2024-05-01,6,5,2,200622.8
2024-05-01,6,5,3,250879.7
2024-05-01,6,5,4,261301.93
2024-05-01,6,6,1,156970.66
2024-05-01,6,6,2,145706.48
2024-05-01,6,6,3,263749.72
2024-05-01,6,6,4,118847.21
2024-05-01,6,7,1,285954.05
2024-05-01,6,7,2,214552.18
2024-05-01,6,7,3,132525.77
2024-05-01,6,7,4,171532.72
2024-05-01,6,8,1,274964.87
2024-05-01,6,8,2,176084.46
2024-05-01,6,8,3,181766.6
2024-05-01,6,8,4,238582.18
2024-06-01,1,1,1,620432.42
2024-06-01,1,1,2,466908.77
2024-06-01,1,1,3,372340.99
2024-06-01,1,1,4,1109302.2
2024-06-01,1,2,1,1356452.99
2024-06-01,1,2,2,945764.33
2024-06-01,1,2,3,425620.27
2024-06-01,1,2,4,498316.14
2024-06-01,1,3,1,139996.21
2024-06-01,1,3,2,224616.48
2024-06-01,1,3,3,157791.46
2024-06-01,1,3,4,214903.76
2024-06-01,1,4,1,203587.92
2024-06-01,1,4,2,263952.37
2024-06-01,1,4,3,96319.76
2024-06-01,1,4,4,286739.39
2024-06-01,1,5,1,140183.83
2024-06-01,1,5,2,170266.39
2024-06-01,1,5,3,155049.27
2024-06-01,1,5,4,333619.52
2024-06-01,1,6,1,207184.68
2024-06-01,1,6,2,302917.82
2024-06-01,1,6,3,136991.14
2024-06-01,1,6,4,180435.56
2024-06-01,1,7,1,172077.25
2024-06-01,1,7,2,174758.56
2024-06-01,1,7,3,248847.09
2024-06-01,1,7,4,260484.78
2024-06-01,1,8,1,305914.7
2024-06-01,1,8,2,210027.85
2024-06-01,1,8,3,152222.04
2024-06-01,1,8,4,193349.96
2024-06-01,2,3,1,104913.09
2024-06-01,2,3,2,267205.63
2024-06-01,2,3,3,251384.21
2024-06-01,2,3,4,192806.83
2024-06-01,2,4,1,110609.32
2024-06-01,2,4,2,157030.34
2024-06-01,2,4,3,187972.57
2024-06-01,2,4,4,224874.55
2024-06-01,2,5,1,263076.48
2024-06-01,2,5,2,262038.12
2024-06-01,2,5,3,311203.3
2024-06-01,2,5,4,119486.41
2024-06-01,2,6,1,222011.41
2024-06-01,2,6,2,259384.75
2024-06-01,2,6,3,145352.57
2024-06-01,2,6,4,278487.1
2024-06-01,2,7,1,167079.54
2024-06-01,2,7,2,253091.13
2024-06-01,2,7,3,154631.62
2024-06-01,2,7,4,132481.42
2024-06-01,2,8,1,224099.43
2024-06-01,2,8,2,116174.98
2024-06-01,2,8,3,94151.23
2024-06-01,2,8,4,285131.39
2024-06-01,3,3,1,119962.68
2024-06-01,3,3,2,253970.42
2024-06-01,3,3,3,182070.32
2024-06-01,3,3,4,126095.49
2024-06-01,3,4,1,123675.98
2024-06-01,3,4,2,258850.21
2024-06-01,3,4,3,106320.02
2024-06-01,3,4,4,195455.17
2024-06-01,3,5,1,269400.38
2024-06-01,3,5,2,193178.5
2024-06-01,3,5,3,171866.96
2024-06-01,3,5,4,209667.99
2024-06-01,3,6,1,240055.98
2024-06-01,3,6,2,190316.06
2024-06-01,3,6,3,244702.95
2024-06-01,3,6,4,239302.17
2024-06-01,3,7,1,207177.71
2024-06-01,3,7,2,127673.14
2024-06-01,3,7,3,125892.52
2024-06-01,3,7,4,321024.65
2024-06-01,3,8,1,236188.3
2024-06-01,3,8,2,255554.66
2024-06-01,3,8,3,152088.31
2024-06-01,3,8,4,206187.83
2024-06-01,4,3,1,207573.28
2024-06-01,4,3,2,176844.61
2024-06-01,4,3,3,205705.3
2024-06-01,4,3,4,285958.77
2024-06-01,4,4,1,235063.6
2024-06-01,4,4,2,189133.93
2024-06-01,4,4,3,127218.62
2024-06-01,4,4,4,153826.94
2024-06-01,4,5,1,169621.24
2024-06-01,4,5,2,358286.51
2024-06-01,4,5,3,132327.85
2024-06-01,4,5,4,135485.68
2024-06-01,4,6,1,224408.07
2024-06-01,4,6,2,122665.47
2024-06-01,4,6,3,252835.28
2024-06-01,4,6,4,311546.86
2024-06-01,4,7,1,173251.55
2024-06-01,4,7,2,295011.15
2024-06-01,4,7,3,181126.34
2024-06-01,4,7,4,214811.37
2024-06-01,4,8,1,336550.52
2024-06-01,4,8,2,250968.88
2024-06-01,4,8,3,309198.14
2024-06-01,4,8,4,190231.57
2024-06-01,5,3,1,273804.75
2024-06-01,5,3,2,246843.76
2024-06-01,5,3,3,330521.95
2024-06-01,5,3,4,313917.24
2024-06-01,5,4,1,95190.64
2024-06-01,5,4,2,278165.56
2024-06-01,5,4,3,182978.24
2024-06-01,5,4,4,264320.26
2024-06-01,5,5,1,300918.68
2024-06-01,5,5,2,161674.6
2024-06-01,5,5,3,258886.53
2024-06-01,5,5,4,204122.1
2024-06-01,5,6,1,291505.75
2024-06-01,5,6,2,186439.78
2024-06-01,5,6,3,158685.91
2024-06-01,5,6,4,322567.45
2024-06-01,5,7,1,182418.31
2024-06-01,5,7,2,171071.37
2024-06-01,5,7,3,267520.78
2024-06-01,5,7,4,197820.1
2024-06-01,5,8,1,138747.08
2024-06-01,5,8,2,131438.21
2024-06-01,5,8,3,213146.47
2024-06-01,5,8,4,152659.37
2024-06-01,6,3,1,251614.51
2024-06-01,6,3,2,222937.23
2024-06-01,6,3,3,245373.41
2024-06-01,6,3,4,175856.78
2024-06-01,6,4,1,107159.37
2024-06-01,6,4,2,195811.56
2024-06-01,6,4,3,222008.39
2024-06-01,6,4,4,219532.05
2024-06-01,6,5,1,209591.69
2024-06-01,6,5,2,185031.82
2024-06-01,6,5,3,241506.79
2024-06-01,6,5,4,271142.65
2024-06-01,6,6,1,144790.73
2024-06-01,6,6,2,123816.99
2024-06-01,6,6,3,247764.75
2024-06-01,6,6,4,126035.47
2024-06-01,6,7,1,355988.85
2024-06-01,6,7,2,227903.33
2024-06-01,6,7,3,126656.43
2024-06-01,6,7,4,166532.11
2024-06-01,6,8,1,270738.93
2024-06-01,6,8,2,147754.79
2024-06-01,6,8,3,229122.86
2024-06-01,6,8,4,271291.3
2024-07-01,1,1,1,659926.91
2024-07-01,1,1,2,603122.46
2024-07-01,1,1,3,497888.96
2024-07-01,1,1,4,1426933.7
2024-07-01,1,2,1,1060253.57
2024-07-01,1,2,2,997943.59
2024-07-01,1,2,3,446189.34
2024-07-01,1,2,4,594663.99
2024-07-01,1,3,1,140674.14
2024-07-01,1,3,2,241571.71
2024-07-01,1,3,3,178726.62
2024-07-01,1,3,4,215238.63
2024-07-01,1,4,1,180019.52
2024-07-01,1,4,2,223329.69
2024-07-01,1,4,3,102567.19
2024-07-01,1,4,4,289357.47
2024-07-01,1,5,1,140088.69
2024-07-01,1,5,2,204726.33
2024-07-01,1,5,3,135826.45
2024-07-01,1,5,4,292584.9
2024-07-01,1,6,1,219359.13
2024-07-01,1,6,2,292862.11
2024-07-01,1,6,3,151667.61
2024-07-01,1,6,4,161132.94
2024-07-01,1,7,1,171754.57
2024-07-01,1,7,2,163121.32
2024-07-01,1,7,3,256932.6
2024-07-01,1,7,4,244776.41
2024-07-01,1,8,1,263371.83
2024-07-01,1,8,2,227201.01
2024-07-01,1,8,3,151814.24
2024-07-01,1,8,4,195163.85
2024-07-01,2,3,1,110356.64
2024-07-01,2,3,2,285237.25
2024-07-01,2,3,3,314086.87
2024-07-01,2,3,4,225546.41
2024-07-01,2,4,1,145154.94
2024-07-01,2,4,2,167715.23
2024-07-01,2,4,3,179399.72
2024-07-01,2,4,4,197549.0
2024-07-01,2,5,1,228867.73
2024-07-01,2,5,2,251443.5
2024-07-01,2,5,3,318385.98
2024-07-01,2,5,4,130977.73
2024-07-01,2,6,1,273454.18
2024-07-01,2,6,2,294746.29
2024-07-01,2,6,3,138311.25
2024-07-01,2,6,4,314506.54
2024-07-01,2,7,1,170148.91
2024-07-01,2,7,2,218282.08
2024-07-01,2,7,3,163132.68
2024-07-01,2,7,4,138862.34
2024-07-01,2,8,1,223819.38
2024-07-01,2,8,2,113760.6
2024-07-01,2,8,3,121578.73
2024-07-01,2,8,4,231234.44
2024-07-01,3,3,1,110475.42
2024-07-01,3,3,2,231394.77
2024-07-01,3,3,3,164195.3
2024-07-01,3,3,4,117333.51
2024-07-01,3,4,1,127816.62
2024-07-01,3,4,2,285883.53
2024-07-01,3,4,3,108251.41
2024-07-01,3,4,4,194185.5
2024-07-01,3,5,1,244452.79
2024-07-01,3,5,2,221163.78
2024-07-01,3,5,3,170274.22
2024-07-01,3,5,4,208623.0
2024-07-01,3,6,1,249841.21
2024-07-01,3,6,2,227270.87
2024-07-01,3,6,3,256418.47
2024-07-01,3,6,4,235533.88
2024-07-01,3,7,1,193394.78
2024-07-01,3,7,2,137811.4
2024-07-01,3,7,3,113365.63
2024-07-01,3,7,4,274822.52
2024-07-01,3,8,1,210820.43
2024-07-01,3,8,2,245216.0
2024-07-01,3,8,3,163139.83
2024-07-01,3,8,4,222840.34
2024-07-01,4,3,1,267071.15
2024-07-01,4,3,2,149798.16
2024-07-01,4,3,3,232653.83
2024-07-01,4,3,4,291356.62
2024-07-01,4,4,1,281476.55
2024-07-01,4,4,2,145427.18
2024-07-01,4,4,3,152234.3
2024-07-01,4,4,4,137550.21
2024-07-01,4,5,1,166224.17
2024-07-01,4,5,2,313729.3
2024-07-01,4,5,3,131396.45
2024-07-01,4,5,4,134646.72
2024-07-01,4,6,1,212635.91
2024-07-01,4,6,2,106654.78
2024-07-01,4,6,3,314723.96
2024-07-01,4,6,4,300170.09
2024-07-01,4,7,1,174542.88
2024-07-01,4,7,2,264340.0
2024-07-01,4,7,3,198840.3
2024-07-01,4,7,4,222208.53
2024-07-01,4,8,1,314197.7
2024-07-01,4,8,2,268920.05
2024-07-01,4,8,3,274142.7
2024-07-01,4,8,4,169883.69
2024-07-01,5,3,1,330367.31
2024-07-01,5,3,2,245329.64
2024-07-01,5,3,3,259219.67
2024-07-01,5,3,4,286497.18
2024-07-01,5,4,1,122065.16
2024-07-01,5,4,2,331216.25
2024-07-01,5,4,3,197538.88
2024-07-01,5,4,4,314318.0
2024-07-01,5,5,1,278348.42
2024-07-01,5,5,2,159418.57
2024-07-01,5,5,3,278141.45
2024-07-01,5,5,4,177199.75
2024-07-01,5,6,1,325632.4
2024-07-01,5,6,2,193231.01
2024-07-01,5,6,3,158013.41
2024-07-01,5,6,4,338876.86
2024-07-01,5,7,1,189823.41
2024-07-01,5,7,2,188050.21
2024-07-01,5,7,3,233085.94
2024-07-01,5,7,4,210559.45
2024-07-01,5,8,1,146799.93
2024-07-01,5,8,2,133969.18
2024-07-01,5,8,3,218239.51
2024-07-01,5,8,4,153837.65
2024-07-01,6,3,1,247979.1
2024-07-01,6,3,2,223968.23
2024-07-01,6,3,3,272384.43
2024-07-01,6,3,4,163847.86
2024-07-01,6,4,1,100310.42
2024-07-01,6,4,2,213021.46
2024-07-01,6,4,3,189400.3
2024-07-01,6,4,4,215484.08
2024-07-01,6,5,1,251200.72
2024-07-01,6,5,2,189538.15
2024-07-01,6,5,3,282737.39
2024-07-01,6,5,4,241693.09
2024-07-01,6,6,1,137613.82
2024-07-01,6,6,2,120114.59
2024-07-01,6,6,3,270835.35
2024-07-01,6,6,4,134653.31
2024-07-01,6,7,1,354735.65
2024-07-01,6,7,2,200373.07
2024-07-01,6,7,3,129651.56
2024-07-01,6,7,4,201849.91
2024-07-01,6,8,1,335361.91
2024-07-01,6,8,2,164196.23
2024-07-01,6,8,3,198539.31
2024-07-01,6,8,4,255329.06
2024-08-01,1,1,1,562501.33
2024-08-01,1,1,2,607466.4
2024-08-01,1,1,3,425836.77
2024-08-01,1,1,4,1338605.91
2024-08-01,1,2,1,1052353.78
2024-08-01,1,2,2,1096279.87
2024-08-01,1,2,3,532308.29
2024-08-01,1,2,4,610436.71
2024-08-01,1,3,1,158814.98
2024-08-01,1,3,2,249825.15
2024-08-01,1,3,3,192817.9
2024-08-01,1,3,4,203099.8
2024-08-01,1,4,1,204699.58
2024-08-01,1,4,2,242714.96
2024-08-01,1,4,3,119855.08
2024-08-01,1,4,4,251045.67
2024-08-01,1,5,1,127340.97
2024-08-01,1,5,2,216939.6
2024-08-01,1,5,3,164615.64
2024-08-01,1,5,4,338852.67
2024-08-01,1,6,1,260634.41
2024-08-01,1,6,2,294388.98
2024-08-01,1,6,3,152772.09
2024-08-01,1,6,4,192388.06
2024-08-01,1,7,1,152204.93
2024-08-01,1,7,2,183378.07
2024-08-01,1,7,3,213743.71
2024-08-01,1,7,4,292938.27
2024-08-01,1,8,1,267983.09
2024-08-01,1,8,2,192655.53
2024-08-01,1,8,3,173921.39
2024-08-01,1,8,4,196787.46
2024-08-01,2,3,1,103559.89
2024-08-01,2,3,2,341312.49
2024-08-01,2,3,3,330499.76
2024-08-01,2,3,4,185432.65
2024-08-01,2,4,1,112260.65
2024-08-01,2,4,2,169127.11
2024-08-01,2,4,3,195446.36
2024-08-01,2,4,4,237639.94
2024-08-01,2,5,1,223036.02
2024-08-01,2,5,2,305779.28
2024-08-01,2,5,3,251179.84
2024-08-01,2,5,4,114522.75
2024-08-01,2,6,1,292948.35
2024-08-01,2,6,2,268664.66
2024-08-01,2,6,3,125475.94
2024-08-01,2,6,4,307377.98
2024-08-01,2,7,1,175989.48
2024-08-01,2,7,2,253942.29
2024-08-01,2,7,3,211826.13
2024-08-01,2,7,4,137518.45
2024-08-01,2,8,1,177334.74
2024-08-01,2,8,2,125526.46
2024-08-01,2,8,3,100602.78
2024-08-01,2,8,4,289592.55
2024-08-01,3,3,1,115106.9
2024-08-01,3,3,2,226213.94
2024-08-01,3,3,3,196854.8
2024-08-01,3,3,4,124492.02
2024-08-01,3,4,1,142331.7
2024-08-01,3,4,2,260519.3
2024-08-01,3,4,3,115480.61
2024-08-01,3,4,4,200462.05
2024-08-01,3,5,1,260799.28
2024-08-01,3,5,2,264091.78
2024-08-01,3,5,3,195760.25
2024-08-01,3,5,4,233544.04
2024-08-01,3,6,1,193245.09
2024-08-01,3,6,2,223731.48
2024-08-01,3,6,3,275855.83
2024-08-01,3,6,4,226924.49
2024-08-01,3,7,1,215376.01
2024-08-01,3,7,2,120735.41
2024-08-01,3,7,3,103983.02
2024-08-01,3,7,4,337272.86
2024-08-01,3,8,1,213542.0
2024-08-01,3,8,2,247052.2
2024-08-01,3,8,3,174657.25
2024-08-01,3,8,4,229360.42
2024-08-01,4,3,1,241570.75
2024-08-01,4,3,2,156653.01
2024-08-01,4,3,3,223912.17
2024-08-01,4,3,4,326776.39
2024-08-01,4,4,1,272041.53
2024-08-01,4,4,2,192911.18
2024-08-01,4,4,3,119558.36
2024-08-01,4,4,4,165517.35
2024-08-01,4,5,1,169764.53
2024-08-01,4,5,2,287369.88
2024-08-01,4,5,3,150760.88
2024-08-01,4,5,4,132056.22
2024-08-01,4,6,1,178752.25
2024-08-01,4,6,2,94566.2
2024-08-01,4,6,3,276616.17
2024-08-01,4,6,4,346779.18
2024-08-01,4,7,1,141969.34
2024-08-01,4,7,2,282316.7
2024-08-01,4,7,3,210091.88
2024-08-01,4,7,4,196099.08
2024-08-01,4,8,1,285895.71
2024-08-01,4,8,2,265052.66
2024-08-01,4,8,3,318587.16
2024-08-01,4,8,4,192089.68
2024-08-01,5,3,1,346884.95
2024-08-01,5,3,2,196945.24
2024-08-01,5,3,3,293920.66
2024-08-01,5,3,4,314584.73
2024-08-01,5,4,1,102215.44
2024-08-01,5,4,2,334593.85
2024-08-01,5,4,3,173982.62
2024-08-01,5,4,4,337920.22
2024-08-01,5,5,1,265264.74
2024-08-01,5,5,2,164279.92
2024-08-01,5,5,3,226678.79
2024-08-01,5,5,4,170041.21
2024-08-01,5,6,1,329898.92
2024-08-01,5,6,2,177924.14
2024-08-01,5,6,3,137149.32
2024-08-01,5,6,4,289749.57
2024-08-01,5,7,1,172489.42
2024-08-01,5,7,2,185562.4
2024-08-01,5,7,3,233780.66
2024-08-01,5,7,4,233511.96
2024-08-01,5,8,1,138612.04
2024-08-01,5,8,2,145470.28
2024-08-01,5,8,3,220882.49
2024-08-01,5,8,4,169306.33
2024-08-01,6,3,1,317356.42
2024-08-01,6,3,2,245978.43
2024-08-01,6,3,3,292082.61
2024-08-01,6,3,4,143130.92
2024-08-01,6,4,1,108391.37
2024-08-01,6,4,2,237455.54
2024-08-01,6,4,3,196944.11
2024-08-01,6,4,4,214901.41
2024-08-01,6,5,1,233374.64
2024-08-01,6,5,2,210224.5
2024-08-01,6,5,3,298504.27
2024-08-01,6,5,4,291831.62
2024-08-01,6,6,1,127803.75
2024-08-01,6,6,2,117608.86
2024-08-01,6,6,3,301286.62
2024-08-01,6,6,4,128618.28
2024-08-01,6,7,1,295895.91
2024-08-01,6,7,2,216663.26
2024-08-01,6,7,3,139243.1
2024-08-01,6,7,4,210972.3
2024-08-01,6,8,1,303504.21
2024-08-01,6,8,2,154929.91
2024-08-01,6,8,3,201423.97
2024-08-01,6,8,4,250020.94
2024-09-01,1,1,1,566724.74
2024-09-01,1,1,2,546825.73
2024-09-01,1,1,3,466639.52
2024-09-01,1,1,4,1113301.91
2024-09-01,1,2,1,1053948.81
2024-09-01,1,2,2,1042262.33
2024-09-01,1,2,3,540094.39
2024-09-01,1,2,4,622594.39
2024-09-01,1,3,1,146995.93
2024-09-01,1,3,2,249104.46
2024-09-01,1,3,3,174350.57
2024-09-01,1,3,4,214994.38
2024-09-01,1,4,1,230528.31
2024-09-01,1,4,2,213258.82
2024-09-01,1,4,3,106417.7
2024-09-01,1,4,4,273524.41
2024-09-01,1,5,1,126496.38
2024-09-01,1,5,2,205338.94
2024-09-01,1,5,3,134765.57
2024-09-01,1,5,4,272793.77
2024-09-01,1,6,1,209841.12
2024-09-01,1,6,2,270380.36
2024-09-01,1,6,3,128977.23
2024-09-01,1,6,4,160278.5
2024-09-01,1,7,1,171228.32
2024-09-01,1,7,2,177437.08
2024-09-01,1,7,3,224201.8
2024-09-01,1,7,4,245558.76
2024-09-01,1,8,1,276382.12
2024-09-01,1,8,2,194896.32
2024-09-01,1,8,3,176805.87
2024-09-01,1,8,4,186097.0
2024-09-01,2,3,1,127456.27
2024-09-01,2,3,2,355227.17
2024-09-01,2,3,3,264887.83
2024-09-01,2,3,4,183405.15
2024-09-01,2,4,1,117610.3
2024-09-01,2,4,2,185973.82
2024-09-01,2,4,3,160569.06
2024-09-01,2,4,4,240723.55
2024-09-01,2,5,1,271781.65
2024-09-01,2,5,2,312527.25
2024-09-01,2,5,3,288805.45
2024-09-01,2,5,4,137346.64
2024-09-01,2,6,1,222038.67
2024-09-01,2,6,2,289876.38
2024-09-01,2,6,3,133854.75
2024-09-01,2,6,4,360354.2
2024-09-01,2,7,1,175432.07
2024-09-01,2,7,2,247692.19
2024-09-01,2,7,3,168373.64
2024-09-01,2,7,4,182266.56
2024-09-01,2,8,1,200717.05
2024-09-01,2,8,2,116314.01
2024-09-01,2,8,3,124451.02
2024-09-01,2,8,4,252668.68
2024-09-01,3,3,1,107347.05
2024-09-01,3,3,2,264990.78
2024-09-01,3,3,3,160511.0
2024-09-01,3,3,4,131697.99
2024-09-01,3,4,1,133503.72
2024-09-01,3,4,2,228087.77
2024-09-01,3,4,3,129333.47
2024-09-01,3,4,4,196768.68
2024-09-01,3,5,1,241035.05
2024-09-01,3,5,2,225909.34
2024-09-01,3,5,3,168312.72
2024-09-01,3,5,4,243938.22
2024-09-01,3,6,1,250436.78
2024-09-01,3,6,2,238817.91
2024-09-01,3,6,3,235669.65
2024-09-01,3,6,4,229840.06
2024-09-01,3,7,1,216718.31
2024-09-01,3,7,2,127218.32
2024-09-01,3,7,3,119886.2
2024-09-01,3,7,4,339112.9
2024-09-01,3,8,1,229136.96
2024-09-01,3,8,2,217216.56
2024-09-01,3,8,3,152896.72
2024-09-01,3,8,4,203464.39
2024-09-01,4,3,1,219668.68
2024-09-01,4,3,2,150324.52
2024-09-01,4,3,3,224382.91
2024-09-01,4,3,4,292417.16
2024-09-01,4,4,1,251729.3
2024-09-01,4,4,2,177451.83
2024-09-01,4,4,3,145466.79
2024-09-01,4,4,4,139089.12
2024-09-01,4,5,1,214091.65
2024-09-01,4,5,2,365217.16
2024-09-01,4,5,3,155042.03
2024-09-01,4,5,4,160925.29
2024-09-01,4,6,1,180408.38
2024-09-01,4,6,2,127279.59
2024-09-01,4,6,3,275458.48
2024-09-01,4,6,4,364501.93
2024-09-01,4,7,1,170481.78
2024-09-01,4,7,2,232009.19
2024-09-01,4,7,3,166553.56
2024-09-01,4,7,4,231724.69
2024-09-01,4,8,1,328829.28
2024-09-01,4,8,2,207111.93
2024-09-01,4,8,3,314558.55
2024-09-01,4,8,4,211892.17
2024-09-01,5,3,1,319185.38
2024-09-01,5,3,2,224125.95
2024-09-01,5,3,3,260913.93
2024-09-01,5,3,4,321868.43
2024-09-01,5,4,1,105616.29
2024-09-01,5,4,2,349629.33
2024-09-01,5,4,3,168709.64
2024-09-01,5,4,4,323452.6
2024-09-01,5,5,1,251966.85
2024-09-01,5,5,2,155076.85
2024-09-01,5,5,3,270450.35
2024-09-01,5,5,4,187892.86
2024-09-01,5,6,1,313011.2
2024-09-01,5,6,2,231080.49
2024-09-01,5,6,3,180045.91
2024-09-01,5,6,4,358472.8
2024-09-01,5,7,1,174811.07
2024-09-01,5,7,2,175574.84
2024-09-01,5,7,3,270985.42
2024-09-01,5,7,4,197728.71
2024-09-01,5,8,1,138206.99
2024-09-01,5,8,2,153458.79
2024-09-01,5,8,3,225190.78
2024-09-01,5,8,4,179971.32
2024-09-01,6,3,1,329569.91
2024-09-01,6,3,2,224264.92
2024-09-01,6,3,3,259185.38
2024-09-01,6,3,4,152952.67
2024-09-01,6,4,1,116454.86
2024-09-01,6,4,2,202743.81
2024-09-01,6,4,3,230977.36
2024-09-01,6,4,4,223170.92
2024-09-01,6,5,1,216015.4
2024-09-01,6,5,2,196695.49
2024-09-01,6,5,3,305061.34
2024-09-01,6,5,4,237493.33
2024-09-01,6,6,1,151274.95
2024-09-01,6,6,2,135764.67
2024-09-01,6,6,3,311943.63
2024-09-01,6,6,4,117196.21
2024-09-01,6,7,1,338065.44
2024-09-01,6,7,2,215868.99
2024-09-01,6,7,3,135096.98
2024-09-01,6,7,4,167182.67
2024-09-01,6,8,1,297361.72
2024-09-01,6,8,2,163028.12
2024-09-01,6,8,3,199614.31
2024-09-01,6,8,4,223604.16
2024-10-01,1,1,1,549029.35
2024-10-01,1,1,2,516158.91
2024-10-01,1,1,3,393158.61
2024-10-01,1,1,4,1465117.7
2024-10-01,1,2,1,1215295.11
2024-10-01,1,2,2,1258002.47
2024-10-01,1,2,3,556779.28
2024-10-01,1,2,4,526229.74
2024-10-01,1,3,1,172037.96
2024-10-01,1,3,2,250137.93
2024-10-01,1,3,3,184715.98
2024-10-01,1,3,4,213899.17
2024-10-01,1,4,1,201520.81
2024-10-01,1,4,2,213478.44
2024-10-01,1,4,3,118656.72
2024-10-01,1,4,4,308980.35
2024-10-01,1,5,1,159838.14
2024-10-01,1,5,2,169535.06
2024-10-01,1,5,3,157959.28
2024-10-01,1,5,4,294341.68
2024-10-01,1,6,1,260266.7
2024-10-01,1,6,2,241236.43
2024-10-01,1,6,3,163033.02
2024-10-01,1,6,4,200065.5
2024-10-01,1,7,1,138061.32
2024-10-01,1,7,2,164283.76
2024-10-01,1,7,3,259853.52
2024-10-01,1,7,4,256453.92
2024-10-01,1,8,1,294461.32
2024-10-01,1,8,2,238028.95
2024-10-01,1,8,3,176212.98
2024-10-01,1,8,4,199677.72
2024-10-01,2,3,1,113312.54
2024-10-01,2,3,2,275956.62
2024-10-01,2,3,3,346537.51
2024-10-01,2,3,4,197896.9
2024-10-01,2,4,1,121679.67
2024-10-01,2,4,2,169565.93
2024-10-01,2,4,3,208249.56
2024-10-01,2,4,4,192980.81
2024-10-01,2,5,1,282940.21
2024-10-01,2,5,2,305753.7
2024-10-01,2,5,3,317852.71
2024-10-01,2,5,4,137866.3
2024-10-01,2,6,1,286239.63
2024-10-01,2,6,2,341593.43
2024-10-01,2,6,3,126664.79
2024-10-01,2,6,4,348991.46
2024-10-01,2,7,1,175437.31
2024-10-01,2,7,2,231942.05
2024-10-01,2,7,3,211152.04
2024-10-01,2,7,4,183624.6
2024-10-01,2,8,1,215111.9
2024-10-01,2,8,2,117012.26
2024-10-01,2,8,3,108616.8
2024-10-01,2,8,4,255453.24
2024-10-01,3,3,1,107136.29
2024-10-01,3,3,2,252324.09
2024-10-01,3,3,3,159902.12
2024-10-01,3,3,4,122650.78
2024-10-01,3,4,1,160857.69
2024-10-01,3,4,2,257070.76
2024-10-01,3,4,3,132808.2
2024-10-01,3,4,4,199918.73
2024-10-01,3,5,1,218612.75
2024-10-01,3,5,2,210338.68
2024-10-01,3,5,3,158127.98
2024-10-01,3,5,4,270528.15
2024-10-01,3,6,1,205159.21
2024-10-01,3,6,2,214339.88
2024-10-01,3,6,3,278025.83
2024-10-01,3,6,4,279492.21
2024-10-01,3,7,1,204427.83
2024-10-01,3,7,2,108811.18
2024-10-01,3,7,3,109678.72
2024-10-01,3,7,4,283896.36
2024-10-01,3,8,1,206733.23
2024-10-01,3,8,2,236455.37
2024-10-01,3,8,3,181821.04
2024-10-01,3,8,4,215489.78
2024-10-01,4,3,1,261935.82
2024-10-01,4,3,2,153527.49
2024-10-01,4,3,3,231393.5
2024-10-01,4,3,4,316069.39
2024-10-01,4,4,1,308208.36
2024-10-01,4,4,2,199460.36
2024-10-01,4,4,3,130138.01
2024-10-01,4,4,4,132799.24
2024-10-01,4,5,1,180602.38
2024-10-01,4,5,2,320607.03
2024-10-01,4,5,3,172363.74
2024-10-01,4,5,4,148937.25
2024-10-01,4,6,1,227391.59
2024-10-01,4,6,2,114689.09
2024-10-01,4,6,3,259938.62
2024-10-01,4,6,4,308819.94
2024-10-01,4,7,1,175802.46
2024-10-01,4,7,2,289292.99
2024-10-01,4,7,3,191287.02
2024-10-01,4,7,4,203800.91
2024-10-01,4,8,1,347435.59
2024-10-01,4,8,2,219433.4
2024-10-01,4,8,3,334620.16
2024-10-01,4,8,4,175310.75
2024-10-01,5,3,1,284496.36
2024-10-01,5,3,2,228387.74
2024-10-01,5,3,3,311015.92
2024-10-01,5,3,4,299860.64
2024-10-01,5,4,1,110163.63
2024-10-01,5,4,2,363898.31
2024-10-01,5,4,3,176284.18
2024-10-01,5,4,4,318077.79
2024-10-01,5,5,1,266706.84
2024-10-01,5,5,2,151611.14
2024-10-01,5,5,3,259190.36
2024-10-01,5,5,4,174335.07
2024-10-01,5,6,1,325389.21
2024-10-01,5,6,2,177070.31
2024-10-01,5,6,3,182565.21
2024-10-01,5,6,4,323873.01
2024-10-01,5,7,1,217845.39
2024-10-01,5,7,2,171063.38
2024-10-01,5,7,3,213230.63
2024-10-01,5,7,4,227414.38
2024-10-01,5,8,1,165491.67
2024-10-01,5,8,2,153638.48
2024-10-01,5,8,3,223601.61
2024-10-01,5,8,4,185569.29
2024-10-01,6,3,1,321644.58
2024-10-01,6,3,2,227910.72
2024-10-01,6,3,3,255378.95
2024-10-01,6,3,4,168466.74
2024-10-01,6,4,1,126724.61
2024-10-01,6,4,2,263003.53
2024-10-01,6,4,3,205883.07
2024-10-01,6,4,4,199920.09
2024-10-01,6,5,1,254918.16
2024-10-01,6,5,2,211297.08
2024-10-01,6,5,3,296446.25
2024-10-01,6,5,4,276245.45
2024-10-01,6,6,1,138792.75
2024-10-01,6,6,2,148721.9
2024-10-01,6,6,3,264886.17
2024-10-01,6,6,4,119670.39
2024-10-01,6,7,1,337151.43
2024-10-01,6,7,2,243016.1
2024-10-01,6,7,3,147248.17
2024-10-01,6,7,4,182382.8
2024-10-01,6,8,1,268145.62
2024-10-01,6,8,2,185808.37
2024-10-01,6,8,3,197502.74
2024-10-01,6,8,4,230080.58
2024-11-01,1,1,1,572925.42
2024-11-01,1,1,2,551263.03
2024-11-01,1,1,3,503198.54
2024-11-01,1,1,4,1405514.61
2024-11-01,1,2,1,1341261.05
2024-11-01,1,2,2,1048633.28
2024-11-01,1,2,3,470879.46
2024-11-01,1,2,4,603528.53
2024-11-01,1,3,1,148495.82
2024-11-01,1,3,2,211687.81
2024-11-01,1,3,3,168890.72
2024-11-01,1,3,4,195895.57
2024-11-01,1,4,1,210793.39
2024-11-01,1,4,2,265678.69
2024-11-01,1,4,3,103224.22
2024-11-01,1,4,4,270062.9
2024-11-01,1,5,1,153796.8
2024-11-01,1,5,2,213217.53
2024-11-01,1,5,3,164330.43
2024-11-01,1,5,4,310920.24
2024-11-01,1,6,1,256859.69
2024-11-01,1,6,2,259996.05
2024-11-01,1,6,3,139426.78
2024-11-01,1,6,4,165538.19
2024-11-01,1,7,1,155852.74
2024-11-01,1,7,2,184829.55
2024-11-01,1,7,3,219786.63
2024-11-01,1,7,4,310412.62
2024-11-01,1,8,1,277660.5
2024-11-01,1,8,2,199017.91
2024-11-01,1,8,3,155001.66
2024-11-01,1,8,4,204103.75
2024-11-01,2,3,1,109397.21
2024-11-01,2,3,2,307924.63
2024-11-01,2,3,3,282317.76
2024-11-01,2,3,4,228456.27
2024-11-01,2,4,1,152884.24
2024-11-01,2,4,2,182745.05
2024-11-01,2,4,3,192375.65
2024-11-01,2,4,4,246165.26
2024-11-01,2,5,1,295684.41
2024-11-01,2,5,2,300339.6
2024-11-01,2,5,3,326001.49
2024-11-01,2,5,4,136673.41
2024-11-01,2,6,1,284880.79
2024-11-01,2,6,2,300690.63
2024-11-01,2,6,3,125849.98
2024-11-01,2,6,4,276498.67
2024-11-01,2,7,1,173459.0
2024-11-01,2,7,2,230660.9
2024-11-01,2,7,3,185024.15
2024-11-01,2,7,4,165652.23
2024-11-01,2,8,1,207717.96
2024-11-01,2,8,2,130679.41
2024-11-01,2,8,3,98026.44
2024-11-01,2,8,4,244892.59
2024-11-01,3,3,1,122718.33
2024-11-01,3,3,2,290671.6
2024-11-01,3,3,3,211333.59
2024-11-01,3,3,4,157602.41
2024-11-01,3,4,1,167276.82
2024-11-01,3,4,2,249008.63
2024-11-01,3,4,3,115189.53
2024-11-01,3,4,4,181602.13
2024-11-01,3,5,1,264543.74
2024-11-01,3,5,2,267717.89
2024-11-01,3,5,3,166867.86
2024-11-01,3,5,4,242997.83
2024-11-01,3,6,1,212305.26
2024-11-01,3,6,2,193962.2
2024-11-01,3,6,3,225422.2
2024-11-01,3,6,4,214013.37
2024-11-01,3,7,1,254217.04
2024-11-01,3,7,2,123286.32
2024-11-01,3,7,3,135902.5
2024-11-01,3,7,4,347625.7
2024-11-01,3,8,1,208409.21
2024-11-01,3,8,2,211050.37
2024-11-01,3,8,3,178568.01
2024-11-01,3,8,4,199884.69
2024-11-01,4,3,1,286292.16
2024-11-01,4,3,2,151780.73
2024-11-01,4,3,3,225620.4
2024-11-01,4,3,4,337147.67
2024-11-01,4,4,1,258133.73
2024-11-01,4,4,2,165492.09
2024-11-01,4,4,3,156787.99
2024-11-01,4,4,4,141993.73
2024-11-01,4,5,1,194414.51
2024-11-01,4,5,2,323021.59
2024-11-01,4,5,3,142062.62
2024-11-01,4,5,4,168905.62
2024-11-01,4,6,1,229546.27
2024-11-01,4,6,2,110178.3
2024-11-01,4,6,3,319057.45
2024-11-01,4,6,4,301015.36
2024-11-01,4,7,1,144396.1
2024-11-01,4,7,2,283480.04
2024-11-01,4,7,3,226080.12
2024-11-01,4,7,4,192908.41
2024-11-01,4,8,1,299940.63
2024-11-01,4,8,2,247266.07
2024-11-01,4,8,3,326338.59
2024-11-01,4,8,4,171129.92
2024-11-01,5,3,1,315217.36
2024-11-01,5,3,2,247741.9
2024-11-01,5,3,3,300014.13
2024-11-01,5,3,4,273690.44
2024-11-01,5,4,1,102974.89
2024-11-01,5,4,2,311139.82
2024-11-01,5,4,3,177533.64
2024-11-01,5,4,4,358208.14
2024-11-01,5,5,1,287384.99
2024-11-01,5,5,2,185899.73
2024-11-01,5,5,3,291343.78
2024-11-01,5,5,4,186501.9
2024-11-01,5,6,1,306212.38
2024-11-01,5,6,2,232753.28
2024-11-01,5,6,3,148717.02
2024-11-01,5,6,4,352657.64
2024-11-01,5,7,1,211464.03
2024-11-01,5,7,2,152923.46
2024-11-01,5,7,3,245520.33
2024-11-01,5,7,4,190472.56
2024-11-01,5,8,1,144808.81
2024-11-01,5,8,2,141412.32
2024-11-01,5,8,3,216054.01
2024-11-01,5,8,4,195802.38
2024-11-01,6,3,1,329115.33
2024-11-01,6,3,2,241397.84
2024-11-01,6,3,3,251107.26
2024-11-01,6,3,4,151123.71
2024-11-01,6,4,1,112668.33
2024-11-01,6,4,2,207662.37
2024-11-01,6,4,3,244919.38
2024-11-01,6,4,4,200328.01
2024-11-01,6,5,1,215802.16
2024-11-01,6,5,2,235006.11
2024-11-01,6,5,3,270892.95
2024-11-01,6,5,4,242834.99
2024-11-01,6,6,1,137605.77
2024-11-01,6,6,2,145642.56
2024-11-01,6,6,3,326086.47
2024-11-01,6,6,4,121260.25
2024-11-01,6,7,1,368816.98
2024-11-01,6,7,2,252350.18
2024-11-01,6,7,3,146753.27
2024-11-01,6,7,4,181393.77
2024-11-01,6,8,1,265073.42
2024-11-01,6,8,2,183127.62
2024-11-01,6,8,3,209413.14
2024-11-01,6,8,4,264461.45
2024-12-01,1,1,1,664842.44
2024-12-01,1,1,2,489923.36
2024-12-01,1,1,3,493837.61
2024-12-01,1,1,4,1488524.46
2024-12-01,1,2,1,1361180.84
2024-12-01,1,2,2,1151739.71
2024-12-01,1,2,3,552441.53
2024-12-01,1,2,4,618035.75
2024-12-01,1,3,1,179874.92
2024-12-01,1,3,2,251227.66
2024-12-01,1,3,3,194350.09
2024-12-01,1,3,4,208398.09
2024-12-01,1,4,1,185526.95
2024-12-01,1,4,2,232733.89
2024-12-01,1,4,3,119695.66
2024-12-01,1,4,4,274503.97
2024-12-01,1,5,1,146628.68
2024-12-01,1,5,2,193955.33
2024-12-01,1,5,3,164543.45
2024-12-01,1,5,4,358196.49
2024-12-01,1,6,1,218489.05
2024-12-01,1,6,2,304671.44
2024-12-01,1,6,3,154664.48
2024-12-01,1,6,4,186287.48
2024-12-01,1,7,1,143978.62
2024-12-01,1,7,2,209823.44
2024-12-01,1,7,3,273705.55
2024-12-01,1,7,4,310618.28
2024-12-01,1,8,1,333958.3
2024-12-01,1,8,2,246821.46
2024-12-01,1,8,3,168080.55
2024-12-01,1,8,4,218510.18
2024-12-01,2,3,1,116409.48
2024-12-01,2,3,2,370621.18
2024-12-01,2,3,3,271686.77
2024-12-01,2,3,4,208048.29
2024-12-01,2,4,1,152041.38
2024-12-01,2,4,2,172566.74
2024-12-01,2,4,3,202210.09
2024-12-01,2,4,4,215887.63
2024-12-01,2,5,1,296904.7
2024-12-01,2,5,2,326811.33
2024-12-01,2,5,3,276970.33
2024-12-01,2,5,4,132814.36
2024-12-01,2,6,1,251418.08
2024-12-01,2,6,2,316819.41
2024-12-01,2,6,3,152150.15
2024-12-01,2,6,4,358705.63
2024-12-01,2,7,1,151097.93
2024-12-01,2,7,2,213581.48
2024-12-01,2,7,3,204252.54
2024-12-01,2,7,4,166929.94
2024-12-01,2,8,1,206104.65
2024-12-01,2,8,2,103790.27
2024-12-01,2,8,3,106974.22
2024-12-01,2,8,4,298822.79
2024-12-01,3,3,1,97808.98
2024-12-01,3,3,2,257346.66
2024-12-01,3,3,3,210487.51
2024-12-01,3,3,4,123761.76
2024-12-01,3,4,1,162441.68
2024-12-01,3,4,2,246743.29
2024-12-01,3,4,3,132942.74
2024-12-01,3,4,4,211495.56
2024-12-01,3,5,1,288633.26
2024-12-01,3,5,2,218380.68
2024-12-01,3,5,3,178274.59
2024-12-01,3,5,4,261282.5
2024-12-01,3,6,1,210771.55
2024-12-01,3,6,2,199697.59
2024-12-01,3,6,3,214852.79
2024-12-01,3,6,4,283225.43
2024-12-01,3,7,1,240300.97
2024-12-01,3,7,2,133351.86
2024-12-01,3,7,3,133767.87
2024-12-01,3,7,4,335843.26
2024-12-01,3,8,1,230061.19
2024-12-01,3,8,2,232368.27
2024-12-01,3,8,3,171711.54
2024-12-01,3,8,4,197588.63
2024-12-01,4,3,1,286949.65
2024-12-01,4,3,2,187759.96
2024-12-01,4,3,3,206393.12
2024-12-01,4,3,4,318214.74
2024-12-01,4,4,1,252481.66
2024-12-01,4,4,2,204382.4
2024-12-01,4,4,3,155646.07
2024-12-01,4,4,4,173685.82
2024-12-01,4,5,1,190302.75
2024-12-01,4,5,2,299670.61
2024-12-01,4,5,3,141437.56
2024-12-01,4,5,4,138054.66
2024-12-01,4,6,1,189758.83
2024-12-01,4,6,2,100551.83
2024-12-01,4,6,3,335534.79
2024-12-01,4,6,4,289890.7
2024-12-01,4,7,1,152293.55
2024-12-01,4,7,2,307574.41
2024-12-01,4,7,3,203468.33
2024-12-01,4,7,4,244532.68
2024-12-01,4,8,1,344754.94
2024-12-01,4,8,2,276552.08
2024-12-01,4,8,3,313806.32
2024-12-01,4,8,4,198276.89
2024-12-01,5,3,1,349364.99
2024-12-01,5,3,2,229069.4
2024-12-01,5,3,3,300334.68
2024-12-01,5,3,4,301657.92
2024-12-01,5,4,1,103026.52
2024-12-01,5,4,2,351384.85
2024-12-01,5,4,3,167319.96
2024-12-01,5,4,4,292179.35
2024-12-01,5,5,1,256964.28
2024-12-01,5,5,2,195663.94
2024-12-01,5,5,3,243704.64
2024-12-01,5,5,4,204099.41
2024-12-01,5,6,1,352247.85
2024-12-01,5,6,2,182001.81
2024-12-01,5,6,3,175370.34
2024-12-01,5,6,4,313702.1
2024-12-01,5,7,1,181392.46
2024-12-01,5,7,2,185433.81
2024-12-01,5,7,3,280887.78
2024-12-01,5,7,4,198188.18
2024-12-01,5,8,1,164687.16
2024-12-01,5,8,2,135167.6
2024-12-01,5,8,3,236509.26
2024-12-01,5,8,4,188099.13
2024-12-01,6,3,1,305716.75
2024-12-01,6,3,2,231588.84
2024-12-01,6,3,3,242684.09
2024-12-01,6,3,4,173079.72
2024-12-01,6,4,1,129156.46
2024-12-01,6,4,2,248204.14
2024-12-01,6,4,3,190237.74
2024-12-01,6,4,4,204947.75
2024-12-01,6,5,1,230891.39
2024-12-01,6,5,2,188170.11
2024-12-01,6,5,3,258402.38
2024-12-01,6,5,4,279712.7
2024-12-01,6,6,1,165789.45
2024-12-01,6,6,2,129945.18
2024-12-01,6,6,3,333313.41
2024-12-01,6,6,4,135822.28
2024-12-01,6,7,1,356593.96
2024-12-01,6,7,2,228488.13
2024-12-01,6,7,3,134042.27
2024-12-01,6,7,4,206487.29
2024-12-01,6,8,1,348866.54
2024-12-01,6,8,2,166036.78
2024-12-01,6,8,3,226318.97
2024-12-01,6,8,4,265557.74
2025-01-01,1,1,1,642831.91
2025-01-01,1,1,2,467597.54
2025-01-01,1,1,3,445239.83
2025-01-01,1,1,4,1272848.27
2025-01-01,1,2,1,1396272.92
2025-01-01,1,2,2,1138504.08
2025-01-01,1,2,3,478347.36
2025-01-01,1,2,4,679118.68
2025-01-01,1,3,1,160623.7
2025-01-01,1,3,2,201647.77
2025-01-01,1,3,3,160994.9
2025-01-01,1,3,4,190249.21
2025-01-01,1,4,1,173339.38
2025-01-01,1,4,2,240716.51
2025-01-01,1,4,3,125759.02
2025-01-01,1,4,4,285339.84
2025-01-01,1,5,1,119674.72
2025-01-01,1,5,2,198935.7
2025-01-01,1,5,3,132120.65
2025-01-01,1,5,4,351112.99
2025-01-01,1,6,1,207106.55
2025-01-01,1,6,2,287312.43
2025-01-01,1,6,3,135410.08
2025-01-01,1,6,4,187650.32
2025-01-01,1,7,1,150458.89
2025-01-01,1,7,2,202150.19
2025-01-01,1,7,3,215071.17
2025-01-01,1,7,4,317861.16
2025-01-01,1,8,1,288755.08
2025-01-01,1,8,2,225801.9
2025-01-01,1,8,3,189088.73
2025-01-01,1,8,4,234688.62
2025-01-01,2,3,1,104702.02
2025-01-01,2,3,2,294549.29
2025-01-01,2,3,3,278488.38
2025-01-01,2,3,4,193101.26
2025-01-01,2,4,1,136241.79
2025-01-01,2,4,2,206114.99
2025-01-01,2,4,3,207746.49
2025-01-01,2,4,4,219457.19
2025-01-01,2,5,1,263051.23
2025-01-01,2,5,2,315963.09
2025-01-01,2,5,3,323784.12
2025-01-01,2,5,4,108915.73
2025-01-01,2,6,1,259414.1
2025-01-01,2,6,2,328552.76
2025-01-01,2,6,3,132975.69
2025-01-01,2,6,4,311871.29
2025-01-01,2,7,1,196460.09
2025-01-01,2,7,2,259864.44
2025-01-01,2,7,3,209617.64
2025-01-01,2,7,4,173651.1
2025-01-01,2,8,1,186891.49
2025-01-01,2,8,2,110272.06
2025-01-01,2,8,3,110593.33
2025-01-01,2,8,4,266822.64
2025-01-01,3,3,1,110934.67
2025-01-01,3,3,2,269015.75
2025-01-01,3,3,3,175702.03
2025-01-01,3,3,4,149570.82
2025-01-01,3,4,1,139694.32
2025-01-01,3,4,2,245749.48
2025-01-01,3,4,3,103500.93
2025-01-01,3,4,4,173737.13
2025-01-01,3,5,1,278175.52
2025-01-01,3,5,2,228530.28
2025-01-01,3,5,3,157813.91
2025-01-01,3,5,4,252818.41
2025-01-01,3,6,1,225607.7
2025-01-01,3,6,2,181009.76
2025-01-01,3,6,3,230179.13
2025-01-01,3,6,4,218774.56
2025-01-01,3,7,1,230233.68
2025-01-01,3,7,2,116262.8
2025-01-01,3,7,3,105446.99
2025-01-01,3,7,4,280476.72
2025-01-01,3,8,1,230985.37
2025-01-01,3,8,2,196625.24
2025-01-01,3,8,3,177091.4
2025-01-01,3,8,4,189325.72
2025-01-01,4,3,1,258075.53
2025-01-01,4,3,2,164288.74
2025-01-01,4,3,3,206700.64
2025-01-01,4,3,4,263624.03
2025-01-01,4,4,1,300310.9
2025-01-01,4,4,2,194715.21
2025-01-01,4,4,3,115289.25
2025-01-01,4,4,4,135542.18
2025-01-01,4,5,1,218602.29
2025-01-01,4,5,2,328508.27
2025-01-01,4,5,3,134825.09
2025-01-01,4,5,4,139505.97
2025-01-01,4,6,1,218379.75
2025-01-01,4,6,2,119845.86
2025-01-01,4,6,3,293129.64
2025-01-01,4,6,4,367339.37
2025-01-01,4,7,1,166239.41
2025-01-01,4,7,2,256179.52
2025-01-01,4,7,3,191995.31
2025-01-01,4,7,4,210571.72
2025-01-01,4,8,1,296076.88
2025-01-01,4,8,2,208519.11
2025-01-01,4,8,3,280150.57
2025-01-01,4,8,4,203800.73
2025-01-01,5,3,1,273366.9
2025-01-01,5,3,2,222320.29
2025-01-01,5,3,3,319601.62
2025-01-01,5,3,4,306197.67
2025-01-01,5,4,1,120501.55
2025-01-01,5,4,2,343201.68
2025-01-01,5,4,3,186528.01
2025-01-01,5,4,4,279453.88
2025-01-01,5,5,1,268583.52
2025-01-01,5,5,2,178013.58
2025-01-01,5,5,3,230774.32
2025-01-01,5,5,4,162273.46
2025-01-01,5,6,1,283947.21
2025-01-01,5,6,2,200025.12
2025-01-01,5,6,3,153982.06
2025-01-01,5,6,4,292494.01
2025-01-01,5,7,1,211660.76
2025-01-01,5,7,2,192551.11
2025-01-01,5,7,3,221570.46
2025-01-01,5,7,4,231945.65
2025-01-01,5,8,1,134286.29
2025-01-01,5,8,2,158259.24
2025-01-01,5,8,3,257128.57
2025-01-01,5,8,4,150714.84
2025-01-01,6,3,1,310642.53
2025-01-01,6,3,2,247925.69
2025-01-01,6,3,3,297440.81
2025-01-01,6,3,4,181636.24
2025-01-01,6,4,1,121208.56
2025-01-01,6,4,2,199979.67
2025-01-01,6,4,3,234481.33
2025-01-01,6,4,4,209560.26
2025-01-01,6,5,1,238903.34
2025-01-01,6,5,2,203809.15
2025-01-01,6,5,3,280172.73
2025-01-01,6,5,4,248266.21
2025-01-01,6,6,1,161167.19
2025-01-01,6,6,2,119760.45
2025-01-01,6,6,3,315454.34
2025-01-01,6,6,4,144008.2
2025-01-01,6,7,1,319156.09
2025-01-01,6,7,2,224819.39
2025-01-01,6,7,3,123101.99
2025-01-01,6,7,4,221255.18
2025-01-01,6,8,1,321853.89
2025-01-01,6,8,2,155582.0
2025-01-01,6,8,3,197025.91
2025-01-01,6,8,4,229617.86
2025-02-01,1,1,1,599514.92
2025-02-01,1,1,2,613819.49
2025-02-01,1,1,3,479025.95
2025-02-01,1,1,4,1182283.14
2025-02-01,1,2,1,1386904.4
2025-02-01,1,2,2,1110034.72
2025-02-01,1,2,3,539233.98
2025-02-01,1,2,4,555704.63
2025-02-01,1,3,1,170533.54
2025-02-01,1,3,2,254055.41
2025-02-01,1,3,3,164789.32
2025-02-01,1,3,4,231371.71
2025-02-01,1,4,1,236031.88
2025-02-01,1,4,2,222175.32
2025-02-01,1,4,3,103012.11
2025-02-01,1,4,4,283404.2
2025-02-01,1,5,1,133846.06
2025-02-01,1,5,2,171480.53
2025-02-01,1,5,3,147780.32
2025-02-01,1,5,4,337025.85
2025-02-01,1,6,1,217386.45
2025-02-01,1,6,2,265729.89
2025-02-01,1,6,3,159249.4
2025-02-01,1,6,4,182900.58
2025-02-01,1,7,1,172118.88
2025-02-01,1,7,2,186370.99
2025-02-01,1,7,3,268428.77
2025-02-01,1,7,4,299145.81
2025-02-01,1,8,1,258020.32
2025-02-01,1,8,2,236256.14
2025-02-01,1,8,3,172288.26
2025-02-01,1,8,4,184014.68
2025-02-01,2,3,1,103284.37
2025-02-01,2,3,2,335693.54
2025-02-01,2,3,3,262751.92
2025-02-01,2,3,4,196526.56
2025-02-01,2,4,1,119771.82
2025-02-01,2,4,2,178123.83
2025-02-01,2,4,3,178219.61
2025-02-01,2,4,4,221328.74
2025-02-01,2,5,1,238183.56
2025-02-01,2,5,2,247585.07
2025-02-01,2,5,3,299362.74
2025-02-01,2,5,4,116156.99
2025-02-01,2,6,1,271578.16
2025-02-01,2,6,2,266291.05
2025-02-01,2,6,3,121912.37
2025-02-01,2,6,4,296559.62
2025-02-01,2,7,1,170935.15
2025-02-01,2,7,2,221841.39
2025-02-01,2,7,3,206289.72
2025-02-01,2,7,4,155075.29
2025-02-01,2,8,1,204659.1
2025-02-01,2,8,2,121002.64
2025-02-01,2,8,3,94337.77
2025-02-01,2,8,4,265866.75
2025-02-01,3,3,1,106652.24
2025-02-01,3,3,2,254840.57
2025-02-01,3,3,3,160596.15
2025-02-01,3,3,4,152485.33
2025-02-01,3,4,1,168217.0
2025-02-01,3,4,2,224013.29
2025-02-01,3,4,3,121277.83
2025-02-01,3,4,4,208869.43
2025-02-01,3,5,1,237811.91
2025-02-01,3,5,2,254834.0
2025-02-01,3,5,3,180453.07
2025-02-01,3,5,4,267416.53
2025-02-01,3,6,1,256589.55
2025-02-01,3,6,2,184177.0
2025-02-01,3,6,3,241971.21
2025-02-01,3,6,4,248119.76
2025-02-01,3,7,1,198605.38
2025-02-01,3,7,2,119739.46
2025-02-01,3,7,3,140407.41
2025-02-01,3,7,4,279485.35
2025-02-01,3,8,1,224467.78
2025-02-01,3,8,2,255693.66
2025-02-01,3,8,3,153365.3
2025-02-01,3,8,4,211974.18
2025-02-01,4,3,1,288804.9
2025-02-01,4,3,2,167459.77
2025-02-01,4,3,3,188890.58
2025-02-01,4,3,4,264420.3
2025-02-01,4,4,1,315214.74
2025-02-01,4,4,2,163559.21
2025-02-01,4,4,3,136626.54
2025-02-01,4,4,4,132902.29
2025-02-01,4,5,1,192416.19
2025-02-01,4,5,2,369124.41
2025-02-01,4,5,3,152257.11
2025-02-01,4,5,4,176558.51
2025-02-01,4,6,1,195235.42
2025-02-01,4,6,2,113550.92
2025-02-01,4,6,3,318493.79
2025-02-01,4,6,4,321541.28
2025-02-01,4,7,1,157074.2
2025-02-01,4,7,2,304584.39
2025-02-01,4,7,3,188799.15
2025-02-01,4,7,4,224071.1
2025-02-01,4,8,1,372591.6
2025-02-01,4,8,2,220882.55
2025-02-01,4,8,3,278438.78
2025-02-01,4,8,4,166332.26
2025-02-01,5,3,1,312252.12
2025-02-01,5,3,2,208144.84
2025-02-01,5,3,3,326141.85
2025-02-01,5,3,4,270726.52
2025-02-01,5,4,1,118273.29
2025-02-01,5,4,2,294594.28
2025-02-01,5,4,3,169448.52
2025-02-01,5,4,4,305902.3
2025-02-01,5,5,1,291090.0
2025-02-01,5,5,2,172631.94
2025-02-01,5,5,3,241843.39
2025-02-01,5,5,4,210062.0
2025-02-01,5,6,1,319468.26
2025-02-01,5,6,2,187214.67
2025-02-01,5,6,3,178805.69
2025-02-01,5,6,4,311709.52
2025-02-01,5,7,1,167872.5
2025-02-01,5,7,2,172173.94
2025-02-01,5,7,3,218077.71
2025-02-01,5,7,4,191239.28
2025-02-01,5,8,1,170319.02
2025-02-01,5,8,2,126063.73
2025-02-01,5,8,3,249752.74
2025-02-01,5,8,4,201699.77
2025-02-01,6,3,1,300096.87
2025-02-01,6,3,2,233298.29
2025-02-01,6,3,3,284964.33
2025-02-01,6,3,4,184518.29
2025-02-01,6,4,1,114866.8
2025-02-01,6,4,2,207855.41
2025-02-01,6,4,3,215567.02
2025-02-01,6,4,4,206708.34
2025-02-01,6,5,1,210723.87
2025-02-01,6,5,2,218250.04
2025-02-01,6,5,3,236627.44
2025-02-01,6,5,4,315732.97
2025-02-01,6,6,1,141130.5
2025-02-01,6,6,2,119483.39
2025-02-01,6,6,3,263032.38
2025-02-01,6,6,4,121403.97
2025-02-01,6,7,1,302985.89
2025-02-01,6,7,2,194668.37
2025-02-01,6,7,3,123034.18
2025-02-01,6,7,4,177836.4
2025-02-01,6,8,1,292760.44
2025-02-01,6,8,2,157931.73
2025-02-01,6,8,3,209858.44
2025-02-01,6,8,4,240144.4
2025-03-01,1,1,1,536740.78
2025-03-01,1,1,2,469291.63
2025-03-01,1,1,3,411622.47
2025-03-01,1,1,4,1406032.87
2025-03-01,1,2,1,1450415.94
2025-03-01,1,2,2,1313123.06
2025-03-01,1,2,3,493219.39
2025-03-01,1,2,4,614155.57
2025-03-01,1,3,1,157051.31
2025-03-01,1,3,2,246148.92
2025-03-01,1,3,3,193708.63
2025-03-01,1,3,4,243691.22
2025-03-01,1,4,1,232640.96
2025-03-01,1,4,2,245711.58
2025-03-01,1,4,3,128189.93
2025-03-01,1,4,4,296997.83
2025-03-01,1,5,1,133838.91
2025-03-01,1,5,2,224334.38
2025-03-01,1,5,3,132059.26
2025-03-01,1,5,4,363182.46
2025-03-01,1,6,1,253680.48
2025-03-01,1,6,2,247882.53
2025-03-01,1,6,3,152543.6
2025-03-01,1,6,4,157947.66
2025-03-01,1,7,1,170392.74
2025-03-01,1,7,2,208464.6
2025-03-01,1,7,3,245987.25
2025-03-01,1,7,4,319975.55
2025-03-01,1,8,1,258983.24
2025-03-01,1,8,2,199507.55
2025-03-01,1,8,3,170061.98
2025-03-01,1,8,4,179641.1
2025-03-01,2,3,1,114630.22
2025-03-01,2,3,2,298352.85
2025-03-01,2,3,3,297166.15
2025-03-01,2,3,4,207283.54
2025-03-01,2,4,1,151048.36
2025-03-01,2,4,2,170507.62
2025-03-01,2,4,3,206551.53
2025-03-01,2,4,4,217131.0
2025-03-01,2,5,1,244264.06
2025-03-01,2,5,2,291090.07
2025-03-01,2,5,3,285083.34
2025-03-01,2,5,4,113051.39
2025-03-01,2,6,1,262566.83
2025-03-01,2,6,2,272870.53
2025-03-01,2,6,3,137742.37
2025-03-01,2,6,4,330352.52
2025-03-01,2,7,1,170363.97
2025-03-01,2,7,2,253876.21
2025-03-01,2,7,3,176680.1
2025-03-01,2,7,4,185479.66
2025-03-01,2,8,1,222309.58
2025-03-01,2,8,2,135540.21
2025-03-01,2,8,3,122510.47
2025-03-01,2,8,4,238587.47
2025-03-01,3,3,1,113863.61
2025-03-01,3,3,2,237491.67
2025-03-01,3,3,3,201877.77
2025-03-01,3,3,4,145535.14
2025-03-01,3,4,1,139334.16
2025-03-01,3,4,2,298113.26
2025-03-01,3,4,3,105141.61
2025-03-01,3,4,4,199210.57
2025-03-01,3,5,1,273766.16
2025-03-01,3,5,2,205563.77
2025-03-01,3,5,3,180425.64
2025-03-01,3,5,4,261934.55
2025-03-01,3,6,1,197072.24
2025-03-01,3,6,2,216393.73
2025-03-01,3,6,3,230473.9
2025-03-01,3,6,4,259170.55
2025-03-01,3,7,1,198682.82
2025-03-01,3,7,2,143844.98
2025-03-01,3,7,3,138349.35
2025-03-01,3,7,4,299065.86
2025-03-01,3,8,1,217773.82
2025-03-01,3,8,2,240311.04
2025-03-01,3,8,3,174220.05
2025-03-01,3,8,4,211673.03
2025-03-01,4,3,1,228779.91
2025-03-01,4,3,2,150166.07
2025-03-01,4,3,3,246674.11
2025-03-01,4,3,4,304398.05
2025-03-01,4,4,1,312195.59
2025-03-01,4,4,2,176721.21
2025-03-01,4,4,3,155272.95
2025-03-01,4,4,4,134083.09
2025-03-01,4,5,1,175847.53
2025-03-01,4,5,2,372732.23
2025-03-01,4,5,3,174281.01
2025-03-01,4,5,4,147541.85
2025-03-01,4,6,1,203310.77
2025-03-01,4,6,2,112885.42
2025-03-01,4,6,3,283029.9
2025-03-01,4,6,4,299174.32
2025-03-01,4,7,1,190167.94
2025-03-01,4,7,2,257386.89
2025-03-01,4,7,3,209324.8
2025-03-01,4,7,4,195106.88
2025-03-01,4,8,1,283661.26
2025-03-01,4,8,2,257584.38
2025-03-01,4,8,3,284569.8
2025-03-01,4,8,4,204595.63
2025-03-01,5,3,1,286224.47
2025-03-01,5,3,2,262153.45
2025-03-01,5,3,3,335790.8
2025-03-01,5,3,4,336433.45
2025-03-01,5,4,1,101115.0
2025-03-01,5,4,2,302956.85
2025-03-01,5,4,3,171830.71
2025-03-01,5,4,4,327212.57
2025-03-01,5,5,1,259202.79
2025-03-01,5,5,2,152897.32
2025-03-01,5,5,3,244817.35
2025-03-01,5,5,4,177720.25
2025-03-01,5,6,1,305006.09
2025-03-01,5,6,2,188021.46
2025-03-01,5,6,3,149708.22
2025-03-01,5,6,4,342975.08
2025-03-01,5,7,1,190144.18
2025-03-01,5,7,2,166082.32
2025-03-01,5,7,3,250768.41
2025-03-01,5,7,4,226668.74
2025-03-01,5,8,1,154314.87
2025-03-01,5,8,2,146930.74
2025-03-01,5,8,3,263260.14
2025-03-01,5,8,4,181279.3
2025-03-01,6,3,1,329787.22
2025-03-01,6,3,2,241147.39
2025-03-01,6,3,3,234651.86
2025-03-01,6,3,4,158890.78
2025-03-01,6,4,1,129040.2
2025-03-01,6,4,2,267632.78
2025-03-01,6,4,3,213753.77
2025-03-01,6,4,4,181442.67
2025-03-01,6,5,1,239955.05
2025-03-01,6,5,2,189294.8
2025-03-01,6,5,3,300855.46
2025-03-01,6,5,4,283252.02
2025-03-01,6,6,1,163638.82
2025-03-01,6,6,2,155519.47
2025-03-01,6,6,3,312657.82
2025-03-01,6,6,4,137452.76
2025-03-01,6,7,1,353319.2
2025-03-01,6,7,2,252131.32
2025-03-01,6,7,3,147791.96
2025-03-01,6,7,4,170308.83
2025-03-01,6,8,1,312004.24
2025-03-01,6,8,2,151125.52
2025-03-01,6,8,3,246765.56
2025-03-01,6,8,4,267107.84
2025-04-01,1,1,1,603283.57
2025-04-01,1,1,2,500898.2
2025-04-01,1,1,3,434405.62
2025-04-01,1,1,4,1398907.04
2025-04-01,1,2,1,1163427.54
2025-04-01,1,2,2,1031692.35
2025-04-01,1,2,3,555329.82
2025-04-01,1,2,4,663004.04
2025-04-01,1,3,1,152808.11
2025-04-01,1,3,2,215375.18
2025-04-01,1,3,3,206878.19
2025-04-01,1,3,4,236974.28
2025-04-01,1,4,1,216967.46
2025-04-01,1,4,2,238498.39
2025-04-01,1,4,3,112628.57
2025-04-01,1,4,4,236719.98
2025-04-01,1,5,1,153219.22
2025-04-01,1,5,2,173186.22
2025-04-01,1,5,3,129278.01
2025-04-01,1,5,4,341373.65
2025-04-01,1,6,1,268877.24
2025-04-01,1,6,2,307039.06
2025-04-01,1,6,3,145890.83
2025-04-01,1,6,4,184629.74
2025-04-01,1,7,1,156112.79
2025-04-01,1,7,2,183006.28
2025-04-01,1,7,3,242564.69
2025-04-01,1,7,4,285837.54
2025-04-01,1,8,1,306157.54
2025-04-01,1,8,2,241778.56
2025-04-01,1,8,3,202443.8
2025-04-01,1,8,4,183691.13
2025-04-01,2,3,1,113512.98
2025-04-01,2,3,2,293061.07
2025-04-01,2,3,3,296301.7
2025-04-01,2,3,4,200474.66
2025-04-01,2,4,1,123571.14
2025-04-01,2,4,2,199569.68
2025-04-01,2,4,3,186334.0
2025-04-01,2,4,4,252443.29
2025-04-01,2,5,1,223623.62
2025-04-01,2,5,2,255566.05
2025-04-01,2,5,3,286597.0
2025-04-01,2,5,4,107618.47
2025-04-01,2,6,1,246070.19
2025-04-01,2,6,2,352549.94
2025-04-01,2,6,3,132849.62
2025-04-01,2,6,4,297507.75
2025-04-01,2,7,1,180524.4
2025-04-01,2,7,2,233519.3
2025-04-01,2,7,3,197102.86
2025-04-01,2,7,4,158091.8
2025-04-01,2,8,1,227097.56
2025-04-01,2,8,2,107016.81
2025-04-01,2,8,3,109905.08
2025-04-01,2,8,4,285271.42
2025-04-01,3,3,1,126676.31
2025-04-01,3,3,2,255757.9
2025-04-01,3,3,3,189873.23
2025-04-01,3,3,4,124814.55
2025-04-01,3,4,1,136468.88
2025-04-01,3,4,2,232198.77
2025-04-01,3,4,3,128234.77
2025-04-01,3,4,4,184832.08
2025-04-01,3,5,1,276660.51
2025-04-01,3,5,2,208120.96
2025-04-01,3,5,3,196249.53
2025-04-01,3,5,4,265925.27
2025-04-01,3,6,1,200472.49
2025-04-01,3,6,2,186609.9
2025-04-01,3,6,3,217508.26
2025-04-01,3,6,4,275986.66
2025-04-01,3,7,1,208516.3
2025-04-01,3,7,2,130277.42
2025-04-01,3,7,3,122149.69
2025-04-01,3,7,4,362966.54
2025-04-01,3,8,1,231447.87
2025-04-01,3,8,2,236497.51
2025-04-01,3,8,3,189354.27
2025-04-01,3,8,4,194661.8
2025-04-01,4,3,1,283137.99
2025-04-01,4,3,2,148933.22
2025-04-01,4,3,3,215162.94
2025-04-01,4,3,4,347664.84
2025-04-01,4,4,1,297619.9
2025-04-01,4,4,2,189370.69
2025-04-01,4,4,3,129281.15
2025-04-01,4,4,4,150731.49
2025-04-01,4,5,1,192787.82
2025-04-01,4,5,2,335557.81
2025-04-01,4,5,3,153401.57
2025-04-01,4,5,4,149564.82
2025-04-01,4,6,1,202104.89
2025-04-01,4,6,2,106998.23
2025-04-01,4,6,3,281309.0
2025-04-01,4,6,4,298100.09
2025-04-01,4,7,1,190680.43
2025-04-01,4,7,2,289281.94
2025-04-01,4,7,3,177239.55
2025-04-01,4,7,4,239589.39
2025-04-01,4,8,1,367117.98
2025-04-01,4,8,2,229064.6
2025-04-01,4,8,3,270292.56
2025-04-01,4,8,4,168296.38
2025-04-01,5,3,1,284412.69
2025-04-01,5,3,2,251596.52
2025-04-01,5,3,3,361677.21
2025-04-01,5,3,4,263591.92
2025-04-01,5,4,1,123134.06
2025-04-01,5,4,2,281839.03
2025-04-01,5,4,3,185643.57
2025-04-01,5,4,4,351880.21
2025-04-01,5,5,1,266956.45
2025-04-01,5,5,2,151744.97
2025-04-01,5,5,3,264689.21
2025-04-01,5,5,4,222278.12
2025-04-01,5,6,1,295721.11
2025-04-01,5,6,2,189396.88
2025-04-01,5,6,3,144437.24
2025-04-01,5,6,4,339161.51
2025-04-01,5,7,1,204423.0
2025-04-01,5,7,2,191288.57
2025-04-01,5,7,3,269709.02
2025-04-01,5,7,4,236552.92
2025-04-01,5,8,1,176537.43
2025-04-01,5,8,2,133613.61
2025-04-01,5,8,3,237132.01
2025-04-01,5,8,4,170804.74
2025-04-01,6,3,1,281417.66
2025-04-01,6,3,2,252794.94
2025-04-01,6,3,3,288010.69
2025-04-01,6,3,4,187276.17
2025-04-01,6,4,1,119922.43
2025-04-01,6,4,2,238471.83
2025-04-01,6,4,3,217733.92
2025-04-01,6,4,4,184129.54
2025-04-01,6,5,1,219092.11
2025-04-01,6,5,2,217051.96
2025-04-01,6,5,3,245825.86
2025-04-01,6,5,4,322309.88
2025-04-01,6,6,1,137386.99
2025-04-01,6,6,2,128568.56
2025-04-01,6,6,3,328158.87
2025-04-01,6,6,4,118035.11
2025-04-01,6,7,1,371272.37
2025-04-01,6,7,2,246516.23
2025-04-01,6,7,3,116975.95
2025-04-01,6,7,4,211256.2
2025-04-01,6,8,1,322075.25
2025-04-01,6,8,2,179683.68
2025-04-01,6,8,3,247016.05
2025-04-01,6,8,4,275145.73
2025-05-01,1,1,1,640211.07
2025-05-01,1,1,2,528251.79
2025-05-01,1,1,3,488156.28
2025-05-01,1,1,4,1513597.6
2025-05-01,1,2,1,1322897.74
2025-05-01,1,2,2,1244846.71
2025-05-01,1,2,3,492781.28
2025-05-01,1,2,4,667935.65
2025-05-01,1,3,1,194878.52
2025-05-01,1,3,2,208287.74
2025-05-01,1,3,3,166638.16
2025-05-01,1,3,4,227873.99
2025-05-01,1,4,1,210858.54
2025-05-01,1,4,2,261049.99
2025-05-01,1,4,3,104644.09
2025-05-01,1,4,4,269365.23
2025-05-01,1,5,1,148386.88
2025-05-01,1,5,2,207817.68
2025-05-01,1,5,3,160541.62
2025-05-01,1,5,4,343790.25
2025-05-01,1,6,1,249427.72
2025-05-01,1,6,2,312933.84
2025-05-01,1,6,3,154132.03
2025-05-01,1,6,4,189312.49
2025-05-01,1,7,1,165827.43
2025-05-01,1,7,2,171708.27
2025-05-01,1,7,3,226774.89
2025-05-01,1,7,4,297122.01
2025-05-01,1,8,1,333887.3
2025-05-01,1,8,2,229793.63
2025-05-01,1,8,3,156109.28
2025-05-01,1,8,4,218182.15
2025-05-01,2,3,1,108811.47
2025-05-01,2,3,2,350228.12
2025-05-01,2,3,3,343820.6
2025-05-01,2,3,4,222267.63
2025-05-01,2,4,1,142061.39
2025-05-01,2,4,2,177673.92
2025-05-01,2,4,3,185315.59
2025-05-01,2,4,4,251148.99
2025-05-01,2,5,1,280214.39
2025-05-01,2,5,2,298331.75
2025-05-01,2,5,3,286246.52
2025-05-01,2,5,4,107548.28
2025-05-01,2,6,1,238851.51
2025-05-01,2,6,2,282063.05
2025-05-01,2,6,3,141389.12
2025-05-01,2,6,4,374322.27
2025-05-01,2,7,1,178612.91
2025-05-01,2,7,2,217160.56
2025-05-01,2,7,3,171343.05
2025-05-01,2,7,4,157715.68
2025-05-01,2,8,1,228611.26
2025-05-01,2,8,2,116955.11
2025-05-01,2,8,3,122679.71
2025-05-01,2,8,4,297275.05
2025-05-01,3,3,1,101733.99
2025-05-01,3,3,2,277517.97
2025-05-01,3,3,3,213776.83
2025-05-01,3,3,4,140485.23
2025-05-01,3,4,1,132317.43
2025-05-01,3,4,2,303450.02
2025-05-01,3,4,3,135143.86
2025-05-01,3,4,4,200622.19
2025-05-01,3,5,1,265878.81
2025-05-01,3,5,2,220674.46
2025-05-01,3,5,3,195844.21
2025-05-01,3,5,4,243848.72
2025-05-01,3,6,1,198605.56
2025-05-01,3,6,2,231898.95
2025-05-01,3,6,3,287582.45
2025-05-01,3,6,4,276815.93
2025-05-01,3,7,1,213456.88
2025-05-01,3,7,2,112289.09
2025-05-01,3,7,3,142788.35
2025-05-01,3,7,4,380784.79
2025-05-01,3,8,1,236756.04
2025-05-01,3,8,2,248939.6
2025-05-01,3,8,3,164858.23
2025-05-01,3,8,4,214315.43
2025-05-01,4,3,1,230391.12
2025-05-01,4,3,2,152724.87
2025-05-01,4,3,3,201181.56
2025-05-01,4,3,4,346350.4
2025-05-01,4,4,1,255896.87
2025-05-01,4,4,2,166292.0
2025-05-01,4,4,3,142562.72
2025-05-01,4,4,4,142673.39
2025-05-01,4,5,1,182287.73
2025-05-01,4,5,2,343044.62
2025-05-01,4,5,3,150466.58
2025-05-01,4,5,4,165317.58
2025-05-01,4,6,1,243512.73
2025-05-01,4,6,2,104539.02
2025-05-01,4,6,3,332740.99
2025-05-01,4,6,4,376921.83
2025-05-01,4,7,1,190296.58
2025-05-01,4,7,2,294570.32
2025-05-01,4,7,3,208294.89
2025-05-01,4,7,4,238167.52
2025-05-01,4,8,1,354854.88
2025-05-01,4,8,2,214639.45
2025-05-01,4,8,3,346771.64
2025-05-01,4,8,4,204430.39
2025-05-01,5,3,1,360370.12
2025-05-01,5,3,2,226839.91
2025-05-01,5,3,3,272012.33
2025-05-01,5,3,4,309136.58
2025-05-01,5,4,1,115967.29
2025-05-01,5,4,2,320340.97
2025-05-01,5,4,3,173633.42
2025-05-01,5,4,4,305185.6
2025-05-01,5,5,1,283761.36
2025-05-01,5,5,2,172845.08
2025-05-01,5,5,3,296470.81
2025-05-01,5,5,4,176415.18
2025-05-01,5,6,1,304586.16
2025-05-01,5,6,2,197844.82
2025-05-01,5,6,3,166521.77
2025-05-01,5,6,4,336797.4
2025-05-01,5,7,1,209253.97
2025-05-01,5,7,2,201548.48
2025-05-01,5,7,3,236802.01
2025-05-01,5,7,4,226043.17
2025-05-01,5,8,1,140009.4
2025-05-01,5,8,2,135573.05
2025-05-01,5,8,3,232923.68
2025-05-01,5,8,4,157786.94
2025-05-01,6,3,1,310011.14
2025-05-01,6,3,2,238055.35
2025-05-01,6,3,3,296170.63
2025-05-01,6,3,4,166350.17
2025-05-01,6,4,1,128054.54
2025-05-01,6,4,2,230688.32
2025-05-01,6,4,3,190327.17
2025-05-01,6,4,4,185453.45
2025-05-01,6,5,1,251360.46
2025-05-01,6,5,2,249670.92
2025-05-01,6,5,3,243799.61
2025-05-01,6,5,4,293120.03
2025-05-01,6,6,1,168141.08
2025-05-01,6,6,2,156745.08
2025-05-01,6,6,3,311077.75
2025-05-01,6,6,4,140452.0
2025-05-01,6,7,1,354439.0
2025-05-01,6,7,2,258229.81
2025-05-01,6,7,3,120295.99
2025-05-01,6,7,4,227486.75
2025-05-01,6,8,1,268362.88
2025-05-01,6,8,2,185412.29
2025-05-01,6,8,3,198226.88
2025-05-01,6,8,4,236850.85
2025-06-01,1,1,1,536302.06
2025-06-01,1,1,2,554083.27
2025-06-01,1,1,3,442189.56
2025-06-01,1,1,4,1209249.58
2025-06-01,1,2,1,1282350.38
2025-06-01,1,2,2,1162681.6
2025-06-01,1,2,3,547801.97
2025-06-01,1,2,4,700098.36
2025-06-01,1,3,1,179028.72
2025-06-01,1,3,2,207763.2
2025-06-01,1,3,3,173393.71
2025-06-01,1,3,4,255568.41
2025-06-01,1,4,1,187668.8
2025-06-01,1,4,2,250810.23
2025-06-01,1,4,3,138397.63
2025-06-01,1,4,4,317851.24
2025-06-01,1,5,1,142280.91
2025-06-01,1,5,2,214861.39
2025-06-01,1,5,3,152771.19
2025-06-01,1,5,4,350343.11
2025-06-01,1,6,1,207621.58
2025-06-01,1,6,2,259610.01
2025-06-01,1,6,3,155138.79
2025-06-01,1,6,4,173841.28
2025-06-01,1,7,1,170335.45
2025-06-01,1,7,2,188129.99
2025-06-01,1,7,3,274170.96
2025-06-01,1,7,4,326030.33
2025-06-01,1,8,1,302522.35
2025-06-01,1,8,2,238201.82
2025-06-01,1,8,3,167352.95
2025-06-01,1,8,4,213977.29
2025-06-01,2,3,1,108985.51
2025-06-01,2,3,2,366171.0
2025-06-01,2,3,3,346711.88
2025-06-01,2,3,4,244619.74
2025-06-01,2,4,1,155409.93
2025-06-01,2,4,2,214502.1
2025-06-01,2,4,3,174665.67
2025-06-01,2,4,4,258207.72
2025-06-01,2,5,1,270809.63
2025-06-01,2,5,2,292463.81
2025-06-01,2,5,3,306343.12
2025-06-01,2,5,4,119585.65
2025-06-01,2,6,1,252940.52
2025-06-01,2,6,2,289319.12
2025-06-01,2,6,3,129796.6
2025-06-01,2,6,4,333143.05
2025-06-01,2,7,1,200997.16
2025-06-01,2,7,2,247497.23
2025-06-01,2,7,3,197430.21
2025-06-01,2,7,4,163765.06
2025-06-01,2,8,1,208587.29
2025-06-01,2,8,2,111689.98
2025-06-01,2,8,3,125591.59
2025-06-01,2,8,4,250250.26
2025-06-01,3,3,1,123846.71
2025-06-01,3,3,2,292504.65
2025-06-01,3,3,3,193965.49
2025-06-01,3,3,4,162036.02
2025-06-01,3,4,1,144710.61
2025-06-01,3,4,2,302968.2
2025-06-01,3,4,3,130780.91
2025-06-01,3,4,4,219248.55
2025-06-01,3,5,1,277341.46
2025-06-01,3,5,2,269227.69
2025-06-01,3,5,3,207127.01
2025-06-01,3,5,4,240397.77
2025-06-01,3,6,1,255066.33
2025-06-01,3,6,2,238227.92
2025-06-01,3,6,3,252162.92
2025-06-01,3,6,4,286940.46
2025-06-01,3,7,1,223631.33
2025-06-01,3,7,2,133482.3
2025-06-01,3,7,3,112285.44
2025-06-01,3,7,4,311920.18
2025-06-01,3,8,1,260926.39
2025-06-01,3,8,2,233561.37
2025-06-01,3,8,3,162983.38
2025-06-01,3,8,4,204817.1
2025-06-01,4,3,1,261923.6
2025-06-01,4,3,2,191507.29
2025-06-01,4,3,3,246999.78
2025-06-01,4,3,4,276644.9
2025-06-01,4,4,1,295559.9
2025-06-01,4,4,2,181090.28
2025-06-01,4,4,3,146728.29
2025-06-01,4,4,4,155014.48
2025-06-01,4,5,1,198500.56
2025-06-01,4,5,2,337019.81
2025-06-01,4,5,3,162063.59
2025-06-01,4,5,4,160867.92
2025-06-01,4,6,1,216968.94
2025-06-01,4,6,2,129127.86
2025-06-01,4,6,3,320896.52
2025-06-01,4,6,4,323388.99
2025-06-01,4,7,1,190630.73
2025-06-01,4,7,2,316490.5
2025-06-01,4,7,3,181881.06
2025-06-01,4,7,4,236543.13
2025-06-01,4,8,1,317072.02
2025-06-01,4,8,2,271657.49
2025-06-01,4,8,3,283684.06
2025-06-01,4,8,4,211575.67
2025-06-01,5,3,1,310858.15
2025-06-01,5,3,2,238569.76
2025-06-01,5,3,3,364980.77
2025-06-01,5,3,4,300119.08
2025-06-01,5,4,1,129999.65
2025-06-01,5,4,2,377809.44
2025-06-01,5,4,3,204867.76
2025-06-01,5,4,4,299729.4
2025-06-01,5,5,1,311390.32
2025-06-01,5,5,2,155845.28
2025-06-01,5,5,3,253940.02
2025-06-01,5,5,4,219454.28
2025-06-01,5,6,1,343512.24
2025-06-01,5,6,2,214998.57
2025-06-01,5,6,3,160383.32
2025-06-01,5,6,4,371973.81
2025-06-01,5,7,1,215265.11
2025-06-01,5,7,2,177583.81
2025-06-01,5,7,3,285633.81
2025-06-01,5,7,4,198261.79
2025-06-01,5,8,1,148543.72
2025-06-01,5,8,2,153696.62
2025-06-01,5,8,3,271416.18
2025-06-01,5,8,4,171331.87
2025-06-01,6,3,1,279615.98
2025-06-01,6,3,2,203466.93
2025-06-01,6,3,3,308526.03
2025-06-01,6,3,4,153401.48
2025-06-01,6,4,1,125495.72
2025-06-01,6,4,2,275804.4
2025-06-01,6,4,3,190211.18
2025-06-01,6,4,4,216378.02
2025-06-01,6,5,1,243395.39
2025-06-01,6,5,2,239687.67
2025-06-01,6,5,3,275472.18
2025-06-01,6,5,4,283088.1
2025-06-01,6,6,1,142143.04
2025-06-01,6,6,2,154535.6
2025-06-01,6,6,3,336333.17
2025-06-01,6,6,4,121958.46
2025-06-01,6,7,1,327104.37
2025-06-01,6,7,2,263109.21
2025-06-01,6,7,3,116538.8
2025-06-01,6,7,4,191343.96
2025-06-01,6,8,1,321072.06
2025-06-01,6,8,2,161581.01
2025-06-01,6,8,3,213564.49
2025-06-01,6,8,4,260088.52
2025-07-01,1,1,1,575305.48
2025-07-01,1,1,2,573754.37
2025-07-01,1,1,3,498871.71
2025-07-01,1,1,4,1387357.7
2025-07-01,1,2,1,1153464.26
2025-07-01,1,2,2,1334104.36
2025-07-01,1,2,3,461998.39
2025-07-01,1,2,4,682428.94
2025-07-01,1,3,1,165594.3
2025-07-01,1,3,2,256427.41
2025-07-01,1,3,3,170059.13
2025-07-01,1,3,4,207963.3
2025-07-01,1,4,1,215928.24
2025-07-01,1,4,2,223979.59
2025-07-01,1,4,3,113177.2
2025-07-01,1,4,4,301658.53
2025-07-01,1,5,1,162503.01
2025-07-01,1,5,2,180560.83
2025-07-01,1,5,3,174164.07
2025-07-01,1,5,4,358023.97
2025-07-01,1,6,1,270915.06
2025-07-01,1,6,2,310870.16
2025-07-01,1,6,3,159339.94
2025-07-01,1,6,4,192242.49
2025-07-01,1,7,1,171305.85
2025-07-01,1,7,2,223789.53
2025-07-01,1,7,3,218291.2
2025-07-01,1,7,4,283765.42
2025-07-01,1,8,1,266804.66
2025-07-01,1,8,2,251933.7
2025-07-01,1,8,3,178422.89
2025-07-01,1,8,4,227770.53
2025-07-01,2,3,1,133388.57
2025-07-01,2,3,2,382678.08
2025-07-01,2,3,3,286711.48
2025-07-01,2,3,4,240164.21
2025-07-01,2,4,1,157310.52
2025-07-01,2,4,2,164550.34
2025-07-01,2,4,3,206608.66
2025-07-01,2,4,4,220713.51
2025-07-01,2,5,1,279602.75
2025-07-01,2,5,2,303551.51
2025-07-01,2,5,3,281864.81
2025-07-01,2,5,4,112841.54
2025-07-01,2,6,1,241313.26
2025-07-01,2,6,2,278966.11
2025-07-01,2,6,3,155990.43
2025-07-01,2,6,4,321655.45
2025-07-01,2,7,1,166314.77
2025-07-01,2,7,2,254307.75
2025-07-01,2,7,3,209166.6
2025-07-01,2,7,4,170929.03
2025-07-01,2,8,1,240620.77
2025-07-01,2,8,2,119281.01
2025-07-01,2,8,3,127235.96
2025-07-01,2,8,4,242363.67
2025-07-01,3,3,1,125843.58
2025-07-01,3,3,2,314064.9
2025-07-01,3,3,3,211424.54
2025-07-01,3,3,4,151043.37
2025-07-01,3,4,1,161786.08
2025-07-01,3,4,2,262356.15
2025-07-01,3,4,3,130176.34
2025-07-01,3,4,4,219608.73
2025-07-01,3,5,1,306688.99
2025-07-01,3,5,2,245653.14
2025-07-01,3,5,3,158180.68
2025-07-01,3,5,4,255792.86
2025-07-01,3,6,1,208436.23
2025-07-01,3,6,2,206900.68
2025-07-01,3,6,3,244951.86
2025-07-01,3,6,4,274580.6
2025-07-01,3,7,1,211029.79
2025-07-01,3,7,2,118905.97
2025-07-01,3,7,3,111003.17
2025-07-01,3,7,4,381537.95
2025-07-01,3,8,1,252858.48
2025-07-01,3,8,2,209753.05
2025-07-01,3,8,3,145887.33
2025-07-01,3,8,4,227764.25
2025-07-01,4,3,1,247791.23
2025-07-01,4,3,2,182223.15
2025-07-01,4,3,3,218551.11
2025-07-01,4,3,4,361347.85
2025-07-01,4,4,1,273247.65
2025-07-01,4,4,2,194550.17
2025-07-01,4,4,3,124055.7
2025-07-01,4,4,4,180751.2
2025-07-01,4,5,1,236483.53
2025-07-01,4,5,2,367733.72
2025-07-01,4,5,3,158012.54
2025-07-01,4,5,4,148714.2
2025-07-01,4,6,1,241589.84
2025-07-01,4,6,2,127448.52
2025-07-01,4,6,3,276550.34
2025-07-01,4,6,4,337763.86
2025-07-01,4,7,1,174558.05
2025-07-01,4,7,2,317144.14
2025-07-01,4,7,3,216216.36
2025-07-01,4,7,4,243024.13
2025-07-01,4,8,1,357504.91
2025-07-01,4,8,2,238264.6
2025-07-01,4,8,3,298777.3
2025-07-01,4,8,4,175455.86
2025-07-01,5,3,1,367856.66
2025-07-01,5,3,2,235214.45
2025-07-01,5,3,3,318730.62
2025-07-01,5,3,4,290164.06
2025-07-01,5,4,1,107661.71
2025-07-01,5,4,2,341560.16
2025-07-01,5,4,3,170995.6
2025-07-01,5,4,4,292327.95
2025-07-01,5,5,1,309868.15
2025-07-01,5,5,2,176234.44
2025-07-01,5,5,3,255320.37
2025-07-01,5,5,4,195262.42
2025-07-01,5,6,1,359218.53
2025-07-01,5,6,2,203382.53
2025-07-01,5,6,3,180517.17
2025-07-01,5,6,4,388623.53
2025-07-01,5,7,1,214328.68
2025-07-01,5,7,2,177281.07
2025-07-01,5,7,3,277155.71
2025-07-01,5,7,4,215043.85
2025-07-01,5,8,1,162141.7
2025-07-01,5,8,2,149914.76
2025-07-01,5,8,3,226890.5
2025-07-01,5,8,4,164934.32
2025-07-01,6,3,1,297402.97
2025-07-01,6,3,2,204323.94
2025-07-01,6,3,3,273510.69
2025-07-01,6,3,4,171591.91
2025-07-01,6,4,1,142924.79
2025-07-01,6,4,2,208925.36
2025-07-01,6,4,3,233141.64
2025-07-01,6,4,4,212075.29
2025-07-01,6,5,1,209577.31
2025-07-01,6,5,2,204891.81
2025-07-01,6,5,3,257443.49
2025-07-01,6,5,4,268731.69
2025-07-01,6,6,1,148595.08
2025-07-01,6,6,2,141188.21
2025-07-01,6,6,3,315542.95
2025-07-01,6,6,4,117495.69
2025-07-01,6,7,1,306519.69
2025-07-01,6,7,2,208636.28
2025-07-01,6,7,3,140338.72
2025-07-01,6,7,4,195035.95
2025-07-01,6,8,1,323494.28
2025-07-01,6,8,2,157338.03
2025-07-01,6,8,3,198393.22
2025-07-01,6,8,4,300939.77
2025-08-01,1,1,1,566629.94
2025-08-01,1,1,2,509802.89
2025-08-01,1,1,3,423895.44
2025-08-01,1,1,4,1567244.82
2025-08-01,1,2,1,1373049.47
2025-08-01,1,2,2,1260962.3
2025-08-01,1,2,3,592192.05
2025-08-01,1,2,4,559374.91
2025-08-01,1,3,1,199287.57
2025-08-01,1,3,2,217418.71
2025-08-01,1,3,3,195202.39
2025-08-01,1,3,4,226150.76
2025-08-01,1,4,1,210564.83
2025-08-01,1,4,2,296951.49
2025-08-01,1,4,3,111403.58
2025-08-01,1,4,4,327877.69
2025-08-01,1,5,1,143557.52
2025-08-01,1,5,2,217789.27
2025-08-01,1,5,3,179868.42
2025-08-01,1,5,4,287753.01
2025-08-01,1,6,1,277398.26
2025-08-01,1,6,2,302197.34
2025-08-01,1,6,3,162230.04
2025-08-01,1,6,4,172335.37
2025-08-01,1,7,1,166999.37
2025-08-01,1,7,2,211115.64
2025-08-01,1,7,3,247067.71
2025-08-01,1,7,4,271817.94
2025-08-01,1,8,1,285232.29
2025-08-01,1,8,2,248224.69
2025-08-01,1,8,3,157539.6
2025-08-01,1,8,4,232115.67
2025-08-01,2,3,1,140446.61
2025-08-01,2,3,2,286945.15
2025-08-01,2,3,3,289345.12
2025-08-01,2,3,4,234063.73
2025-08-01,2,4,1,123481.41
2025-08-01,2,4,2,197275.8
2025-08-01,2,4,3,204483.02
2025-08-01,2,4,4,239108.22
2025-08-01,2,5,1,259267.52
2025-08-01,2,5,2,323188.23
2025-08-01,2,5,3,315298.49
2025-08-01,2,5,4,116684.74
2025-08-01,2,6,1,280429.32
2025-08-01,2,6,2,356256.82
2025-08-01,2,6,3,158779.55
2025-08-01,2,6,4,336962.95
2025-08-01,2,7,1,173660.74
2025-08-01,2,7,2,212577.96
2025-08-01,2,7,3,184615.46
2025-08-01,2,7,4,145529.35
2025-08-01,2,8,1,246221.12
2025-08-01,2,8,2,114311.38
2025-08-01,2,8,3,127701.68
2025-08-01,2,8,4,252515.47
2025-08-01,3,3,1,110811.2
2025-08-01,3,3,2,269730.53
2025-08-01,3,3,3,183134.35
2025-08-01,3,3,4,162237.64
2025-08-01,3,4,1,178931.72
2025-08-01,3,4,2,308213.56
2025-08-01,3,4,3,111731.75
2025-08-01,3,4,4,222067.63
2025-08-01,3,5,1,240881.29
2025-08-01,3,5,2,279354.18
2025-08-01,3,5,3,184858.35
2025-08-01,3,5,4,238668.3
2025-08-01,3,6,1,213110.82
2025-08-01,3,6,2,193046.24
2025-08-01,3,6,3,240941.97
2025-08-01,3,6,4,291400.61
2025-08-01,3,7,1,256332.61
2025-08-01,3,7,2,152206.6
2025-08-01,3,7,3,114222.53
2025-08-01,3,7,4,355933.26
2025-08-01,3,8,1,223664.11
2025-08-01,3,8,2,248797.55
2025-08-01,3,8,3,162298.75
2025-08-01,3,8,4,211259.1
2025-08-01,4,3,1,273514.1
2025-08-01,4,3,2,161772.59
2025-08-01,4,3,3,222943.93
2025-08-01,4,3,4,338298.0
2025-08-01,4,4,1,261718.71
2025-08-01,4,4,2,210444.27
2025-08-01,4,4,3,144815.0
2025-08-01,4,4,4,175891.75
2025-08-01,4,5,1,218257.65
2025-08-01,4,5,2,368181.89
2025-08-01,4,5,3,171636.55
2025-08-01,4,5,4,182325.56
2025-08-01,4,6,1,230563.94
2025-08-01,4,6,2,112139.7
2025-08-01,4,6,3,267971.66
2025-08-01,4,6,4,357043.64
2025-08-01,4,7,1,155011.58
2025-08-01,4,7,2,268952.95
2025-08-01,4,7,3,179587.76
2025-08-01,4,7,4,238664.01
2025-08-01,4,8,1,310163.4
2025-08-01,4,8,2,266853.98
2025-08-01,4,8,3,341038.49
2025-08-01,4,8,4,224862.8
2025-08-01,5,3,1,322360.94
2025-08-01,5,3,2,245862.46
2025-08-01,5,3,3,334008.05
2025-08-01,5,3,4,314548.37
2025-08-01,5,4,1,124595.85
2025-08-01,5,4,2,306714.48
2025-08-01,5,4,3,214647.26
2025-08-01,5,4,4,298535.18
2025-08-01,5,5,1,318152.27
2025-08-01,5,5,2,189958.55
2025-08-01,5,5,3,246871.48
2025-08-01,5,5,4,216083.93
2025-08-01,5,6,1,289997.62
2025-08-01,5,6,2,234824.27
2025-08-01,5,6,3,173693.54
2025-08-01,5,6,4,306114.82
2025-08-01,5,7,1,180354.39
2025-08-01,5,7,2,196446.24
2025-08-01,5,7,3,244235.55
2025-08-01,5,7,4,245525.77
2025-08-01,5,8,1,181191.0
2025-08-01,5,8,2,159119.72
2025-08-01,5,8,3,226187.86
2025-08-01,5,8,4,200761.93
2025-08-01,6,3,1,349497.72
2025-08-01,6,3,2,203998.94
2025-08-01,6,3,3,268917.66
2025-08-01,6,3,4,156746.18
2025-08-01,6,4,1,123672.64
2025-08-01,6,4,2,262791.52
2025-08-01,6,4,3,225312.71
2025-08-01,6,4,4,221426.08
2025-08-01,6,5,1,233342.6
2025-08-01,6,5,2,199561.86
2025-08-01,6,5,3,272941.3
2025-08-01,6,5,4,328442.78
2025-08-01,6,6,1,165819.81
2025-08-01,6,6,2,141492.78
2025-08-01,6,6,3,343231.84
2025-08-01,6,6,4,121259.97
2025-08-01,6,7,1,318917.45
2025-08-01,6,7,2,220429.02
2025-08-01,6,7,3,159907.15
2025-08-01,6,7,4,220347.55
2025-08-01,6,8,1,333246.35
2025-08-01,6,8,2,147550.02
2025-08-01,6,8,3,211483.7
2025-08-01,6,8,4,279166.71
2025-09-01,1,1,1,624694.39
2025-09-01,1,1,2,653182.46
2025-09-01,1,1,3,516616.21
2025-09-01,1,1,4,1360490.51
2025-09-01,1,2,1,1438833.14
2025-09-01,1,2,2,1407691.54
2025-09-01,1,2,3,515466.7
2025-09-01,1,2,4,671674.42
2025-09-01,1,3,1,198200.5
2025-09-01,1,3,2,222677.49
2025-09-01,1,3,3,212046.33
2025-09-01,1,3,4,205634.53
2025-09-01,1,4,1,230005.25
2025-09-01,1,4,2,287911.07
2025-09-01,1,4,3,129989.84
2025-09-01,1,4,4,287610.03
2025-09-01,1,5,1,155644.28
2025-09-01,1,5,2,188442.17
2025-09-01,1,5,3,145617.43
2025-09-01,1,5,4,311771.17
2025-09-01,1,6,1,255758.6
2025-09-01,1,6,2,293729.73
2025-09-01,1,6,3,142458.45
2025-09-01,1,6,4,216732.37
2025-09-01,1,7,1,160576.21
2025-09-01,1,7,2,199266.05
2025-09-01,1,7,3,245848.17
2025-09-01,1,7,4,276833.3
2025-09-01,1,8,1,333504.75
2025-09-01,1,8,2,222965.31
2025-09-01,1,8,3,158002.02
2025-09-01,1,8,4,251161.01
2025-09-01,2,3,1,134967.48
2025-09-01,2,3,2,362632.29
2025-09-01,2,3,3,361106.79
2025-09-01,2,3,4,251922.59
2025-09-01,2,4,1,136589.23
2025-09-01,2,4,2,200350.85
2025-09-01,2,4,3,201981.87
2025-09-01,2,4,4,218711.12
2025-09-01,2,5,1,249971.84
2025-09-01,2,5,2,272308.16
2025-09-01,2,5,3,324282.1
2025-09-01,2,5,4,139978.17
2025-09-01,2,6,1,299535.59
2025-09-01,2,6,2,304840.62
2025-09-01,2,6,3,139129.23
2025-09-01,2,6,4,338241.6
2025-09-01,2,7,1,187797.23
2025-09-01,2,7,2,275805.52
2025-09-01,2,7,3,224493.13
2025-09-01,2,7,4,193616.5
2025-09-01,2,8,1,239650.6
2025-09-01,2,8,2,143399.45
2025-09-01,2,8,3,116551.32
2025-09-01,2,8,4,244587.67
2025-09-01,3,3,1,104668.7
2025-09-01,3,3,2,269906.88
2025-09-01,3,3,3,180940.35
2025-09-01,3,3,4,135418.65
2025-09-01,3,4,1,180390.09
2025-09-01,3,4,2,254063.53
2025-09-01,3,4,3,143200.38
2025-09-01,3,4,4,223158.93
2025-09-01,3,5,1,283338.07
2025-09-01,3,5,2,264101.91
2025-09-01,3,5,3,176207.54
2025-09-01,3,5,4,264462.4
2025-09-01,3,6,1,217236.49
2025-09-01,3,6,2,258260.69
2025-09-01,3,6,3,247443.65
2025-09-01,3,6,4,242413.16
2025-09-01,3,7,1,252592.52
2025-09-01,3,7,2,140971.37
2025-09-01,3,7,3,129063.77
2025-09-01,3,7,4,363482.89
2025-09-01,3,8,1,218620.73
2025-09-01,3,8,2,260820.74
2025-09-01,3,8,3,161226.53
2025-09-01,3,8,4,212506.27
2025-09-01,4,3,1,242714.69
2025-09-01,4,3,2,171352.71
2025-09-01,4,3,3,215632.32
2025-09-01,4,3,4,322188.85
2025-09-01,4,4,1,269716.2
2025-09-01,4,4,2,170786.55
2025-09-01,4,4,3,147744.93
2025-09-01,4,4,4,143968.74
2025-09-01,4,5,1,222507.95
2025-09-01,4,5,2,396158.99
2025-09-01,4,5,3,159118.87
2025-09-01,4,5,4,185320.04
2025-09-01,4,6,1,197929.22
2025-09-01,4,6,2,104629.78
2025-09-01,4,6,3,327825.89
2025-09-01,4,6,4,376596.54
2025-09-01,4,7,1,198369.5
2025-09-01,4,7,2,255178.7
2025-09-01,4,7,3,226124.8
2025-09-01,4,7,4,228619.18
2025-09-01,4,8,1,328016.24
2025-09-01,4,8,2,235138.53
2025-09-01,4,8,3,363710.94
2025-09-01,4,8,4,179884.11
2025-09-01,5,3,1,378945.37
2025-09-01,5,3,2,254803.2
2025-09-01,5,3,3,354209.69
2025-09-01,5,3,4,340422.31
2025-09-01,5,4,1,133090.11
2025-09-01,5,4,2,306906.2
2025-09-01,5,4,3,161053.74
2025-09-01,5,4,4,352767.25
2025-09-01,5,5,1,279446.79
2025-09-01,5,5,2,165424.32
2025-09-01,5,5,3,244425.64
2025-09-01,5,5,4,192878.93
2025-09-01,5,6,1,291278.6
2025-09-01,5,6,2,189880.9
2025-09-01,5,6,3,192014.23
2025-09-01,5,6,4,330107.25
2025-09-01,5,7,1,238456.39
2025-09-01,5,7,2,210095.06
2025-09-01,5,7,3,234661.31
2025-09-01,5,7,4,236211.88
2025-09-01,5,8,1,174681.29
2025-09-01,5,8,2,160263.77
2025-09-01,5,8,3,214919.21
2025-09-01,5,8,4,172869.29
2025-09-01,6,3,1,271463.35
2025-09-01,6,3,2,241989.48
2025-09-01,6,3,3,328168.03
2025-09-01,6,3,4,180762.44
2025-09-01,6,4,1,137112.19
2025-09-01,6,4,2,283218.11
2025-09-01,6,4,3,241428.95
2025-09-01,6,4,4,188662.03
2025-09-01,6,5,1,276892.63
2025-09-01,6,5,2,216553.73
2025-09-01,6,5,3,252159.97
2025-09-01,6,5,4,299874.15
2025-09-01,6,6,1,183669.18
2025-09-01,6,6,2,137449.2
2025-09-01,6,6,3,317908.49
2025-09-01,6,6,4,127010.55
2025-09-01,6,7,1,301440.81
2025-09-01,6,7,2,211627.1
2025-09-01,6,7,3,150481.99
2025-09-01,6,7,4,232333.59
2025-09-01,6,8,1,290115.27
2025-09-01,6,8,2,163795.74
2025-09-01,6,8,3,214218.44
2025-09-01,6,8,4,232332.38
2025-10-01,1,1,1,664565.1
2025-10-01,1,1,2,619869.35
2025-10-01,1,1,3,504467.26
2025-10-01,1,1,4,1348255.88
2025-10-01,1,2,1,1373321.42
2025-10-01,1,2,2,1091983.55
2025-10-01,1,2,3,471808.95
2025-10-01,1,2,4,734309.44
2025-10-01,1,3,1,191656.96
2025-10-01,1,3,2,273891.94
2025-10-01,1,3,3,215742.7
2025-10-01,1,3,4,246615.49
2025-10-01,1,4,1,250788.93
2025-10-01,1,4,2,261156.26
2025-10-01,1,4,3,107945.4
2025-10-01,1,4,4,252519.2
2025-10-01,1,5,1,133966.11
2025-10-01,1,5,2,186599.24
2025-10-01,1,5,3,153527.67
2025-10-01,1,5,4,358397.64
2025-10-01,1,6,1,272636.54
2025-10-01,1,6,2,309873.54
2025-10-01,1,6,3,139197.66
2025-10-01,1,6,4,210798.24
2025-10-01,1,7,1,161096.9
2025-10-01,1,7,2,174554.5
2025-10-01,1,7,3,238246.16
2025-10-01,1,7,4,293171.24
2025-10-01,1,8,1,293408.19
2025-10-01,1,8,2,249948.65
2025-10-01,1,8,3,201081.24
2025-10-01,1,8,4,235565.79
2025-10-01,2,3,1,110954.46
2025-10-01,2,3,2,374661.52
2025-10-01,2,3,3,345559.02
2025-10-01,2,3,4,205855.44
2025-10-01,2,4,1,151357.71
2025-10-01,2,4,2,194723.85
2025-10-01,2,4,3,193816.36
2025-10-01,2,4,4,209689.11
2025-10-01,2,5,1,276757.29
2025-10-01,2,5,2,273526.33
2025-10-01,2,5,3,280894.16
2025-10-01,2,5,4,115930.6
2025-10-01,2,6,1,318555.01
2025-10-01,2,6,2,304594.93
2025-10-01,2,6,3,147346.6
2025-10-01,2,6,4,327712.75
2025-10-01,2,7,1,209242.34
2025-10-01,2,7,2,251941.75
2025-10-01,2,7,3,229280.79
2025-10-01,2,7,4,163297.86
2025-10-01,2,8,1,193580.46
2025-10-01,2,8,2,129165.73
2025-10-01,2,8,3,113352.84
2025-10-01,2,8,4,311498.72
2025-10-01,3,3,1,134460.65
2025-10-01,3,3,2,279360.43
2025-10-01,3,3,3,224779.05
2025-10-01,3,3,4,154105.32
2025-10-01,3,4,1,149255.52
2025-10-01,3,4,2,281268.58
2025-10-01,3,4,3,109389.66
2025-10-01,3,4,4,227929.94
2025-10-01,3,5,1,241555.44
2025-10-01,3,5,2,238651.84
2025-10-01,3,5,3,190979.31
2025-10-01,3,5,4,220624.02
2025-10-01,3,6,1,211452.7
2025-10-01,3,6,2,243953.5
2025-10-01,3,6,3,231412.4
2025-10-01,3,6,4,262235.28
2025-10-01,3,7,1,228142.32
2025-10-01,3,7,2,124812.25
2025-10-01,3,7,3,119848.03
2025-10-01,3,7,4,380710.97
2025-10-01,3,8,1,279038.52
2025-10-01,3,8,2,223213.7
2025-10-01,3,8,3,198842.81
2025-10-01,3,8,4,236702.22
2025-10-01,4,3,1,284172.19
2025-10-01,4,3,2,193564.41
2025-10-01,4,3,3,243271.08
2025-10-01,4,3,4,361337.22
2025-10-01,4,4,1,298595.34
2025-10-01,4,4,2,191752.9
2025-10-01,4,4,3,139485.46
2025-10-01,4,4,4,144143.19
2025-10-01,4,5,1,223021.65
2025-10-01,4,5,2,303467.46
2025-10-01,4,5,3,153146.11
2025-10-01,4,5,4,146624.34
2025-10-01,4,6,1,206058.73
2025-10-01,4,6,2,127471.47
2025-10-01,4,6,3,322215.18
2025-10-01,4,6,4,344133.92
2025-10-01,4,7,1,159206.12
2025-10-01,4,7,2,291096.41
2025-10-01,4,7,3,201405.47
2025-10-01,4,7,4,255458.14
2025-10-01,4,8,1,360150.45
2025-10-01,4,8,2,262460.79
2025-10-01,4,8,3,318283.04
2025-10-01,4,8,4,238116.15
2025-10-01,5,3,1,375065.53
2025-10-01,5,3,2,246609.28
2025-10-01,5,3,3,331857.17
2025-10-01,5,3,4,277163.41
2025-10-01,5,4,1,137381.42
2025-10-01,5,4,2,323646.67
2025-10-01,5,4,3,177176.34
2025-10-01,5,4,4,397622.39
2025-10-01,5,5,1,314318.12
2025-10-01,5,5,2,162641.23
2025-10-01,5,5,3,236537.43
2025-10-01,5,5,4,175829.42
2025-10-01,5,6,1,347573.99
2025-10-01,5,6,2,192610.52
2025-10-01,5,6,3,194689.54
2025-10-01,5,6,4,399342.85
2025-10-01,5,7,1,213152.75
2025-10-01,5,7,2,192625.38
2025-10-01,5,7,3,248717.81
2025-10-01,5,7,4,194663.12
2025-10-01,5,8,1,183314.21
2025-10-01,5,8,2,134719.47
2025-10-01,5,8,3,216121.89
2025-10-01,5,8,4,181551.92
2025-10-01,6,3,1,267934.94
2025-10-01,6,3,2,232144.72
2025-10-01,6,3,3,307023.71
2025-10-01,6,3,4,189169.01
2025-10-01,6,4,1,134225.16
2025-10-01,6,4,2,275530.34
2025-10-01,6,4,3,224823.42
2025-10-01,6,4,4,243988.87
2025-10-01,6,5,1,252228.39
2025-10-01,6,5,2,208878.74
2025-10-01,6,5,3,338777.8
2025-10-01,6,5,4,281608.03
2025-10-01,6,6,1,140589.52
2025-10-01,6,6,2,138064.02
2025-10-01,6,6,3,308806.25
2025-10-01,6,6,4,135756.11
2025-10-01,6,7,1,353373.19
2025-10-01,6,7,2,272415.68
2025-10-01,6,7,3,133333.3
2025-10-01,6,7,4,212712.94
2025-10-01,6,8,1,312164.04
2025-10-01,6,8,2,193562.36
2025-10-01,6,8,3,213529.88
2025-10-01,6,8,4,240767.89
2025-11-01,1,1,1,660674.44
2025-11-01,1,1,2,620592.75
2025-11-01,1,1,3,530687.53
2025-11-01,1,1,4,1445763.37
2025-11-01,1,2,1,1475431.76
2025-11-01,1,2,2,1214410.67
2025-11-01,1,2,3,456784.3
2025-11-01,1,2,4,580502.42
2025-11-01,1,3,1,154526.86
2025-11-01,1,3,2,232708.04
2025-11-01,1,3,3,193268.18
2025-11-01,1,3,4,227934.67
2025-11-01,1,4,1,228353.89
2025-11-01,1,4,2,268734.39
2025-11-01,1,4,3,134829.12
2025-11-01,1,4,4,308021.54
2025-11-01,1,5,1,144777.32
2025-11-01,1,5,2,204441.23
2025-11-01,1,5,3,166292.14
2025-11-01,1,5,4,350957.89
2025-11-01,1,6,1,239003.08
2025-11-01,1,6,2,288976.84
2025-11-01,1,6,3,166290.53
2025-11-01,1,6,4,206762.82
2025-11-01,1,7,1,151368.93
2025-11-01,1,7,2,202647.35
2025-11-01,1,7,3,287694.66
2025-11-01,1,7,4,268341.24
2025-11-01,1,8,1,351451.76
2025-11-01,1,8,2,207353.4
2025-11-01,1,8,3,188656.28
2025-11-01,1,8,4,219456.23
2025-11-01,2,3,1,107117.45
2025-11-01,2,3,2,389268.11
2025-11-01,2,3,3,326651.19
2025-11-01,2,3,4,259843.84
2025-11-01,2,4,1,136892.21
2025-11-01,2,4,2,219187.61
2025-11-01,2,4,3,224463.72
2025-11-01,2,4,4,243562.48
2025-11-01,2,5,1,252994.78
2025-11-01,2,5,2,331117.03
2025-11-01,2,5,3,319853.22
2025-11-01,2,5,4,149024.26
2025-11-01,2,6,1,277778.31
2025-11-01,2,6,2,305777.51
2025-11-01,2,6,3,138582.4
2025-11-01,2,6,4,370185.85
2025-11-01,2,7,1,215454.69
2025-11-01,2,7,2,214230.36
2025-11-01,2,7,3,220364.48
2025-11-01,2,7,4,197773.81
2025-11-01,2,8,1,192702.36
2025-11-01,2,8,2,113197.21
2025-11-01,2,8,3,126858.81
2025-11-01,2,8,4,301044.29
2025-11-01,3,3,1,106068.48
2025-11-01,3,3,2,312781.39
2025-11-01,3,3,3,200134.7
2025-11-01,3,3,4,171785.17
2025-11-01,3,4,1,180081.16
2025-11-01,3,4,2,311490.73
2025-11-01,3,4,3,128797.8
2025-11-01,3,4,4,195094.79
2025-11-01,3,5,1,277374.01
2025-11-01,3,5,2,224902.88
2025-11-01,3,5,3,198035.31
2025-11-01,3,5,4,229692.34
2025-11-01,3,6,1,245032.18
2025-11-01,3,6,2,201428.37
2025-11-01,3,6,3,251842.59
2025-11-01,3,6,4,245055.14
2025-11-01,3,7,1,250655.58
2025-11-01,3,7,2,148944.52
2025-11-01,3,7,3,115685.78
2025-11-01,3,7,4,393483.42
2025-11-01,3,8,1,274844.8
2025-11-01,3,8,2,240571.02
2025-11-01,3,8,3,184759.92
2025-11-01,3,8,4,225484.59
2025-11-01,4,3,1,246550.09
2025-11-01,4,3,2,185347.13
2025-11-01,4,3,3,202629.78
2025-11-01,4,3,4,370507.71
2025-11-01,4,4,1,341383.79
2025-11-01,4,4,2,210080.51
2025-11-01,4,4,3,151407.87
2025-11-01,4,4,4,167857.31
2025-11-01,4,5,1,245655.15
2025-11-01,4,5,2,329142.56
2025-11-01,4,5,3,144624.43
2025-11-01,4,5,4,171609.32
2025-11-01,4,6,1,217442.74
2025-11-01,4,6,2,116918.52
2025-11-01,4,6,3,266803.37
2025-11-01,4,6,4,365985.87
2025-11-01,4,7,1,170221.63
2025-11-01,4,7,2,271688.42
2025-11-01,4,7,3,183329.48
2025-11-01,4,7,4,231969.5
2025-11-01,4,8,1,395401.79
2025-11-01,4,8,2,252529.41
2025-11-01,4,8,3,339785.81
2025-11-01,4,8,4,227035.45
2025-11-01,5,3,1,333355.86
2025-11-01,5,3,2,273133.43
2025-11-01,5,3,3,356401.51
2025-11-01,5,3,4,331813.51
2025-11-01,5,4,1,104071.09
2025-11-01,5,4,2,297183.43
2025-11-01,5,4,3,221338.12
2025-11-01,5,4,4,378538.31
2025-11-01,5,5,1,336747.74
2025-11-01,5,5,2,212845.19
2025-11-01,5,5,3,235290.61
2025-11-01,5,5,4,225008.17
2025-11-01,5,6,1,335592.46
2025-11-01,5,6,2,242421.23
2025-11-01,5,6,3,148139.58
2025-11-01,5,6,4,333665.27
2025-11-01,5,7,1,228174.32
2025-11-01,5,7,2,204331.01
2025-11-01,5,7,3,277328.18
2025-11-01,5,7,4,212537.81
2025-11-01,5,8,1,162868.87
2025-11-01,5,8,2,176021.42
2025-11-01,5,8,3,244530.35
2025-11-01,5,8,4,191135.89
2025-11-01,6,3,1,321688.44
2025-11-01,6,3,2,232515.42
2025-11-01,6,3,3,296277.05
2025-11-01,6,3,4,171522.8
2025-11-01,6,4,1,144220.33
2025-11-01,6,4,2,282755.92
2025-11-01,6,4,3,263694.41
2025-11-01,6,4,4,227204.01
2025-11-01,6,5,1,249639.92
2025-11-01,6,5,2,244052.23
2025-11-01,6,5,3,332308.29
2025-11-01,6,5,4,310524.41
2025-11-01,6,6,1,175309.72
2025-11-01,6,6,2,162298.21
2025-11-01,6,6,3,341800.59
2025-11-01,6,6,4,153984.75
2025-11-01,6,7,1,323054.02
2025-11-01,6,7,2,246453.91
2025-11-01,6,7,3,147296.0
2025-11-01,6,7,4,181493.42
2025-11-01,6,8,1,366233.3
2025-11-01,6,8,2,184021.78
2025-11-01,6,8,3,213438.02
2025-11-01,6,8,4,301953.42
2025-12-01,1,1,1,709455.37
2025-12-01,1,1,2,641672.67
2025-12-01,1,1,3,475969.88
2025-12-01,1,1,4,1571672.91
2025-12-01,1,2,1,1340330.17
2025-12-01,1,2,2,1292989.87
2025-12-01,1,2,3,455754.46
2025-12-01,1,2,4,690798.21
2025-12-01,1,3,1,192820.99
2025-12-01,1,3,2,252509.22
2025-12-01,1,3,3,195087.71
2025-12-01,1,3,4,262717.41
2025-12-01,1,4,1,238629.69
2025-12-01,1,4,2,254604.13
2025-12-01,1,4,3,146948.07
2025-12-01,1,4,4,314400.77
2025-12-01,1,5,1,177147.75
2025-12-01,1,5,2,246854.93
2025-12-01,1,5,3,184187.34
2025-12-01,1,5,4,370560.04
2025-12-01,1,6,1,263755.53
2025-12-01,1,6,2,277026.97
2025-12-01,1,6,3,160633.56
2025-12-01,1,6,4,215713.57
2025-12-01,1,7,1,172597.55
2025-12-01,1,7,2,231168.7
2025-12-01,1,7,3,229299.62
2025-12-01,1,7,4,303300.62
2025-12-01,1,8,1,321071.46
2025-12-01,1,8,2,228032.27
2025-12-01,1,8,3,167652.59
2025-12-01,1,8,4,203042.18
2025-12-01,2,3,1,139547.33
2025-12-01,2,3,2,347643.69
2025-12-01,2,3,3,288902.28
2025-12-01,2,3,4,197286.13
2025-12-01,2,4,1,146403.93
2025-12-01,2,4,2,179217.48
2025-12-01,2,4,3,213401.33
2025-12-01,2,4,4,263066.55
2025-12-01,2,5,1,257449.0
2025-12-01,2,5,2,325289.15
2025-12-01,2,5,3,285112.17
2025-12-01,2,5,4,124865.93
2025-12-01,2,6,1,318805.93
2025-12-01,2,6,2,335971.15
2025-12-01,2,6,3,175023.81
2025-12-01,2,6,4,323484.5
2025-12-01,2,7,1,180634.69
2025-12-01,2,7,2,249613.6
2025-12-01,2,7,3,206167.33
2025-12-01,2,7,4,203325.02
2025-12-01,2,8,1,197106.36
2025-12-01,2,8,2,143012.56
2025-12-01,2,8,3,134247.84
2025-12-01,2,8,4,295511.8
2025-12-01,3,3,1,117182.57
2025-12-01,3,3,2,288500.95
2025-12-01,3,3,3,188058.99
2025-12-01,3,3,4,168337.66
2025-12-01,3,4,1,163126.37
2025-12-01,3,4,2,324093.48
2025-12-01,3,4,3,134112.82
2025-12-01,3,4,4,213626.44
2025-12-01,3,5,1,297086.23
2025-12-01,3,5,2,258127.72
2025-12-01,3,5,3,213893.23
2025-12-01,3,5,4,235722.64
2025-12-01,3,6,1,281428.44
2025-12-01,3,6,2,256599.9
2025-12-01,3,6,3,299657.51
2025-12-01,3,6,4,267516.84
2025-12-01,3,7,1,268840.41
2025-12-01,3,7,2,130369.6
2025-12-01,3,7,3,145194.35
2025-12-01,3,7,4,320546.92
2025-12-01,3,8,1,235771.86
2025-12-01,3,8,2,250667.28
2025-12-01,3,8,3,168465.55
2025-12-01,3,8,4,226437.83
2025-12-01,4,3,1,304246.63
2025-12-01,4,3,2,171901.15
2025-12-01,4,3,3,250617.46
2025-12-01,4,3,4,292815.56
2025-12-01,4,4,1,329951.84
2025-12-01,4,4,2,210274.09
2025-12-01,4,4,3,145548.38
2025-12-01,4,4,4,177619.31
2025-12-01,4,5,1,243377.95
2025-12-01,4,5,2,391723.81
2025-12-01,4,5,3,161715.45
2025-12-01,4,5,4,169205.06
2025-12-01,4,6,1,250684.7
2025-12-01,4,6,2,116869.36
2025-12-01,4,6,3,344753.23
2025-12-01,4,6,4,340435.36
2025-12-01,4,7,1,201824.12
2025-12-01,4,7,2,264987.78
2025-12-01,4,7,3,185251.38
2025-12-01,4,7,4,280438.29
2025-12-01,4,8,1,397974.04
2025-12-01,4,8,2,298730.3
2025-12-01,4,8,3,369447.0
2025-12-01,4,8,4,208790.52
2025-12-01,5,3,1,331995.61
2025-12-01,5,3,2,223462.69
2025-12-01,5,3,3,340189.35
2025-12-01,5,3,4,301353.28
2025-12-01,5,4,1,139644.36
2025-12-01,5,4,2,296634.98
2025-12-01,5,4,3,173842.62
2025-12-01,5,4,4,325372.99
2025-12-01,5,5,1,273250.44
2025-12-01,5,5,2,175883.41
2025-12-01,5,5,3,290310.9
2025-12-01,5,5,4,197971.29
2025-12-01,5,6,1,355539.87
2025-12-01,5,6,2,251424.52
2025-12-01,5,6,3,180848.46
2025-12-01,5,6,4,380527.04
2025-12-01,5,7,1,205466.73
2025-12-01,5,7,2,170181.17
2025-12-01,5,7,3,255606.57
2025-12-01,5,7,4,259834.52
2025-12-01,5,8,1,180631.75
2025-12-01,5,8,2,145405.01
2025-12-01,5,8,3,247635.77
2025-12-01,5,8,4,215708.6
2025-12-01,6,3,1,335745.41
2025-12-01,6,3,2,245565.4
2025-12-01,6,3,3,328328.11
2025-12-01,6,3,4,185807.73
2025-12-01,6,4,1,138215.77
2025-12-01,6,4,2,230486.95
2025-12-01,6,4,3,207740.58
2025-12-01,6,4,4,256318.28
2025-12-01,6,5,1,263961.54
2025-12-01,6,5,2,226118.87
2025-12-01,6,5,3,312560.65
2025-12-01,6,5,4,267108.91
2025-12-01,6,6,1,183018.98
2025-12-01,6,6,2,139407.6
2025-12-01,6,6,3,357501.64
2025-12-01,6,6,4,146192.33
2025-12-01,6,7,1,333270.17
2025-12-01,6,7,2,213748.39
2025-12-01,6,7,3,158520.51
2025-12-01,6,7,4,194379.54
2025-12-01,6,8,1,289008.96
2025-12-01,6,8,2,193560.33
2025-12-01,6,8,3,231438.82
2025-12-01,6,8,4,269047.96
2026-01-01,1,1,1,595617.55
2026-01-01,1,1,2,638343.95
2026-01-01,1,1,3,447040.32
2026-01-01,1,1,4,1029266.95
2026-01-01,1,2,1,1255102.67
2026-01-01,1,2,2,1116111.96
2026-01-01,1,2,3,490335.01
2026-01-01,1,2,4,560447.28
2026-01-01,1,3,1,157178.95
2026-01-01,1,3,2,233554.37
2026-01-01,1,3,3,210480.84
2026-01-01,1,3,4,201697.45
2026-01-01,1,4,1,200114.14
2026-01-01,1,4,2,296269.09
2026-01-01,1,4,3,139602.72
2026-01-01,1,4,4,301834.86
2026-01-01,1,5,1,137884.51
2026-01-01,1,5,2,204243.36
2026-01-01,1,5,3,144611.82
2026-01-01,1,5,4,295941.38
2026-01-01,1,6,1,238210.72
2026-01-01,1,6,2,304062.41
2026-01-01,1,6,3,146991.46
2026-01-01,1,6,4,199767.55
2026-01-01,1,7,1,155827.95
2026-01-01,1,7,2,192118.72
2026-01-01,1,7,3,273221.54
2026-01-01,1,7,4,338897.59
2026-01-01,1,8,1,293567.34
2026-01-01,1,8,2,230056.57
2026-01-01,1,8,3,171577.31
2026-01-01,1,8,4,189880.01
2026-01-01,2,3,1,131361.24
2026-01-01,2,3,2,304617.47
2026-01-01,2,3,3,316118.79
2026-01-01,2,3,4,222421.78
2026-01-01,2,4,1,129284.39
2026-01-01,2,4,2,169377.72
2026-01-01,2,4,3,185654.35
2026-01-01,2,4,4,265563.22
2026-01-01,2,5,1,280592.51
2026-01-01,2,5,2,295394.14
2026-01-01,2,5,3,265216.2
2026-01-01,2,5,4,132252.18
2026-01-01,2,6,1,242471.03
2026-01-01,2,6,2,324947.63
2026-01-01,2,6,3,163260.02
2026-01-01,2,6,4,333312.54
2026-01-01,2,7,1,173096.83
2026-01-01,2,7,2,210572.96
2026-01-01,2,7,3,172081.66
2026-01-01,2,7,4,167593.44
2026-01-01,2,8,1,240476.17
2026-01-01,2,8,2,115556.97
2026-01-01,2,8,3,119726.14
2026-01-01,2,8,4,297017.6
2026-01-01,3,3,1,103283.15
2026-01-01,3,3,2,248676.58
2026-01-01,3,3,3,184231.65
2026-01-01,3,3,4,157103.92
2026-01-01,3,4,1,155039.78
2026-01-01,3,4,2,297616.08
2026-01-01,3,4,3,138968.29
2026-01-01,3,4,4,221782.16
2026-01-01,3,5,1,310275.91
2026-01-01,3,5,2,268516.19
2026-01-01,3,5,3,204072.99
2026-01-01,3,5,4,277065.18
2026-01-01,3,6,1,254930.31
2026-01-01,3,6,2,247587.3
2026-01-01,3,6,3,295763.45
2026-01-01,3,6,4,258257.38
2026-01-01,3,7,1,246041.68
2026-01-01,3,7,2,134512.91
2026-01-01,3,7,3,143976.41
2026-01-01,3,7,4,340514.69
2026-01-01,3,8,1,265385.45
2026-01-01,3,8,2,268711.86
2026-01-01,3,8,3,196051.43
2026-01-01,3,8,4,209713.09
2026-01-01,4,3,1,285496.41
2026-01-01,4,3,2,193265.92
2026-01-01,4,3,3,255449.04
2026-01-01,4,3,4,364546.19
2026-01-01,4,4,1,302221.54
2026-01-01,4,4,2,191521.37
2026-01-01,4,4,3,130632.63
2026-01-01,4,4,4,184074.42
2026-01-01,4,5,1,194028.21
2026-01-01,4,5,2,371120.72
2026-01-01,4,5,3,176156.93
2026-01-01,4,5,4,161606.57
2026-01-01,4,6,1,204422.22
2026-01-01,4,6,2,109337.63
2026-01-01,4,6,3,338420.59
2026-01-01,4,6,4,348452.66
2026-01-01,4,7,1,156878.09
2026-01-01,4,7,2,311749.58
2026-01-01,4,7,3,192073.36
2026-01-01,4,7,4,262771.04
2026-01-01,4,8,1,326864.79
2026-01-01,4,8,2,235967.72
2026-01-01,4,8,3,275648.55
2026-01-01,4,8,4,206554.08
2026-01-01,5,3,1,338125.58
2026-01-01,5,3,2,261564.21
2026-01-01,5,3,3,325565.16
2026-01-01,5,3,4,303419.65
2026-01-01,5,4,1,110963.69
2026-01-01,5,4,2,314767.44
2026-01-01,5,4,3,212559.98
2026-01-01,5,4,4,306521.01
2026-01-01,5,5,1,333224.06
2026-01-01,5,5,2,175817.71
2026-01-01,5,5,3,235215.18
2026-01-01,5,5,4,186786.8
2026-01-01,5,6,1,288501.21
2026-01-01,5,6,2,236738.41
2026-01-01,5,6,3,170411.14
2026-01-01,5,6,4,330893.14
2026-01-01,5,7,1,217247.84
2026-01-01,5,7,2,190581.6
2026-01-01,5,7,3,295898.93
2026-01-01,5,7,4,251224.71
2026-01-01,5,8,1,177763.65
2026-01-01,5,8,2,165136.06
2026-01-01,5,8,3,264537.64
2026-01-01,5,8,4,189144.36
2026-01-01,6,3,1,328220.06
2026-01-01,6,3,2,203844.47
2026-01-01,6,3,3,306838.77
2026-01-01,6,3,4,194635.52
2026-01-01,6,4,1,112282.57
2026-01-01,6,4,2,270710.89
2026-01-01,6,4,3,257538.87
2026-01-01,6,4,4,199772.24
2026-01-01,6,5,1,249907.77
2026-01-01,6,5,2,253292.06
2026-01-01,6,5,3,335249.01
2026-01-01,6,5,4,264362.17
2026-01-01,6,6,1,154174.13
2026-01-01,6,6,2,156191.49
2026-01-01,6,6,3,290493.78
2026-01-01,6,6,4,132656.13
2026-01-01,6,7,1,296219.52
2026-01-01,6,7,2,215736.93
2026-01-01,6,7,3,142734.05
2026-01-01,6,7,4,217873.92
2026-01-01,6,8,1,337532.23
2026-01-01,6,8,2,188468.83
2026-01-01,6,8,3,228537.59
2026-01-01,6,8,4,250981.75
2026-02-01,1,1,1,556366.48
2026-02-01,1,1,2,530789.78
2026-02-01,1,1,3,453682.46
2026-02-01,1,1,4,1028634.44
2026-02-01,1,2,1,1151034.56
2026-02-01,1,2,2,1110306.54
2026-02-01,1,2,3,550003.07
2026-02-01,1,2,4,672157.08
2026-02-01,1,3,1,199987.15
2026-02-01,1,3,2,263548.55
2026-02-01,1,3,3,194737.88
2026-02-01,1,3,4,209371.07
2026-02-01,1,4,1,225431.94
2026-02-01,1,4,2,231514.94
2026-02-01,1,4,3,123612.05
2026-02-01,1,4,4,279755.97
2026-02-01,1,5,1,147751.08
2026-02-01,1,5,2,197409.2
2026-02-01,1,5,3,168826.62
2026-02-01,1,5,4,370787.82
2026-02-01,1,6,1,269682.51
2026-02-01,1,6,2,311781.03
2026-02-01,1,6,3,156756.12
2026-02-01,1,6,4,167802.95
2026-02-01,1,7,1,178843.83
2026-02-01,1,7,2,206193.85
2026-02-01,1,7,3,236362.95
2026-02-01,1,7,4,291522.22
2026-02-01,1,8,1,354159.11
2026-02-01,1,8,2,235963.53
2026-02-01,1,8,3,184306.68
2026-02-01,1,8,4,229487.05
2026-02-01,2,3,1,120633.52
2026-02-01,2,3,2,338301.5
2026-02-01,2,3,3,306014.88
2026-02-01,2,3,4,221453.13
2026-02-01,2,4,1,152260.2
2026-02-01,2,4,2,167880.53
2026-02-01,2,4,3,213858.25
2026-02-01,2,4,4,220797.13
2026-02-01,2,5,1,288939.42
2026-02-01,2,5,2,322599.74
2026-02-01,2,5,3,325104.24
2026-02-01,2,5,4,133880.31
2026-02-01,2,6,1,317457.63
2026-02-01,2,6,2,324872.26
2026-02-01,2,6,3,163989.74
2026-02-01,2,6,4,365780.04
2026-02-01,2,7,1,171303.95
2026-02-01,2,7,2,230096.4
2026-02-01,2,7,3,198080.32
2026-02-01,2,7,4,161368.14
2026-02-01,2,8,1,209121.54
2026-02-01,2,8,2,122283.75
2026-02-01,2,8,3,121981.29
2026-02-01,2,8,4,260381.93
2026-02-01,3,3,1,131113.01
2026-02-01,3,3,2,275084.82
2026-02-01,3,3,3,208121.44
2026-02-01,3,3,4,132014.16
2026-02-01,3,4,1,158070.26
2026-02-01,3,4,2,241108.27
2026-02-01,3,4,3,133088.2
2026-02-01,3,4,4,198139.2
2026-02-01,3,5,1,309856.72
2026-02-01,3,5,2,238678.85
2026-02-01,3,5,3,189986.33
2026-02-01,3,5,4,235942.53
2026-02-01,3,6,1,249520.76
2026-02-01,3,6,2,227034.86
2026-02-01,3,6,3,254003.9
2026-02-01,3,6,4,239433.92
2026-02-01,3,7,1,210795.68
2026-02-01,3,7,2,119828.23
2026-02-01,3,7,3,151257.62
2026-02-01,3,7,4,341913.13
2026-02-01,3,8,1,208034.34
2026-02-01,3,8,2,282872.54
2026-02-01,3,8,3,148868.89
2026-02-01,3,8,4,223469.5
2026-02-01,4,3,1,288990.92
2026-02-01,4,3,2,203771.48
2026-02-01,4,3,3,242713.9
2026-02-01,4,3,4,324555.16
2026-02-01,4,4,1,341164.57
2026-02-01,4,4,2,162836.14
2026-02-01,4,4,3,167977.22
2026-02-01,4,4,4,179784.97
2026-02-01,4,5,1,238730.99
2026-02-01,4,5,2,325322.65
2026-02-01,4,5,3,145888.57
2026-02-01,4,5,4,174293.39
2026-02-01,4,6,1,227127.54
2026-02-01,4,6,2,122642.55
2026-02-01,4,6,3,348115.35
2026-02-01,4,6,4,363442.66
2026-02-01,4,7,1,170420.72
2026-02-01,4,7,2,286757.75
2026-02-01,4,7,3,186653.65
2026-02-01,4,7,4,216458.73
2026-02-01,4,8,1,312673.36
2026-02-01,4,8,2,286252.11
2026-02-01,4,8,3,337556.5
2026-02-01,4,8,4,209793.04
2026-02-01,5,3,1,333565.23
2026-02-01,5,3,2,258076.37
2026-02-01,5,3,3,363548.36
2026-02-01,5,3,4,358290.75
2026-02-01,5,4,1,122406.61
2026-02-01,5,4,2,373267.18
2026-02-01,5,4,3,190909.67
2026-02-01,5,4,4,341537.1
2026-02-01,5,5,1,325746.33
2026-02-01,5,5,2,180916.66
2026-02-01,5,5,3,262572.19
2026-02-01,5,5,4,192096.02
2026-02-01,5,6,1,337766.96
2026-02-01,5,6,2,222926.38
2026-02-01,5,6,3,179723.78
2026-02-01,5,6,4,344060.11
2026-02-01,5,7,1,191535.19
2026-02-01,5,7,2,205612.4
2026-02-01,5,7,3,251820.17
2026-02-01,5,7,4,251174.78
2026-02-01,5,8,1,155357.47
2026-02-01,5,8,2,155012.81
2026-02-01,5,8,3,248332.32
2026-02-01,5,8,4,210419.83
2026-02-01,6,3,1,278503.1
2026-02-01,6,3,2,264692.08
2026-02-01,6,3,3,290353.88
2026-02-01,6,3,4,177120.15
2026-02-01,6,4,1,129928.33
2026-02-01,6,4,2,213801.63
2026-02-01,6,4,3,230010.27
2026-02-01,6,4,4,204233.84
2026-02-01,6,5,1,238718.01
2026-02-01,6,5,2,236864.79
2026-02-01,6,5,3,297317.58
2026-02-01,6,5,4,263880.2
2026-02-01,6,6,1,142212.65
2026-02-01,6,6,2,134860.29
2026-02-01,6,6,3,290452.78
2026-02-01,6,6,4,146011.47
2026-02-01,6,7,1,315365.35
2026-02-01,6,7,2,271017.11
2026-02-01,6,7,3,129193.23
2026-02-01,6,7,4,184583.5
2026-02-01,6,8,1,363114.34
2026-02-01,6,8,2,164895.38
2026-02-01,6,8,3,231543.52
2026-02-01,6,8,4,309425.7
2026-03-01,1,1,1,745054.73
2026-03-01,1,1,2,625672.79
2026-03-01,1,1,3,422716.04
2026-03-01,1,1,4,1182017.54
2026-03-01,1,2,1,1557148.65
2026-03-01,1,2,2,1417286.22
2026-03-01,1,2,3,466547.05
2026-03-01,1,2,4,633017.56
2026-03-01,1,3,1,168735.92
2026-03-01,1,3,2,217167.01
2026-03-01,1,3,3,204012.11
2026-03-01,1,3,4,221144.22
2026-03-01,1,4,1,212974.69
2026-03-01,1,4,2,236130.26
2026-03-01,1,4,3,127401.42
2026-03-01,1,4,4,262184.66
2026-03-01,1,5,1,149409.64
2026-03-01,1,5,2,190623.46
2026-03-01,1,5,3,183483.31
2026-03-01,1,5,4,303530.98
2026-03-01,1,6,1,253703.8
2026-03-01,1,6,2,275678.99
2026-03-01,1,6,3,136616.98
2026-03-01,1,6,4,179594.32
2026-03-01,1,7,1,146680.27
2026-03-01,1,7,2,183235.57
2026-03-01,1,7,3,255832.11
2026-03-01,1,7,4,324581.08
2026-03-01,1,8,1,277166.63
2026-03-01,1,8,2,225664.01
2026-03-01,1,8,3,192056.13
2026-03-01,1,8,4,205814.28
2026-03-01,2,3,1,120264.72
2026-03-01,2,3,2,300453.77
2026-03-01,2,3,3,302101.5
2026-03-01,2,3,4,225483.69
2026-03-01,2,4,1,167088.86
2026-03-01,2,4,2,225972.25
2026-03-01,2,4,3,226963.51
2026-03-01,2,4,4,233008.38
2026-03-01,2,5,1,241847.45
2026-03-01,2,5,2,295881.27
2026-03-01,2,5,3,289244.71
2026-03-01,2,5,4,111869.09
2026-03-01,2,6,1,247572.03
2026-03-01,2,6,2,322673.91
2026-03-01,2,6,3,147375.72
2026-03-01,2,6,4,314588.66
2026-03-01,2,7,1,200042.97
2026-03-01,2,7,2,237877.79
2026-03-01,2,7,3,226316.83
2026-03-01,2,7,4,161042.29
2026-03-01,2,8,1,222520.27
2026-03-01,2,8,2,115572.97
2026-03-01,2,8,3,119298.09
2026-03-01,2,8,4,257153.1
2026-03-01,3,3,1,109016.1
2026-03-01,3,3,2,292645.32
2026-03-01,3,3,3,183908.65
2026-03-01,3,3,4,137480.12
2026-03-01,3,4,1,181855.75
2026-03-01,3,4,2,244753.45
2026-03-01,3,4,3,130163.67
2026-03-01,3,4,4,212984.46
2026-03-01,3,5,1,255127.41
2026-03-01,3,5,2,250863.03
2026-03-01,3,5,3,164979.48
2026-03-01,3,5,4,274041.54
2026-03-01,3,6,1,222919.65
2026-03-01,3,6,2,210271.31
2026-03-01,3,6,3,252055.29
2026-03-01,3,6,4,297432.76
2026-03-01,3,7,1,262397.28
2026-03-01,3,7,2,154903.41
2026-03-01,3,7,3,138920.98
2026-03-01,3,7,4,371960.46
2026-03-01,3,8,1,245521.57
2026-03-01,3,8,2,282071.1
2026-03-01,3,8,3,176208.51
2026-03-01,3,8,4,221273.38
2026-03-01,4,3,1,285514.92
2026-03-01,4,3,2,185557.88
2026-03-01,4,3,3,204414.17
2026-03-01,4,3,4,320719.99
2026-03-01,4,4,1,284722.01
2026-03-01,4,4,2,210675.49
2026-03-01,4,4,3,142639.4
2026-03-01,4,4,4,180192.64
2026-03-01,4,5,1,209916.02
2026-03-01,4,5,2,381603.37
2026-03-01,4,5,3,146977.71
2026-03-01,4,5,4,189174.49
2026-03-01,4,6,1,226958.76
2026-03-01,4,6,2,114138.34
2026-03-01,4,6,3,287654.25
2026-03-01,4,6,4,329310.06
2026-03-01,4,7,1,175154.61
2026-03-01,4,7,2,318029.36
2026-03-01,4,7,3,240354.24
2026-03-01,4,7,4,253044.97
2026-03-01,4,8,1,358606.31
2026-03-01,4,8,2,260389.41
2026-03-01,4,8,3,352780.36
2026-03-01,4,8,4,231982.93
2026-03-01,5,3,1,328326.68
2026-03-01,5,3,2,281837.86
2026-03-01,5,3,3,325079.64
2026-03-01,5,3,4,353932.82
2026-03-01,5,4,1,138970.67
2026-03-01,5,4,2,364969.83
2026-03-01,5,4,3,172638.41
2026-03-01,5,4,4,356556.17
2026-03-01,5,5,1,262563.38
2026-03-01,5,5,2,205563.69
2026-03-01,5,5,3,255761.65
2026-03-01,5,5,4,218125.49
2026-03-01,5,6,1,380939.78
2026-03-01,5,6,2,200886.04
2026-03-01,5,6,3,167601.19
2026-03-01,5,6,4,370527.55
2026-03-01,5,7,1,206226.21
2026-03-01,5,7,2,168812.89
2026-03-01,5,7,3,228962.41
2026-03-01,5,7,4,218792.82
2026-03-01,5,8,1,179694.87
2026-03-01,5,8,2,157190.07
2026-03-01,5,8,3,222483.69
2026-03-01,5,8,4,190570.66
2026-03-01,6,3,1,303084.32
2026-03-01,6,3,2,221913.98
2026-03-01,6,3,3,310470.09
2026-03-01,6,3,4,164412.11
2026-03-01,6,4,1,132391.14
2026-03-01,6,4,2,282679.94
2026-03-01,6,4,3,235229.91
2026-03-01,6,4,4,229797.68
2026-03-01,6,5,1,220629.07
2026-03-01,6,5,2,206859.02
2026-03-01,6,5,3,264498.38
2026-03-01,6,5,4,327648.55
2026-03-01,6,6,1,181318.98
2026-03-01,6,6,2,136231.52
2026-03-01,6,6,3,296081.86
2026-03-01,6,6,4,135242.27
2026-03-01,6,7,1,362198.44
2026-03-01,6,7,2,254551.03
2026-03-01,6,7,3,150923.42
2026-03-01,6,7,4,238300.91
2026-03-01,6,8,1,309296.26
2026-03-01,6,8,2,185872.22
2026-03-01,6,8,3,243472.92
2026-03-01,6,8,4,258666.73
2026-04-01,1,1,1,744999.5
2026-04-01,1,1,2,521509.57
2026-04-01,1,1,3,521440.57
2026-04-01,1,1,4,1240467.74
2026-04-01,1,2,1,1542075.9
2026-04-01,1,2,2,1269015.72
2026-04-01,1,2,3,505680.92
2026-04-01,1,2,4,724690.95
2026-04-01,1,3,1,195025.75
2026-04-01,1,3,2,246723.27
2026-04-01,1,3,3,210278.24
2026-04-01,1,3,4,222883.04
2026-04-01,1,4,1,231617.04
2026-04-01,1,4,2,301637.02
2026-04-01,1,4,3,121699.75
2026-04-01,1,4,4,293552.2
2026-04-01,1,5,1,174852.02
2026-04-01,1,5,2,234840.69
2026-04-01,1,5,3,182013.54
2026-04-01,1,5,4,331233.07
2026-04-01,1,6,1,292431.02
2026-04-01,1,6,2,274301.59
2026-04-01,1,6,3,158932.13
2026-04-01,1,6,4,197901.46
2026-04-01,1,7,1,186257.25
2026-04-01,1,7,2,232910.66
2026-04-01,1,7,3,276795.12
2026-04-01,1,7,4,325412.17
2026-04-01,1,8,1,312474.23
2026-04-01,1,8,2,232699.8
2026-04-01,1,8,3,189852.65
2026-04-01,1,8,4,193342.9
2026-04-01,2,3,1,126405.76
2026-04-01,2,3,2,385290.12
2026-04-01,2,3,3,353932.2
2026-04-01,2,3,4,250391.1
2026-04-01,2,4,1,142253.42
2026-04-01,2,4,2,200343.96
2026-04-01,2,4,3,172318.29
2026-04-01,2,4,4,232396.18
2026-04-01,2,5,1,277216.82
2026-04-01,2,5,2,292311.78
2026-04-01,2,5,3,272443.22
2026-04-01,2,5,4,139795.63
2026-04-01,2,6,1,279011.09
2026-04-01,2,6,2,322118.15
2026-04-01,2,6,3,144614.59
2026-04-01,2,6,4,355354.48
2026-04-01,2,7,1,186178.56
2026-04-01,2,7,2,249009.02
2026-04-01,2,7,3,211729.93
2026-04-01,2,7,4,150208.77
2026-04-01,2,8,1,249313.25
2026-04-01,2,8,2,112333.55
2026-04-01,2,8,3,118861.66
2026-04-01,2,8,4,264449.4
2026-04-01,3,3,1,123398.53
2026-04-01,3,3,2,267040.39
2026-04-01,3,3,3,221462.67
2026-04-01,3,3,4,149173.78
2026-04-01,3,4,1,169437.3
2026-04-01,3,4,2,264843.2
2026-04-01,3,4,3,110332.65
2026-04-01,3,4,4,205907.06
2026-04-01,3,5,1,281510.52
2026-04-01,3,5,2,253844.78
2026-04-01,3,5,3,216459.39
2026-04-01,3,5,4,275604.77
2026-04-01,3,6,1,282134.1
2026-04-01,3,6,2,219465.56
2026-04-01,3,6,3,292862.47
2026-04-01,3,6,4,272465.29
2026-04-01,3,7,1,251486.52
2026-04-01,3,7,2,158034.23
2026-04-01,3,7,3,140364.46
2026-04-01,3,7,4,400949.67
2026-04-01,3,8,1,266315.04
2026-04-01,3,8,2,225576.17
2026-04-01,3,8,3,187968.09
2026-04-01,3,8,4,232500.97
2026-04-01,4,3,1,311422.9
2026-04-01,4,3,2,201831.47
2026-04-01,4,3,3,205030.28
2026-04-01,4,3,4,297882.37
2026-04-01,4,4,1,265244.97
2026-04-01,4,4,2,192300.87
2026-04-01,4,4,3,130671.97
2026-04-01,4,4,4,177086.41
2026-04-01,4,5,1,219090.18
2026-04-01,4,5,2,394195.4
2026-04-01,4,5,3,155643.78
2026-04-01,4,5,4,170415.93
2026-04-01,4,6,1,210195.98
2026-04-01,4,6,2,142695.47
2026-04-01,4,6,3,292719.48
2026-04-01,4,6,4,324527.36
2026-04-01,4,7,1,167935.88
2026-04-01,4,7,2,329170.61
2026-04-01,4,7,3,188573.75
2026-04-01,4,7,4,251541.58
2026-04-01,4,8,1,383440.71
2026-04-01,4,8,2,287176.66
2026-04-01,4,8,3,294153.42
2026-04-01,4,8,4,184134.28
2026-04-01,5,3,1,348064.55
2026-04-01,5,3,2,228162.97
2026-04-01,5,3,3,359193.04
2026-04-01,5,3,4,313788.88
2026-04-01,5,4,1,121224.0
2026-04-01,5,4,2,307053.01
2026-04-01,5,4,3,197964.01
2026-04-01,5,4,4,317869.45
2026-04-01,5,5,1,315451.48
2026-04-01,5,5,2,166436.94
2026-04-01,5,5,3,315864.2
2026-04-01,5,5,4,219596.8
2026-04-01,5,6,1,309828.13
2026-04-01,5,6,2,191622.66
2026-04-01,5,6,3,166180.96
2026-04-01,5,6,4,321020.69
2026-04-01,5,7,1,195364.71
2026-04-01,5,7,2,210018.74
2026-04-01,5,7,3,277582.02
2026-04-01,5,7,4,205244.08
2026-04-01,5,8,1,176634.32
2026-04-01,5,8,2,143907.52
2026-04-01,5,8,3,286284.41
2026-04-01,5,8,4,167948.57
2026-04-01,6,3,1,340728.94
2026-04-01,6,3,2,260058.52
2026-04-01,6,3,3,255247.49
2026-04-01,6,3,4,158745.81
2026-04-01,6,4,1,127513.41
2026-04-01,6,4,2,281266.79
2026-04-01,6,4,3,237375.78
2026-04-01,6,4,4,234625.34
2026-04-01,6,5,1,277196.41
2026-04-01,6,5,2,253972.79
2026-04-01,6,5,3,301255.99
2026-04-01,6,5,4,307318.97
2026-04-01,6,6,1,177212.62
2026-04-01,6,6,2,141069.73
2026-04-01,6,6,3,361200.46
2026-04-01,6,6,4,123483.91
2026-04-01,6,7,1,323528.14
2026-04-01,6,7,2,270319.09
2026-04-01,6,7,3,137401.44
2026-04-01,6,7,4,192017.05
2026-04-01,6,8,1,301517.65
2026-04-01,6,8,2,180814.56
2026-04-01,6,8,3,266616.62
2026-04-01,6,8,4,241633.38
2026-05-01,1,1,1,575888.52
2026-05-01,1,1,2,593038.49
2026-05-01,1,1,3,562766.23
2026-05-01,1,1,4,1094641.32
2026-05-01,1,2,1,1575258.6
2026-05-01,1,2,2,1422432.36
2026-05-01,1,2,3,504361.75
2026-05-01,1,2,4,729569.7
2026-05-01,1,3,1,192278.18
2026-05-01,1,3,2,249978.53
2026-05-01,1,3,3,191982.66
2026-05-01,1,3,4,264786.88
2026-05-01,1,4,1,247774.89
2026-05-01,1,4,2,295651.6
2026-05-01,1,4,3,149407.54
2026-05-01,1,4,4,295952.06
2026-05-01,1,5,1,169826.01
2026-05-01,1,5,2,241316.96
2026-05-01,1,5,3,150415.15
2026-05-01,1,5,4,298788.36
2026-05-01,1,6,1,249647.31
2026-05-01,1,6,2,342281.91
2026-05-01,1,6,3,149480.31
2026-05-01,1,6,4,213138.1
2026-05-01,1,7,1,147100.47
2026-05-01,1,7,2,200401.39
2026-05-01,1,7,3,270416.73
2026-05-01,1,7,4,281371.4
2026-05-01,1,8,1,360905.1
2026-05-01,1,8,2,210079.78
2026-05-01,1,8,3,214663.67
2026-05-01,1,8,4,208629.68
2026-05-01,2,3,1,146425.08
2026-05-01,2,3,2,362539.86
2026-05-01,2,3,3,294327.32
2026-05-01,2,3,4,201935.6
2026-05-01,2,4,1,129574.86
2026-05-01,2,4,2,205954.19
2026-05-01,2,4,3,221093.65
2026-05-01,2,4,4,236109.02
2026-05-01,2,5,1,277405.1
2026-05-01,2,5,2,327075.26
2026-05-01,2,5,3,323276.69
2026-05-01,2,5,4,141058.87
2026-05-01,2,6,1,284883.1
2026-05-01,2,6,2,355095.35
2026-05-01,2,6,3,181410.09
2026-05-01,2,6,4,338844.8
2026-05-01,2,7,1,163517.22
2026-05-01,2,7,2,224943.85
2026-05-01,2,7,3,212072.55
2026-05-01,2,7,4,169716.23
2026-05-01,2,8,1,253906.34
2026-05-01,2,8,2,135151.24
2026-05-01,2,8,3,122552.83
2026-05-01,2,8,4,318885.73
2026-05-01,3,3,1,114754.17
2026-05-01,3,3,2,316354.18
2026-05-01,3,3,3,171729.14
2026-05-01,3,3,4,161036.85
2026-05-01,3,4,1,185667.38
2026-05-01,3,4,2,314176.72
2026-05-01,3,4,3,143981.73
2026-05-01,3,4,4,207443.8
2026-05-01,3,5,1,308515.49
2026-05-01,3,5,2,263414.65
2026-05-01,3,5,3,198781.45
2026-05-01,3,5,4,227349.52
2026-05-01,3,6,1,225791.83
2026-05-01,3,6,2,239723.0
2026-05-01,3,6,3,236093.22
2026-05-01,3,6,4,290201.03
2026-05-01,3,7,1,270755.24
2026-05-01,3,7,2,156832.29
2026-05-01,3,7,3,119284.65
2026-05-01,3,7,4,409279.35
2026-05-01,3,8,1,219176.69
2026-05-01,3,8,2,254435.34
2026-05-01,3,8,3,197358.79
2026-05-01,3,8,4,205463.12
2026-05-01,4,3,1,238974.64
2026-05-01,4,3,2,160017.88
2026-05-01,4,3,3,235714.14
2026-05-01,4,3,4,369467.4
2026-05-01,4,4,1,273154.13
2026-05-01,4,4,2,172651.17
2026-05-01,4,4,3,154025.42
2026-05-01,4,4,4,154205.15
2026-05-01,4,5,1,232838.12
2026-05-01,4,5,2,410361.73
2026-05-01,4,5,3,181700.8
2026-05-01,4,5,4,190447.09
2026-05-01,4,6,1,248182.18
2026-05-01,4,6,2,146191.96
2026-05-01,4,6,3,304968.58
2026-05-01,4,6,4,333314.92
2026-05-01,4,7,1,194730.32
2026-05-01,4,7,2,263485.39
2026-05-01,4,7,3,241366.59
2026-05-01,4,7,4,259665.36
2026-05-01,4,8,1,409446.69
2026-05-01,4,8,2,254597.5
2026-05-01,4,8,3,326097.0
2026-05-01,4,8,4,229597.69
2026-05-01,5,3,1,329382.88
2026-05-01,5,3,2,256131.31
2026-05-01,5,3,3,358593.86
2026-05-01,5,3,4,378624.3
2026-05-01,5,4,1,133413.56
2026-05-01,5,4,2,310522.9
2026-05-01,5,4,3,194465.97
2026-05-01,5,4,4,363827.48
2026-05-01,5,5,1,270236.89
2026-05-01,5,5,2,188928.35
2026-05-01,5,5,3,261001.86
2026-05-01,5,5,4,186073.09
2026-05-01,5,6,1,347108.64
2026-05-01,5,6,2,203780.12
2026-05-01,5,6,3,181358.33
2026-05-01,5,6,4,325970.07
2026-05-01,5,7,1,229915.97
2026-05-01,5,7,2,173291.51
2026-05-01,5,7,3,304180.03
2026-05-01,5,7,4,196891.51
2026-05-01,5,8,1,176525.63
2026-05-01,5,8,2,148330.34
2026-05-01,5,8,3,232069.27
2026-05-01,5,8,4,195544.49
2026-05-01,6,3,1,354621.65
2026-05-01,6,3,2,272943.04
2026-05-01,6,3,3,278703.2
2026-05-01,6,3,4,159346.93
2026-05-01,6,4,1,142189.54
2026-05-01,6,4,2,262042.14
2026-05-01,6,4,3,215787.0
2026-05-01,6,4,4,244032.75
2026-05-01,6,5,1,259448.93
2026-05-01,6,5,2,244201.09
2026-05-01,6,5,3,293432.56
2026-05-01,6,5,4,303831.7
2026-05-01,6,6,1,151843.11
2026-05-01,6,6,2,165124.09
2026-05-01,6,6,3,295730.14
2026-05-01,6,6,4,157775.01
2026-05-01,6,7,1,391616.45
2026-05-01,6,7,2,268917.31
2026-05-01,6,7,3,124709.92
2026-05-01,6,7,4,201894.8
2026-05-01,6,8,1,332830.44
2026-05-01,6,8,2,186086.11
2026-05-01,6,8,3,274549.02
2026-05-01,6,8,4,269600.27
2026-06-01,1,1,1,752889.14
2026-06-01,1,1,2,543969.43
2026-06-01,1,1,3,480480.09
2026-06-01,1,1,4,1024657.59
2026-06-01,1,2,1,1499538.97
2026-06-01,1,2,2,1151656.63
2026-06-01,1,2,3,504944.35
2026-06-01,1,2,4,728167.22
2026-06-01,1,3,1,185789.2
2026-06-01,1,3,2,214820.87
2026-06-01,1,3,3,168787.56
2026-06-01,1,3,4,244998.58
2026-06-01,1,4,1,216485.56
2026-06-01,1,4,2,250553.91
2026-06-01,1,4,3,135700.57
2026-06-01,1,4,4,276235.67
2026-06-01,1,5,1,161345.67
2026-06-01,1,5,2,211782.72
2026-06-01,1,5,3,150621.77
2026-06-01,1,5,4,311736.8
2026-06-01,1,6,1,238979.61
2026-06-01,1,6,2,268133.9
2026-06-01,1,6,3,151837.1
2026-06-01,1,6,4,227486.32
2026-06-01,1,7,1,191595.53
2026-06-01,1,7,2,203384.12
2026-06-01,1,7,3,269875.51
2026-06-01,1,7,4,326030.73
2026-06-01,1,8,1,357745.23
2026-06-01,1,8,2,217776.58
2026-06-01,1,8,3,181211.43
2026-06-01,1,8,4,216533.8
2026-06-01,2,3,1,111009.72
2026-06-01,2,3,2,335145.3
2026-06-01,2,3,3,377980.16
2026-06-01,2,3,4,263431.69
2026-06-01,2,4,1,132382.29
2026-06-01,2,4,2,199926.61
2026-06-01,2,4,3,196979.72
2026-06-01,2,4,4,244743.1
2026-06-01,2,5,1,289460.45
2026-06-01,2,5,2,275319.35
2026-06-01,2,5,3,356363.61
2026-06-01,2,5,4,153965.78
2026-06-01,2,6,1,303427.45
2026-06-01,2,6,2,353111.82
2026-06-01,2,6,3,160714.32
2026-06-01,2,6,4,340380.99
2026-06-01,2,7,1,173024.0
2026-06-01,2,7,2,262292.95
2026-06-01,2,7,3,181960.46
2026-06-01,2,7,4,197244.8
2026-06-01,2,8,1,221083.63
2026-06-01,2,8,2,128064.8
2026-06-01,2,8,3,116603.87
2026-06-01,2,8,4,337140.4
2026-06-01,3,3,1,112722.26
2026-06-01,3,3,2,260953.68
2026-06-01,3,3,3,183311.71
2026-06-01,3,3,4,164414.54
2026-06-01,3,4,1,190295.11
2026-06-01,3,4,2,268811.61
2026-06-01,3,4,3,147415.71
2026-06-01,3,4,4,201765.9
2026-06-01,3,5,1,296464.8
2026-06-01,3,5,2,225842.54
2026-06-01,3,5,3,193548.17
2026-06-01,3,5,4,276808.1
2026-06-01,3,6,1,253108.74
2026-06-01,3,6,2,219634.61
2026-06-01,3,6,3,301799.98
2026-06-01,3,6,4,311734.98
2026-06-01,3,7,1,245016.55
2026-06-01,3,7,2,146341.78
2026-06-01,3,7,3,148687.75
2026-06-01,3,7,4,336746.31
2026-06-01,3,8,1,282066.24
2026-06-01,3,8,2,241825.27
2026-06-01,3,8,3,195762.3
2026-06-01,3,8,4,210424.1
2026-06-01,4,3,1,264130.49
2026-06-01,4,3,2,190307.82
2026-06-01,4,3,3,238952.0
2026-06-01,4,3,4,376994.27
2026-06-01,4,4,1,356695.91
2026-06-01,4,4,2,173285.93
2026-06-01,4,4,3,141922.74
2026-06-01,4,4,4,161945.73
2026-06-01,4,5,1,218499.72
2026-06-01,4,5,2,364396.83
2026-06-01,4,5,3,188043.18
2026-06-01,4,5,4,186753.47
2026-06-01,4,6,1,219180.42
2026-06-01,4,6,2,136153.09
2026-06-01,4,6,3,362295.13
2026-06-01,4,6,4,392798.21
2026-06-01,4,7,1,167004.43
2026-06-01,4,7,2,297875.47
2026-06-01,4,7,3,212238.96
2026-06-01,4,7,4,224689.36
2026-06-01,4,8,1,391991.91
2026-06-01,4,8,2,257659.25
2026-06-01,4,8,3,339431.29
2026-06-01,4,8,4,217154.05
2026-06-01,5,3,1,401160.08
2026-06-01,5,3,2,226427.97
2026-06-01,5,3,3,305529.41
2026-06-01,5,3,4,314229.02
2026-06-01,5,4,1,122895.01
2026-06-01,5,4,2,332672.25
2026-06-01,5,4,3,213417.04
2026-06-01,5,4,4,330454.29
2026-06-01,5,5,1,267172.69
2026-06-01,5,5,2,189683.77
2026-06-01,5,5,3,304878.68
2026-06-01,5,5,4,234426.54
2026-06-01,5,6,1,373628.91
2026-06-01,5,6,2,232649.51
2026-06-01,5,6,3,190249.74
2026-06-01,5,6,4,385181.18
2026-06-01,5,7,1,200199.45
2026-06-01,5,7,2,195495.65
2026-06-01,5,7,3,296756.42
2026-06-01,5,7,4,219007.76
2026-06-01,5,8,1,185233.06
2026-06-01,5,8,2,157420.32
2026-06-01,5,8,3,255604.23
2026-06-01,5,8,4,174632.47
2026-06-01,6,3,1,340905.84
2026-06-01,6,3,2,271922.03
2026-06-01,6,3,3,266866.39
2026-06-01,6,3,4,172287.76
2026-06-01,6,4,1,116429.92
2026-06-01,6,4,2,221773.8
2026-06-01,6,4,3,274485.24
2026-06-01,6,4,4,228085.75
2026-06-01,6,5,1,249174.78
2026-06-01,6,5,2,219783.88
2026-06-01,6,5,3,353847.5
2026-06-01,6,5,4,289238.4
2026-06-01,6,6,1,181045.47
2026-06-01,6,6,2,144757.04
2026-06-01,6,6,3,289934.85
2026-06-01,6,6,4,155100.93
2026-06-01,6,7,1,308672.12
2026-06-01,6,7,2,266129.58
2026-06-01,6,7,3,136102.42
2026-06-01,6,7,4,234870.9
2026-06-01,6,8,1,366707.27
2026-06-01,6,8,2,194919.63
2026-06-01,6,8,3,211097.51
2026-06-01,6,8,4,300025.68
2026-07-01,1,1,1,783654.82
2026-07-01,1,1,2,563662.6
2026-07-01,1,1,3,470367.66
2026-07-01,1,1,4,1594270.89
2026-07-01,1,2,1,1267392.13
2026-07-01,1,2,2,1361304.78
2026-07-01,1,2,3,591899.41
2026-07-01,1,2,4,584749.16
2026-07-01,1,3,1,188619.21
2026-07-01,1,3,2,259664.59
2026-07-01,1,3,3,188495.25
2026-07-01,1,3,4,274379.0
2026-07-01,1,4,1,208644.26
2026-07-01,1,4,2,268373.76
2026-07-01,1,4,3,146335.64
2026-07-01,1,4,4,275424.23
2026-07-01,1,5,1,173779.04
2026-07-01,1,5,2,193821.49
2026-07-01,1,5,3,167285.8
2026-07-01,1,5,4,308057.31
2026-07-01,1,6,1,275912.73
2026-07-01,1,6,2,342611.73
2026-07-01,1,6,3,179716.2
2026-07-01,1,6,4,234528.84
2026-07-01,1,7,1,185010.05
2026-07-01,1,7,2,230755.07
2026-07-01,1,7,3,266845.64
2026-07-01,1,7,4,362563.0
2026-07-01,1,8,1,342909.74
2026-07-01,1,8,2,266208.39
2026-07-01,1,8,3,179375.47
2026-07-01,1,8,4,232189.07
2026-07-01,2,3,1,138929.5
2026-07-01,2,3,2,326303.48
2026-07-01,2,3,3,313044.72
2026-07-01,2,3,4,270630.87
2026-07-01,2,4,1,148400.5
2026-07-01,2,4,2,184891.24
2026-07-01,2,4,3,195769.9
2026-07-01,2,4,4,240234.16
2026-07-01,2,5,1,387547.82
2026-07-01,2,5,2,475631.47
2026-07-01,2,5,3,486051.81
2026-07-01,2,5,4,184973.0
2026-07-01,2,6,1,310403.91
2026-07-01,2,6,2,321924.7
2026-07-01,2,6,3,178133.83
2026-07-01,2,6,4,330987.47
2026-07-01,2,7,1,172176.96
2026-07-01,2,7,2,294946.89
2026-07-01,2,7,3,235975.13
2026-07-01,2,7,4,170769.16
2026-07-01,2,8,1,240627.29
2026-07-01,2,8,2,131364.75
2026-07-01,2,8,3,117563.81
2026-07-01,2,8,4,279258.46
2026-07-01,3,3,1,112324.7
2026-07-01,3,3,2,298569.28
2026-07-01,3,3,3,202401.84
2026-07-01,3,3,4,159024.29
2026-07-01,3,4,1,153108.79
2026-07-01,3,4,2,333549.31
2026-07-01,3,4,3,138191.35
2026-07-01,3,4,4,244332.95
2026-07-01,3,5,1,252981.34
2026-07-01,3,5,2,274193.9
2026-07-01,3,5,3,216157.87
2026-07-01,3,5,4,253514.2
2026-07-01,3,6,1,229648.02
2026-07-01,3,6,2,223689.08
2026-07-01,3,6,3,258449.9
2026-07-01,3,6,4,271435.38
2026-07-01,3,7,1,237341.0
2026-07-01,3,7,2,132207.36
2026-07-01,3,7,3,144225.96
2026-07-01,3,7,4,319117.59
2026-07-01,3,8,1,244394.62
2026-07-01,3,8,2,276240.77
2026-07-01,3,8,3,164773.58
2026-07-01,3,8,4,220276.99
2026-07-01,4,3,1,259153.29
2026-07-01,4,3,2,161724.47
2026-07-01,4,3,3,237553.25
2026-07-01,4,3,4,296748.18
2026-07-01,4,4,1,292090.03
2026-07-01,4,4,2,227740.15
2026-07-01,4,4,3,173132.03
2026-07-01,4,4,4,156185.91
2026-07-01,4,5,1,209331.65
2026-07-01,4,5,2,364527.73
2026-07-01,4,5,3,189227.88
2026-07-01,4,5,4,190210.63
2026-07-01,4,6,1,235918.21
2026-07-01,4,6,2,127034.9
2026-07-01,4,6,3,353888.56
2026-07-01,4,6,4,458135.27
2026-07-01,4,7,1,211337.81
2026-07-01,4,7,2,273710.1
2026-07-01,4,7,3,224999.18
2026-07-01,4,7,4,224423.55
2026-07-01,4,8,1,387988.71
2026-07-01,4,8,2,309174.58
2026-07-01,4,8,3,329225.24
2026-07-01,4,8,4,190902.05
2026-07-01,5,3,1,372439.01
2026-07-01,5,3,2,250744.2
2026-07-01,5,3,3,381335.82
2026-07-01,5,3,4,321273.41
2026-07-01,5,4,1,140927.08
2026-07-01,5,4,2,333176.7
2026-07-01,5,4,3,179166.94
2026-07-01,5,4,4,340234.77
2026-07-01,5,5,1,265108.78
2026-07-01,5,5,2,183673.3
2026-07-01,5,5,3,298116.99
2026-07-01,5,5,4,191158.23
2026-07-01,5,6,1,311410.98
2026-07-01,5,6,2,205396.33
2026-07-01,5,6,3,157151.21
2026-07-01,5,6,4,410229.23
2026-07-01,5,7,1,248865.74
2026-07-01,5,7,2,167953.11
2026-07-01,5,7,3,298706.72
2026-07-01,5,7,4,250570.62
2026-07-01,5,8,1,205386.2
2026-07-01,5,8,2,152514.0
2026-07-01,5,8,3,241205.89
2026-07-01,5,8,4,198188.08
2026-07-01,6,3,1,362872.73
2026-07-01,6,3,2,264337.79
2026-07-01,6,3,3,299311.69
2026-07-01,6,3,4,167321.25
2026-07-01,6,4,1,145204.36
2026-07-01,6,4,2,288393.3
2026-07-01,6,4,3,234356.02
2026-07-01,6,4,4,242378.15
2026-07-01,6,5,1,255073.41
2026-07-01,6,5,2,236412.04
2026-07-01,6,5,3,314585.49
2026-07-01,6,5,4,341530.21
2026-07-01,6,6,1,195700.42
2026-07-01,6,6,2,153665.32
2026-07-01,6,6,3,320095.28
2026-07-01,6,6,4,142789.24
2026-07-01,6,7,1,326149.33
2026-07-01,6,7,2,239661.52
2026-07-01,6,7,3,130094.56
2026-07-01,6,7,4,216029.02
2026-07-01,6,8,1,308306.72
2026-07-01,6,8,2,175883.9
2026-07-01,6,8,3,270459.48
2026-07-01,6,8,4,263680.39
2026-08-01,1,1,1,712790.63
2026-08-01,1,1,2,690797.59
2026-08-01,1,1,3,519525.2
2026-08-01,1,1,4,1335830.77
2026-08-01,1,2,1,1358137.56
2026-08-01,1,2,2,1346532.13
2026-08-01,1,2,3,556120.75
2026-08-01,1,2,4,613185.25
2026-08-01,1,3,1,184385.79
2026-08-01,1,3,2,259591.64
2026-08-01,1,3,3,188083.09
2026-08-01,1,3,4,257264.56
2026-08-01,1,4,1,204103.92
2026-08-01,1,4,2,268568.27
2026-08-01,1,4,3,145935.24
2026-08-01,1,4,4,284333.48
2026-08-01,1,5,1,165041.43
2026-08-01,1,5,2,217883.33
2026-08-01,1,5,3,160083.27
2026-08-01,1,5,4,400853.05
2026-08-01,1,6,1,251971.47
2026-08-01,1,6,2,292980.99
2026-08-01,1,6,3,184339.42
2026-08-01,1,6,4,222137.09
2026-08-01,1,7,1,187276.69
2026-08-01,1,7,2,186407.17
2026-08-01,1,7,3,239148.0
2026-08-01,1,7,4,339175.38
2026-08-01,1,8,1,302907.6
2026-08-01,1,8,2,221154.59
2026-08-01,1,8,3,213146.85
2026-08-01,1,8,4,219541.95
2026-08-01,2,3,1,114333.18
2026-08-01,2,3,2,311341.02
2026-08-01,2,3,3,340059.79
2026-08-01,2,3,4,247315.13
2026-08-01,2,4,1,169707.4
2026-08-01,2,4,2,182239.96
2026-08-01,2,4,3,189200.14
2026-08-01,2,4,4,252440.45
2026-08-01,2,5,1,361892.45
2026-08-01,2,5,2,423818.85
2026-08-01,2,5,3,482614.05
2026-08-01,2,5,4,180995.61
2026-08-01,2,6,1,288075.77
2026-08-01,2,6,2,393721.41
2026-08-01,2,6,3,141227.97
2026-08-01,2,6,4,412330.09
2026-08-01,2,7,1,197171.02
2026-08-01,2,7,2,261007.86
2026-08-01,2,7,3,241926.59
2026-08-01,2,7,4,183572.55
2026-08-01,2,8,1,226505.97
2026-08-01,2,8,2,124788.07
2026-08-01,2,8,3,131293.72
2026-08-01,2,8,4,307449.56
2026-08-01,3,3,1,116374.93
2026-08-01,3,3,2,315650.03
2026-08-01,3,3,3,216613.24
2026-08-01,3,3,4,155013.67
2026-08-01,3,4,1,143858.8
2026-08-01,3,4,2,292775.85
2026-08-01,3,4,3,114081.12
2026-08-01,3,4,4,192155.85
2026-08-01,3,5,1,283254.67
2026-08-01,3,5,2,233461.41
2026-08-01,3,5,3,184201.0
2026-08-01,3,5,4,282155.16
2026-08-01,3,6,1,240500.24
2026-08-01,3,6,2,279191.17
2026-08-01,3,6,3,314923.1
2026-08-01,3,6,4,285531.36
2026-08-01,3,7,1,288188.0
2026-08-01,3,7,2,159106.2
2026-08-01,3,7,3,131804.42
2026-08-01,3,7,4,399867.0
2026-08-01,3,8,1,230879.12
2026-08-01,3,8,2,278435.19
2026-08-01,3,8,3,183752.03
2026-08-01,3,8,4,207496.14
2026-08-01,4,3,1,267940.91
2026-08-01,4,3,2,218225.76
2026-08-01,4,3,3,228342.53
2026-08-01,4,3,4,314408.38
2026-08-01,4,4,1,286738.69
2026-08-01,4,4,2,198926.24
2026-08-01,4,4,3,171236.86
2026-08-01,4,4,4,185738.71
2026-08-01,4,5,1,219833.76
2026-08-01,4,5,2,339509.83
2026-08-01,4,5,3,149548.8
2026-08-01,4,5,4,174049.88
2026-08-01,4,6,1,301410.0
2026-08-01,4,6,2,158610.63
2026-08-01,4,6,3,365878.01
2026-08-01,4,6,4,439534.37
2026-08-01,4,7,1,187732.45
2026-08-01,4,7,2,320606.0
2026-08-01,4,7,3,223336.58
2026-08-01,4,7,4,266353.26
2026-08-01,4,8,1,371794.19
2026-08-01,4,8,2,314103.63
2026-08-01,4,8,3,329628.39
2026-08-01,4,8,4,188264.97
2026-08-01,5,3,1,338178.64
2026-08-01,5,3,2,260299.71
2026-08-01,5,3,3,356379.22
2026-08-01,5,3,4,345971.76
2026-08-01,5,4,1,136105.36
2026-08-01,5,4,2,336422.46
2026-08-01,5,4,3,211538.91
2026-08-01,5,4,4,386930.24
2026-08-01,5,5,1,302724.95
2026-08-01,5,5,2,192604.44
2026-08-01,5,5,3,259478.98
2026-08-01,5,5,4,210580.99
2026-08-01,5,6,1,386453.76
2026-08-01,5,6,2,261625.45
2026-08-01,5,6,3,186757.44
2026-08-01,5,6,4,349854.74
2026-08-01,5,7,1,233801.22
2026-08-01,5,7,2,210368.5
2026-08-01,5,7,3,265622.82
2026-08-01,5,7,4,259267.35
2026-08-01,5,8,1,157352.0
2026-08-01,5,8,2,137638.2
2026-08-01,5,8,3,230792.4
2026-08-01,5,8,4,181973.66
2026-08-01,6,3,1,368515.13
2026-08-01,6,3,2,244087.32
2026-08-01,6,3,3,284154.0
2026-08-01,6,3,4,179024.88
2026-08-01,6,4,1,132899.07
2026-08-01,6,4,2,247455.88
2026-08-01,6,4,3,217393.62
2026-08-01,6,4,4,243779.54
2026-08-01,6,5,1,236489.31
2026-08-01,6,5,2,260038.49
2026-08-01,6,5,3,286989.6
2026-08-01,6,5,4,340515.26
2026-08-01,6,6,1,188634.66
2026-08-01,6,6,2,140016.63
2026-08-01,6,6,3,297111.46
2026-08-01,6,6,4,170024.0
2026-08-01,6,7,1,365747.69
2026-08-01,6,7,2,267681.24
2026-08-01,6,7,3,128479.94
2026-08-01,6,7,4,208091.6
2026-08-01,6,8,1,346274.98
2026-08-01,6,8,2,207683.97
2026-08-01,6,8,3,233707.7
2026-08-01,6,8,4,311916.93
2026-09-01,1,1,1,729959.98
2026-09-01,1,1,2,550519.97
2026-09-01,1,1,3,482193.72
2026-09-01,1,1,4,1367945.06
2026-09-01,1,2,1,1412998.5
2026-09-01,1,2,2,1376966.44
2026-09-01,1,2,3,549017.44
2026-09-01,1,2,4,638823.84
2026-09-01,1,3,1,200241.53
2026-09-01,1,3,2,265230.82
2026-09-01,1,3,3,205268.64
2026-09-01,1,3,4,255296.15
2026-09-01,1,4,1,216777.88
2026-09-01,1,4,2,300480.45
2026-09-01,1,4,3,130422.44
2026-09-01,1,4,4,296658.85
2026-09-01,1,5,1,144519.27
2026-09-01,1,5,2,232586.31
2026-09-01,1,5,3,176261.19
2026-09-01,1,5,4,342462.24
2026-09-01,1,6,1,295685.73
2026-09-01,1,6,2,354360.16
2026-09-01,1,6,3,146278.55
2026-09-01,1,6,4,221024.28
2026-09-01,1,7,1,173541.56
2026-09-01,1,7,2,250162.42
2026-09-01,1,7,3,249022.07
2026-09-01,1,7,4,307060.67
2026-09-01,1,8,1,329117.64
2026-09-01,1,8,2,226364.92
2026-09-01,1,8,3,209948.99
2026-09-01,1,8,4,235445.45
2026-09-01,2,3,1,121332.51
2026-09-01,2,3,2,365711.29
2026-09-01,2,3,3,389918.73
2026-09-01,2,3,4,262306.32
2026-09-01,2,4,1,154171.76
2026-09-01,2,4,2,195044.7
2026-09-01,2,4,3,189910.4
2026-09-01,2,4,4,281209.19
2026-09-01,2,5,1,404808.24
2026-09-01,2,5,2,439342.38
2026-09-01,2,5,3,481330.76
2026-09-01,2,5,4,159801.33
2026-09-01,2,6,1,314700.16
2026-09-01,2,6,2,317071.2
2026-09-01,2,6,3,145270.49
2026-09-01,2,6,4,364622.23
2026-09-01,2,7,1,192194.81
2026-09-01,2,7,2,297979.18
2026-09-01,2,7,3,205303.73
2026-09-01,2,7,4,202347.88
2026-09-01,2,8,1,250314.39
2026-09-01,2,8,2,141990.91
2026-09-01,2,8,3,142447.4
2026-09-01,2,8,4,295575.38
2026-09-01,3,3,1,124219.88
2026-09-01,3,3,2,269276.4
2026-09-01,3,3,3,195479.78
2026-09-01,3,3,4,179827.27
2026-09-01,3,4,1,169251.63
2026-09-01,3,4,2,286031.3
2026-09-01,3,4,3,123665.72
2026-09-01,3,4,4,221291.35
2026-09-01,3,5,1,310958.66
2026-09-01,3,5,2,252195.26
2026-09-01,3,5,3,214749.83
2026-09-01,3,5,4,282693.94
2026-09-01,3,6,1,279751.51
2026-09-01,3,6,2,226871.6
2026-09-01,3,6,3,293682.9
2026-09-01,3,6,4,251817.1
2026-09-01,3,7,1,244714.98
2026-09-01,3,7,2,154360.21
2026-09-01,3,7,3,146236.33
2026-09-01,3,7,4,340326.6
2026-09-01,3,8,1,289646.06
2026-09-01,3,8,2,230611.94
2026-09-01,3,8,3,191278.97
2026-09-01,3,8,4,280492.03
2026-09-01,4,3,1,292835.15
2026-09-01,4,3,2,211270.83
2026-09-01,4,3,3,250921.21
2026-09-01,4,3,4,380676.8
2026-09-01,4,4,1,334261.94
2026-09-01,4,4,2,213630.52
2026-09-01,4,4,3,143928.77
2026-09-01,4,4,4,186629.92
2026-09-01,4,5,1,208389.69
2026-09-01,4,5,2,429637.53
2026-09-01,4,5,3,160472.86
2026-09-01,4,5,4,163633.47
2026-09-01,4,6,1,315919.54
2026-09-01,4,6,2,141830.67
2026-09-01,4,6,3,373356.12
2026-09-01,4,6,4,471142.18
2026-09-01,4,7,1,173404.7
2026-09-01,4,7,2,283777.85
2026-09-01,4,7,3,223328.47
2026-09-01,4,7,4,235391.57
2026-09-01,4,8,1,344711.9
2026-09-01,4,8,2,238797.05
2026-09-01,4,8,3,326835.13
2026-09-01,4,8,4,210187.98
2026-09-01,5,3,1,318519.8
2026-09-01,5,3,2,272238.43
2026-09-01,5,3,3,368887.66
2026-09-01,5,3,4,299534.23
2026-09-01,5,4,1,121985.4
2026-09-01,5,4,2,404919.07
2026-09-01,5,4,3,208466.05
2026-09-01,5,4,4,358301.5
2026-09-01,5,5,1,310622.63
2026-09-01,5,5,2,182754.7
2026-09-01,5,5,3,316937.12
2026-09-01,5,5,4,245277.0
2026-09-01,5,6,1,403409.88
2026-09-01,5,6,2,215731.77
2026-09-01,5,6,3,172943.11
2026-09-01,5,6,4,337484.52
2026-09-01,5,7,1,210808.45
2026-09-01,5,7,2,188130.54
2026-09-01,5,7,3,293589.33
2026-09-01,5,7,4,216150.4
2026-09-01,5,8,1,205026.59
2026-09-01,5,8,2,143435.34
2026-09-01,5,8,3,223801.52
2026-09-01,5,8,4,226619.17
2026-09-01,6,3,1,354408.68
2026-09-01,6,3,2,241104.25
2026-09-01,6,3,3,316389.5
2026-09-01,6,3,4,169314.07
2026-09-01,6,4,1,124731.33
2026-09-01,6,4,2,263288.61
2026-09-01,6,4,3,235324.36
2026-09-01,6,4,4,243188.75
2026-09-01,6,5,1,245253.39
2026-09-01,6,5,2,254286.74
2026-09-01,6,5,3,343613.63
2026-09-01,6,5,4,289247.65
2026-09-01,6,6,1,150542.05
2026-09-01,6,6,2,156336.4
2026-09-01,6,6,3,370470.76
2026-09-01,6,6,4,158058.16
2026-09-01,6,7,1,395913.33
2026-09-01,6,7,2,252444.43
2026-09-01,6,7,3,139290.54
2026-09-01,6,7,4,227116.36
2026-09-01,6,8,1,317998.0
2026-09-01,6,8,2,200608.31
2026-09-01,6,8,3,230233.64
2026-09-01,6,8,4,272610.89
