MonthStart,DepartmentKey,AccountKey,RegionKey,Amount
2024-01-01,1,1,1,555624.0
2024-01-01,1,1,2,496768.0
2024-01-01,1,1,3,410328.0
2024-01-01,1,1,4,1185108.0
2024-01-01,1,2,1,1147660.0
2024-01-01,1,2,2,1056228.0
2024-01-01,1,2,3,447164.0
2024-01-01,1,2,4,552240.0
2024-01-01,1,3,1,150964.0
2024-01-01,1,3,2,206478.0
2024-01-01,1,3,3,162904.0
2024-01-01,1,3,4,200507.0
2024-01-01,1,4,1,188785.0
2024-01-01,1,4,2,227531.0
2024-01-01,1,4,3,107741.0
2024-01-01,1,4,4,246910.0
2024-01-01,1,5,1,128902.0
2024-01-01,1,5,2,180412.0
2024-01-01,1,5,3,136490.0
2024-01-01,1,5,4,287113.0
2024-01-01,1,6,1,213023.0
2024-01-01,1,6,2,256293.0
2024-01-01,1,6,3,132275.0
2024-01-01,1,6,4,166672.0
2024-01-01,1,7,1,143080.0
2024-01-01,1,7,2,173650.0
2024-01-01,1,7,3,216644.0
2024-01-01,1,7,4,262375.0
2024-01-01,1,8,1,267349.0
2024-01-01,1,8,2,194159.0
2024-01-01,1,8,3,158457.0
2024-01-01,1,8,4,189018.0
2024-01-01,2,3,1,105700.0
2024-01-01,2,3,2,291358.0
2024-01-01,2,3,3,278728.0
2024-01-01,2,3,4,192491.0
2024-01-01,2,4,1,123105.0
2024-01-01,2,4,2,166235.0
2024-01-01,2,4,3,167693.0
2024-01-01,2,4,4,201582.0
2024-01-01,2,5,1,233814.0
2024-01-01,2,5,2,264044.0
2024-01-01,2,5,3,265338.0
2024-01-01,2,5,4,110681.0
2024-01-01,2,6,1,238159.0
2024-01-01,2,6,2,276597.0
2024-01-01,2,6,3,130851.0
2024-01-01,2,6,4,294080.0
2024-01-01,2,7,1,158776.0
2024-01-01,2,7,2,210050.0
2024-01-01,2,7,3,173012.0
2024-01-01,2,7,4,147575.0
2024-01-01,2,8,1,185925.0
2024-01-01,2,8,2,107903.0
2024-01-01,2,8,3,100969.0
2024-01-01,2,8,4,242634.0
2024-01-01,3,3,1,102548.0
2024-01-01,3,3,2,239278.0
2024-01-01,3,3,3,167288.0
2024-01-01,3,3,4,128859.0
2024-01-01,3,4,1,136145.0
2024-01-01,3,4,2,239723.0
2024-01-01,3,4,3,107901.0
2024-01-01,3,4,4,177438.0
2024-01-01,3,5,1,233062.0
2024-01-01,3,5,2,215068.0
2024-01-01,3,5,3,159114.0
2024-01-01,3,5,4,217193.0
2024-01-01,3,6,1,205567.0
2024-01-01,3,6,2,195717.0
2024-01-01,3,6,3,225555.0
2024-01-01,3,6,4,224304.0
2024-01-01,3,7,1,203656.0
2024-01-01,3,7,2,115442.0
2024-01-01,3,7,3,112292.0
2024-01-01,3,7,4,299719.0
2024-01-01,3,8,1,208757.0
2024-01-01,3,8,2,212559.0
2024-01-01,3,8,3,148441.0
2024-01-01,3,8,4,195514.0
2024-01-01,4,3,1,231556.0
2024-01-01,4,3,2,154686.0
2024-01-01,4,3,3,194728.0
2024-01-01,4,3,4,280075.0
2024-01-01,4,4,1,254913.0
2024-01-01,4,4,2,161275.0
2024-01-01,4,4,3,125101.0
2024-01-01,4,4,4,138894.0
2024-01-01,4,5,1,180534.0
2024-01-01,4,5,2,299724.0
2024-01-01,4,5,3,139482.0
2024-01-01,4,5,4,141817.0
2024-01-01,4,6,1,192943.0
2024-01-01,4,6,2,103957.0
2024-01-01,4,6,3,263555.0
2024-01-01,4,6,4,299424.0
2024-01-01,4,7,1,154200.0
2024-01-01,4,7,2,252322.0
2024-01-01,4,7,3,178996.0
2024-01-01,4,7,4,203543.0
2024-01-01,4,8,1,298853.0
2024-01-01,4,8,2,223519.0
2024-01-01,4,8,3,271433.0
2024-01-01,4,8,4,177450.0
2024-01-01,5,3,1,295860.0
2024-01-01,5,3,2,209678.0
2024-01-01,5,3,3,283672.0
2024-01-01,5,3,4,274427.0
2024-01-01,5,4,1,103025.0
2024-01-01,5,4,2,290699.0
2024-01-01,5,4,3,162397.0
2024-01-01,5,4,4,293758.0
2024-01-01,5,5,1,250566.0
2024-01-01,5,5,2,159868.0
2024-01-01,5,5,3,231338.0
2024-01-01,5,5,4,174153.0
2024-01-01,5,6,1,286687.0
2024-01-01,5,6,2,187749.0
2024-01-01,5,6,3,146355.0
2024-01-01,5,6,4,299920.0
2024-01-01,5,7,1,178600.0
2024-01-01,5,7,2,158098.0
2024-01-01,5,7,3,225348.0
2024-01-01,5,7,4,190247.0
2024-01-01,5,8,1,145365.0
2024-01-01,5,8,2,129967.0
2024-01-01,5,8,3,209657.0
2024-01-01,5,8,4,163482.0
2024-01-01,6,3,1,266596.0
2024-01-01,6,3,2,201182.0
2024-01-01,6,3,3,245512.0
2024-01-01,6,3,4,147371.0
2024-01-01,6,4,1,110561.0
2024-01-01,6,4,2,211995.0
2024-01-01,6,4,3,196493.0
2024-01-01,6,4,4,187630.0
2024-01-01,6,5,1,213846.0
2024-01-01,6,5,2,193516.0
2024-01-01,6,5,3,253946.0
2024-01-01,6,5,4,256537.0
2024-01-01,6,6,1,139215.0
2024-01-01,6,6,2,127093.0
2024-01-01,6,6,3,273251.0
2024-01-01,6,6,4,120704.0
2024-01-01,6,7,1,297976.0
2024-01-01,6,7,2,207554.0
2024-01-01,6,7,3,120788.0
2024-01-01,6,7,4,179575.0
2024-01-01,6,8,1,278533.0
2024-01-01,6,8,2,149951.0
2024-01-01,6,8,3,202153.0
2024-01-01,6,8,4,232138.0
2024-02-01,1,1,1,561180.24
2024-02-01,1,1,2,501735.68
2024-02-01,1,1,3,414431.28
2024-02-01,1,1,4,1196959.08
2024-02-01,1,2,1,1159136.6
2024-02-01,1,2,2,1066790.28
2024-02-01,1,2,3,451635.64
2024-02-01,1,2,4,557762.4
2024-02-01,1,3,1,152473.64
2024-02-01,1,3,2,208542.78
2024-02-01,1,3,3,164533.04
2024-02-01,1,3,4,202512.07
2024-02-01,1,4,1,190672.85
2024-02-01,1,4,2,229806.31
2024-02-01,1,4,3,108818.41
2024-02-01,1,4,4,249379.1
2024-02-01,1,5,1,130191.02
2024-02-01,1,5,2,182216.12
2024-02-01,1,5,3,137854.9
2024-02-01,1,5,4,289984.13
2024-02-01,1,6,1,215153.23
2024-02-01,1,6,2,258855.93
2024-02-01,1,6,3,133597.75
2024-02-01,1,6,4,168338.72
2024-02-01,1,7,1,144510.8
2024-02-01,1,7,2,175386.5
2024-02-01,1,7,3,218810.44
2024-02-01,1,7,4,264998.75
2024-02-01,1,8,1,270022.49
2024-02-01,1,8,2,196100.59
2024-02-01,1,8,3,160041.57
2024-02-01,1,8,4,190908.18
2024-02-01,2,3,1,106757.0
2024-02-01,2,3,2,294271.58
2024-02-01,2,3,3,281515.28
2024-02-01,2,3,4,194415.91
2024-02-01,2,4,1,124336.05
2024-02-01,2,4,2,167897.35
2024-02-01,2,4,3,169369.93
2024-02-01,2,4,4,203597.82
2024-02-01,2,5,1,236152.14
2024-02-01,2,5,2,266684.44
2024-02-01,2,5,3,267991.38
2024-02-01,2,5,4,111787.81
2024-02-01,2,6,1,240540.59
2024-02-01,2,6,2,279362.97
2024-02-01,2,6,3,132159.51
2024-02-01,2,6,4,297020.8
2024-02-01,2,7,1,160363.76
2024-02-01,2,7,2,212150.5
2024-02-01,2,7,3,174742.12
2024-02-01,2,7,4,149050.75
2024-02-01,2,8,1,187784.25
2024-02-01,2,8,2,108982.03
2024-02-01,2,8,3,101978.69
2024-02-01,2,8,4,245060.34
2024-02-01,3,3,1,103573.48
2024-02-01,3,3,2,241670.78
2024-02-01,3,3,3,168960.88
2024-02-01,3,3,4,130147.59
2024-02-01,3,4,1,137506.45
2024-02-01,3,4,2,242120.23
2024-02-01,3,4,3,108980.01
2024-02-01,3,4,4,179212.38
2024-02-01,3,5,1,235392.62
2024-02-01,3,5,2,217218.68
2024-02-01,3,5,3,160705.14
2024-02-01,3,5,4,219364.93
2024-02-01,3,6,1,207622.67
2024-02-01,3,6,2,197674.17
2024-02-01,3,6,3,227810.55
2024-02-01,3,6,4,226547.04
2024-02-01,3,7,1,205692.56
2024-02-01,3,7,2,116596.42
2024-02-01,3,7,3,113414.92
2024-02-01,3,7,4,302716.19
2024-02-01,3,8,1,210844.57
2024-02-01,3,8,2,214684.59
2024-02-01,3,8,3,149925.41
2024-02-01,3,8,4,197469.14
2024-02-01,4,3,1,233871.56
2024-02-01,4,3,2,156232.86
2024-02-01,4,3,3,196675.28
2024-02-01,4,3,4,282875.75
2024-02-01,4,4,1,257462.13
2024-02-01,4,4,2,162887.75
2024-02-01,4,4,3,126352.01
2024-02-01,4,4,4,140282.94
2024-02-01,4,5,1,182339.34
2024-02-01,4,5,2,302721.24
2024-02-01,4,5,3,140876.82
2024-02-01,4,5,4,143235.17
2024-02-01,4,6,1,194872.43
2024-02-01,4,6,2,104996.57
2024-02-01,4,6,3,266190.55
2024-02-01,4,6,4,302418.24
2024-02-01,4,7,1,155742.0
2024-02-01,4,7,2,254845.22
2024-02-01,4,7,3,180785.96
2024-02-01,4,7,4,205578.43
2024-02-01,4,8,1,301841.53
2024-02-01,4,8,2,225754.19
2024-02-01,4,8,3,274147.33
2024-02-01,4,8,4,179224.5
2024-02-01,5,3,1,298818.6
2024-02-01,5,3,2,211774.78
2024-02-01,5,3,3,286508.72
2024-02-01,5,3,4,277171.27
2024-02-01,5,4,1,104055.25
2024-02-01,5,4,2,293605.99
2024-02-01,5,4,3,164020.97
2024-02-01,5,4,4,296695.58
2024-02-01,5,5,1,253071.66
2024-02-01,5,5,2,161466.68
2024-02-01,5,5,3,233651.38
2024-02-01,5,5,4,175894.53
2024-02-01,5,6,1,289553.87
2024-02-01,5,6,2,189626.49
2024-02-01,5,6,3,147818.55
2024-02-01,5,6,4,302919.2
2024-02-01,5,7,1,180386.0
2024-02-01,5,7,2,159678.98
2024-02-01,5,7,3,227601.48
2024-02-01,5,7,4,192149.47
2024-02-01,5,8,1,146818.65
2024-02-01,5,8,2,131266.67
2024-02-01,5,8,3,211753.57
2024-02-01,5,8,4,165116.82
2024-02-01,6,3,1,269261.96
2024-02-01,6,3,2,203193.82
2024-02-01,6,3,3,247967.12
2024-02-01,6,3,4,148844.71
2024-02-01,6,4,1,111666.61
2024-02-01,6,4,2,214114.95
2024-02-01,6,4,3,198457.93
2024-02-01,6,4,4,189506.3
2024-02-01,6,5,1,215984.46
2024-02-01,6,5,2,195451.16
2024-02-01,6,5,3,256485.46
2024-02-01,6,5,4,259102.37
2024-02-01,6,6,1,140607.15
2024-02-01,6,6,2,128363.93
2024-02-01,6,6,3,275983.51
2024-02-01,6,6,4,121911.04
2024-02-01,6,7,1,300955.76
2024-02-01,6,7,2,209629.54
2024-02-01,6,7,3,121995.88
2024-02-01,6,7,4,181370.75
2024-02-01,6,8,1,281318.33
2024-02-01,6,8,2,151450.51
2024-02-01,6,8,3,204174.53
2024-02-01,6,8,4,234459.38
2024-03-01,1,1,1,566736.48
2024-03-01,1,1,2,506703.36
2024-03-01,1,1,3,418534.56
2024-03-01,1,1,4,1208810.16
2024-03-01,1,2,1,1170613.2
2024-03-01,1,2,2,1077352.56
2024-03-01,1,2,3,456107.28
2024-03-01,1,2,4,563284.8
2024-03-01,1,3,1,153983.28
2024-03-01,1,3,2,210607.56
2024-03-01,1,3,3,166162.08
2024-03-01,1,3,4,204517.14
2024-03-01,1,4,1,192560.7
2024-03-01,1,4,2,232081.62
2024-03-01,1,4,3,109895.82
2024-03-01,1,4,4,251848.2
2024-03-01,1,5,1,131480.04
2024-03-01,1,5,2,184020.24
2024-03-01,1,5,3,139219.8
2024-03-01,1,5,4,292855.26
2024-03-01,1,6,1,217283.46
2024-03-01,1,6,2,261418.86
2024-03-01,1,6,3,134920.5
2024-03-01,1,6,4,170005.44
2024-03-01,1,7,1,145941.6
2024-03-01,1,7,2,177123.0
2024-03-01,1,7,3,220976.88
2024-03-01,1,7,4,267622.5
2024-03-01,1,8,1,272695.98
2024-03-01,1,8,2,198042.18
2024-03-01,1,8,3,161626.14
2024-03-01,1,8,4,192798.36
2024-03-01,2,3,1,107814.0
2024-03-01,2,3,2,297185.16
2024-03-01,2,3,3,284302.56
2024-03-01,2,3,4,196340.82
2024-03-01,2,4,1,125567.1
2024-03-01,2,4,2,169559.7
2024-03-01,2,4,3,171046.86
2024-03-01,2,4,4,205613.64
2024-03-01,2,5,1,238490.28
2024-03-01,2,5,2,269324.88
2024-03-01,2,5,3,270644.76
2024-03-01,2,5,4,112894.62
2024-03-01,2,6,1,242922.18
2024-03-01,2,6,2,282128.94
2024-03-01,2,6,3,133468.02
2024-03-01,2,6,4,299961.6
2024-03-01,2,7,1,161951.52
2024-03-01,2,7,2,214251.0
2024-03-01,2,7,3,176472.24
2024-03-01,2,7,4,150526.5
2024-03-01,2,8,1,189643.5
2024-03-01,2,8,2,110061.06
2024-03-01,2,8,3,102988.38
2024-03-01,2,8,4,247486.68
2024-03-01,3,3,1,104598.96
2024-03-01,3,3,2,244063.56
2024-03-01,3,3,3,170633.76
2024-03-01,3,3,4,131436.18
2024-03-01,3,4,1,138867.9
2024-03-01,3,4,2,244517.46
2024-03-01,3,4,3,110059.02
2024-03-01,3,4,4,180986.76
2024-03-01,3,5,1,237723.24
2024-03-01,3,5,2,219369.36
2024-03-01,3,5,3,162296.28
2024-03-01,3,5,4,221536.86
2024-03-01,3,6,1,209678.34
2024-03-01,3,6,2,199631.34
2024-03-01,3,6,3,230066.1
2024-03-01,3,6,4,228790.08
2024-03-01,3,7,1,207729.12
2024-03-01,3,7,2,117750.84
2024-03-01,3,7,3,114537.84
2024-03-01,3,7,4,305713.38
2024-03-01,3,8,1,212932.14
2024-03-01,3,8,2,216810.18
2024-03-01,3,8,3,151409.82
2024-03-01,3,8,4,199424.28
2024-03-01,4,3,1,236187.12
2024-03-01,4,3,2,157779.72
2024-03-01,4,3,3,198622.56
2024-03-01,4,3,4,285676.5
2024-03-01,4,4,1,260011.26
2024-03-01,4,4,2,164500.5
2024-03-01,4,4,3,127603.02
2024-03-01,4,4,4,141671.88
2024-03-01,4,5,1,184144.68
2024-03-01,4,5,2,305718.48
2024-03-01,4,5,3,142271.64
2024-03-01,4,5,4,144653.34
2024-03-01,4,6,1,196801.86
2024-03-01,4,6,2,106036.14
2024-03-01,4,6,3,268826.1
2024-03-01,4,6,4,305412.48
2024-03-01,4,7,1,157284.0
2024-03-01,4,7,2,257368.44
2024-03-01,4,7,3,182575.92
2024-03-01,4,7,4,207613.86
2024-03-01,4,8,1,304830.06
2024-03-01,4,8,2,227989.38
2024-03-01,4,8,3,276861.66
2024-03-01,4,8,4,180999.0
2024-03-01,5,3,1,301777.2
2024-03-01,5,3,2,213871.56
2024-03-01,5,3,3,289345.44
2024-03-01,5,3,4,279915.54
2024-03-01,5,4,1,105085.5
2024-03-01,5,4,2,296512.98
2024-03-01,5,4,3,165644.94
2024-03-01,5,4,4,299633.16
2024-03-01,5,5,1,255577.32
2024-03-01,5,5,2,163065.36
2024-03-01,5,5,3,235964.76
2024-03-01,5,5,4,177636.06
2024-03-01,5,6,1,292420.74
2024-03-01,5,6,2,191503.98
2024-03-01,5,6,3,149282.1
2024-03-01,5,6,4,305918.4
2024-03-01,5,7,1,182172.0
2024-03-01,5,7,2,161259.96
2024-03-01,5,7,3,229854.96
2024-03-01,5,7,4,194051.94
2024-03-01,5,8,1,148272.3
2024-03-01,5,8,2,132566.34
2024-03-01,5,8,3,213850.14
2024-03-01,5,8,4,166751.64
2024-03-01,6,3,1,271927.92
2024-03-01,6,3,2,205205.64
2024-03-01,6,3,3,250422.24
2024-03-01,6,3,4,150318.42
2024-03-01,6,4,1,112772.22
2024-03-01,6,4,2,216234.9
2024-03-01,6,4,3,200422.86
2024-03-01,6,4,4,191382.6
2024-03-01,6,5,1,218122.92
2024-03-01,6,5,2,197386.32
2024-03-01,6,5,3,259024.92
2024-03-01,6,5,4,261667.74
2024-03-01,6,6,1,141999.3
2024-03-01,6,6,2,129634.86
2024-03-01,6,6,3,278716.02
2024-03-01,6,6,4,123118.08
2024-03-01,6,7,1,303935.52
2024-03-01,6,7,2,211705.08
2024-03-01,6,7,3,123203.76
2024-03-01,6,7,4,183166.5
2024-03-01,6,8,1,284103.66
2024-03-01,6,8,2,152950.02
2024-03-01,6,8,3,206196.06
2024-03-01,6,8,4,236780.76
2024-04-01,1,1,1,572292.72
2024-04-01,1,1,2,511671.04
2024-04-01,1,1,3,422637.84
2024-04-01,1,1,4,1220661.24
2024-04-01,1,2,1,1182089.8
2024-04-01,1,2,2,1087914.84
2024-04-01,1,2,3,460578.92
2024-04-01,1,2,4,568807.2
2024-04-01,1,3,1,155492.92
2024-04-01,1,3,2,212672.34
2024-04-01,1,3,3,167791.12
2024-04-01,1,3,4,206522.21
2024-04-01,1,4,1,194448.55
2024-04-01,1,4,2,234356.93
2024-04-01,1,4,3,110973.23
2024-04-01,1,4,4,254317.3
2024-04-01,1,5,1,132769.06
2024-04-01,1,5,2,185824.36
2024-04-01,1,5,3,140584.7
2024-04-01,1,5,4,295726.39
2024-04-01,1,6,1,219413.69
2024-04-01,1,6,2,263981.79
2024-04-01,1,6,3,136243.25
2024-04-01,1,6,4,171672.16
2024-04-01,1,7,1,147372.4
2024-04-01,1,7,2,178859.5
2024-04-01,1,7,3,223143.32
2024-04-01,1,7,4,270246.25
2024-04-01,1,8,1,275369.47
2024-04-01,1,8,2,199983.77
2024-04-01,1,8,3,163210.71
2024-04-01,1,8,4,194688.54
2024-04-01,2,3,1,108871.0
2024-04-01,2,3,2,300098.74
2024-04-01,2,3,3,287089.84
2024-04-01,2,3,4,198265.73
2024-04-01,2,4,1,126798.15
2024-04-01,2,4,2,171222.05
2024-04-01,2,4,3,172723.79
2024-04-01,2,4,4,207629.46
2024-04-01,2,5,1,240828.42
2024-04-01,2,5,2,271965.32
2024-04-01,2,5,3,273298.14
2024-04-01,2,5,4,114001.43
2024-04-01,2,6,1,245303.77
2024-04-01,2,6,2,284894.91
2024-04-01,2,6,3,134776.53
2024-04-01,2,6,4,302902.4
2024-04-01,2,7,1,163539.28
2024-04-01,2,7,2,216351.5
2024-04-01,2,7,3,178202.36
2024-04-01,2,7,4,152002.25
2024-04-01,2,8,1,191502.75
2024-04-01,2,8,2,111140.09
2024-04-01,2,8,3,103998.07
2024-04-01,2,8,4,249913.02
2024-04-01,3,3,1,105624.44
2024-04-01,3,3,2,246456.34
2024-04-01,3,3,3,172306.64
2024-04-01,3,3,4,132724.77
2024-04-01,3,4,1,140229.35
2024-04-01,3,4,2,246914.69
2024-04-01,3,4,3,111138.03
2024-04-01,3,4,4,182761.14
2024-04-01,3,5,1,240053.86
2024-04-01,3,5,2,221520.04
2024-04-01,3,5,3,163887.42
2024-04-01,3,5,4,223708.79
2024-04-01,3,6,1,211734.01
2024-04-01,3,6,2,201588.51
2024-04-01,3,6,3,232321.65
2024-04-01,3,6,4,231033.12
2024-04-01,3,7,1,209765.68
2024-04-01,3,7,2,118905.26
2024-04-01,3,7,3,115660.76
2024-04-01,3,7,4,308710.57
2024-04-01,3,8,1,215019.71
2024-04-01,3,8,2,218935.77
2024-04-01,3,8,3,152894.23
2024-04-01,3,8,4,201379.42
2024-04-01,4,3,1,238502.68
2024-04-01,4,3,2,159326.58
2024-04-01,4,3,3,200569.84
2024-04-01,4,3,4,288477.25
2024-04-01,4,4,1,262560.39
2024-04-01,4,4,2,166113.25
2024-04-01,4,4,3,128854.03
2024-04-01,4,4,4,143060.82
2024-04-01,4,5,1,185950.02
2024-04-01,4,5,2,308715.72
2024-04-01,4,5,3,143666.46
2024-04-01,4,5,4,146071.51
2024-04-01,4,6,1,198731.29
2024-04-01,4,6,2,107075.71
2024-04-01,4,6,3,271461.65
2024-04-01,4,6,4,308406.72
2024-04-01,4,7,1,158826.0
2024-04-01,4,7,2,259891.66
2024-04-01,4,7,3,184365.88
2024-04-01,4,7,4,209649.29
2024-04-01,4,8,1,307818.59
2024-04-01,4,8,2,230224.57
2024-04-01,4,8,3,279575.99
2024-04-01,4,8,4,182773.5
2024-04-01,5,3,1,304735.8
2024-04-01,5,3,2,215968.34
2024-04-01,5,3,3,292182.16
2024-04-01,5,3,4,282659.81
2024-04-01,5,4,1,106115.75
2024-04-01,5,4,2,299419.97
2024-04-01,5,4,3,167268.91
2024-04-01,5,4,4,302570.74
2024-04-01,5,5,1,258082.98
2024-04-01,5,5,2,164664.04
2024-04-01,5,5,3,238278.14
2024-04-01,5,5,4,179377.59
2024-04-01,5,6,1,295287.61
2024-04-01,5,6,2,193381.47
2024-04-01,5,6,3,150745.65
2024-04-01,5,6,4,308917.6
2024-04-01,5,7,1,183958.0
2024-04-01,5,7,2,162840.94
2024-04-01,5,7,3,232108.44
2024-04-01,5,7,4,195954.41
2024-04-01,5,8,1,149725.95
2024-04-01,5,8,2,133866.01
2024-04-01,5,8,3,215946.71
2024-04-01,5,8,4,168386.46
2024-04-01,6,3,1,274593.88
2024-04-01,6,3,2,207217.46
2024-04-01,6,3,3,252877.36
2024-04-01,6,3,4,151792.13
2024-04-01,6,4,1,113877.83
2024-04-01,6,4,2,218354.85
2024-04-01,6,4,3,202387.79
2024-04-01,6,4,4,193258.9
2024-04-01,6,5,1,220261.38
2024-04-01,6,5,2,199321.48
2024-04-01,6,5,3,261564.38
2024-04-01,6,5,4,264233.11
2024-04-01,6,6,1,143391.45
2024-04-01,6,6,2,130905.79
2024-04-01,6,6,3,281448.53
2024-04-01,6,6,4,124325.12
2024-04-01,6,7,1,306915.28
2024-04-01,6,7,2,213780.62
2024-04-01,6,7,3,124411.64
2024-04-01,6,7,4,184962.25
2024-04-01,6,8,1,286888.99
2024-04-01,6,8,2,154449.53
2024-04-01,6,8,3,208217.59
2024-04-01,6,8,4,239102.14
2024-05-01,1,1,1,577848.96
2024-05-01,1,1,2,516638.72
2024-05-01,1,1,3,426741.12
2024-05-01,1,1,4,1232512.32
2024-05-01,1,2,1,1193566.4
2024-05-01,1,2,2,1098477.12
2024-05-01,1,2,3,465050.56
2024-05-01,1,2,4,574329.6
2024-05-01,1,3,1,157002.56
2024-05-01,1,3,2,214737.12
2024-05-01,1,3,3,169420.16
2024-05-01,1,3,4,208527.28
2024-05-01,1,4,1,196336.4
2024-05-01,1,4,2,236632.24
2024-05-01,1,4,3,112050.64
2024-05-01,1,4,4,256786.4
2024-05-01,1,5,1,134058.08
2024-05-01,1,5,2,187628.48
2024-05-01,1,5,3,141949.6
2024-05-01,1,5,4,298597.52
2024-05-01,1,6,1,221543.92
2024-05-01,1,6,2,266544.72
2024-05-01,1,6,3,137566.0
2024-05-01,1,6,4,173338.88
2024-05-01,1,7,1,148803.2
2024-05-01,1,7,2,180596.0
2024-05-01,1,7,3,225309.76
2024-05-01,1,7,4,272870.0
2024-05-01,1,8,1,278042.96
2024-05-01,1,8,2,201925.36
2024-05-01,1,8,3,164795.28
2024-05-01,1,8,4,196578.72
2024-05-01,2,3,1,109928.0
2024-05-01,2,3,2,303012.32
2024-05-01,2,3,3,289877.12
2024-05-01,2,3,4,200190.64
2024-05-01,2,4,1,128029.2
2024-05-01,2,4,2,172884.4
2024-05-01,2,4,3,174400.72
2024-05-01,2,4,4,209645.28
2024-05-01,2,5,1,243166.56
2024-05-01,2,5,2,274605.76
2024-05-01,2,5,3,275951.52
2024-05-01,2,5,4,115108.24
2024-05-01,2,6,1,247685.36
2024-05-01,2,6,2,287660.88
2024-05-01,2,6,3,136085.04
2024-05-01,2,6,4,305843.2
2024-05-01,2,7,1,165127.04
2024-05-01,2,7,2,218452.0
2024-05-01,2,7,3,179932.48
2024-05-01,2,7,4,153478.0
2024-05-01,2,8,1,193362.0
2024-05-01,2,8,2,112219.12
2024-05-01,2,8,3,105007.76
2024-05-01,2,8,4,252339.36
2024-05-01,3,3,1,106649.92
2024-05-01,3,3,2,248849.12
2024-05-01,3,3,3,173979.52
2024-05-01,3,3,4,134013.36
2024-05-01,3,4,1,141590.8
2024-05-01,3,4,2,249311.92
2024-05-01,3,4,3,112217.04
2024-05-01,3,4,4,184535.52
2024-05-01,3,5,1,242384.48
2024-05-01,3,5,2,223670.72
2024-05-01,3,5,3,165478.56
2024-05-01,3,5,4,225880.72
2024-05-01,3,6,1,213789.68
2024-05-01,3,6,2,203545.68
2024-05-01,3,6,3,234577.2
2024-05-01,3,6,4,233276.16
2024-05-01,3,7,1,211802.24
2024-05-01,3,7,2,120059.68
2024-05-01,3,7,3,116783.68
2024-05-01,3,7,4,311707.76
2024-05-01,3,8,1,217107.28
2024-05-01,3,8,2,221061.36
2024-05-01,3,8,3,154378.64
2024-05-01,3,8,4,203334.56
2024-05-01,4,3,1,240818.24
2024-05-01,4,3,2,160873.44
2024-05-01,4,3,3,202517.12
2024-05-01,4,3,4,291278.0
2024-05-01,4,4,1,265109.52
2024-05-01,4,4,2,167726.0
2024-05-01,4,4,3,130105.04
2024-05-01,4,4,4,144449.76
2024-05-01,4,5,1,187755.36
2024-05-01,4,5,2,311712.96
2024-05-01,4,5,3,145061.28
2024-05-01,4,5,4,147489.68
2024-05-01,4,6,1,200660.72
2024-05-01,4,6,2,108115.28
2024-05-01,4,6,3,274097.2
2024-05-01,4,6,4,311400.96
2024-05-01,4,7,1,160368.0
2024-05-01,4,7,2,262414.88
2024-05-01,4,7,3,186155.84
2024-05-01,4,7,4,211684.72
2024-05-01,4,8,1,310807.12
2024-05-01,4,8,2,232459.76
2024-05-01,4,8,3,282290.32
2024-05-01,4,8,4,184548.0
2024-05-01,5,3,1,307694.4
2024-05-01,5,3,2,218065.12
2024-05-01,5,3,3,295018.88
2024-05-01,5,3,4,285404.08
2024-05-01,5,4,1,107146.0
2024-05-01,5,4,2,302326.96
2024-05-01,5,4,3,168892.88
2024-05-01,5,4,4,305508.32
2024-05-01,5,5,1,260588.64
2024-05-01,5,5,2,166262.72
2024-05-01,5,5,3,240591.52
2024-05-01,5,5,4,181119.12
2024-05-01,5,6,1,298154.48
2024-05-01,5,6,2,195258.96
2024-05-01,5,6,3,152209.2
2024-05-01,5,6,4,311916.8
2024-05-01,5,7,1,185744.0
2024-05-01,5,7,2,164421.92
2024-05-01,5,7,3,234361.92
2024-05-01,5,7,4,197856.88
2024-05-01,5,8,1,151179.6
2024-05-01,5,8,2,135165.68
2024-05-01,5,8,3,218043.28
2024-05-01,5,8,4,170021.28
2024-05-01,6,3,1,277259.84
2024-05-01,6,3,2,209229.28
2024-05-01,6,3,3,255332.48
2024-05-01,6,3,4,153265.84
2024-05-01,6,4,1,114983.44
2024-05-01,6,4,2,220474.8
2024-05-01,6,4,3,204352.72
2024-05-01,6,4,4,195135.2
2024-05-01,6,5,1,222399.84
2024-05-01,6,5,2,201256.64
2024-05-01,6,5,3,264103.84
2024-05-01,6,5,4,266798.48
2024-05-01,6,6,1,144783.6
2024-05-01,6,6,2,132176.72
2024-05-01,6,6,3,284181.04
2024-05-01,6,6,4,125532.16
2024-05-01,6,7,1,309895.04
2024-05-01,6,7,2,215856.16
2024-05-01,6,7,3,125619.52
2024-05-01,6,7,4,186758.0
2024-05-01,6,8,1,289674.32
2024-05-01,6,8,2,155949.04
2024-05-01,6,8,3,210239.12
2024-05-01,6,8,4,241423.52
2024-06-01,1,1,1,583405.2
2024-06-01,1,1,2,521606.4
2024-06-01,1,1,3,430844.4
2024-06-01,1,1,4,1244363.4
2024-06-01,1,2,1,1205043.0
2024-06-01,1,2,2,1109039.4
2024-06-01,1,2,3,469522.2
2024-06-01,1,2,4,579852.0
2024-06-01,1,3,1,158512.2
2024-06-01,1,3,2,216801.9
2024-06-01,1,3,3,171049.2
2024-06-01,1,3,4,210532.35
2024-06-01,1,4,1,198224.25
2024-06-01,1,4,2,238907.55
2024-06-01,1,4,3,113128.05
2024-06-01,1,4,4,259255.5
2024-06-01,1,5,1,135347.1
2024-06-01,1,5,2,189432.6
2024-06-01,1,5,3,143314.5
2024-06-01,1,5,4,301468.65
2024-06-01,1,6,1,223674.15
2024-06-01,1,6,2,269107.65
2024-06-01,1,6,3,138888.75
2024-06-01,1,6,4,175005.6
2024-06-01,1,7,1,150234.0
2024-06-01,1,7,2,182332.5
2024-06-01,1,7,3,227476.2
2024-06-01,1,7,4,275493.75
2024-06-01,1,8,1,280716.45
2024-06-01,1,8,2,203866.95
2024-06-01,1,8,3,166379.85
2024-06-01,1,8,4,198468.9
2024-06-01,2,3,1,110985.0
2024-06-01,2,3,2,305925.9
2024-06-01,2,3,3,292664.4
2024-06-01,2,3,4,202115.55
2024-06-01,2,4,1,129260.25
2024-06-01,2,4,2,174546.75
2024-06-01,2,4,3,176077.65
2024-06-01,2,4,4,211661.1
2024-06-01,2,5,1,245504.7
2024-06-01,2,5,2,277246.2
2024-06-01,2,5,3,278604.9
2024-06-01,2,5,4,116215.05
2024-06-01,2,6,1,250066.95
2024-06-01,2,6,2,290426.85
2024-06-01,2,6,3,137393.55
2024-06-01,2,6,4,308784.0
2024-06-01,2,7,1,166714.8
2024-06-01,2,7,2,220552.5
2024-06-01,2,7,3,181662.6
2024-06-01,2,7,4,154953.75
2024-06-01,2,8,1,195221.25
2024-06-01,2,8,2,113298.15
2024-06-01,2,8,3,106017.45
2024-06-01,2,8,4,254765.7
2024-06-01,3,3,1,107675.4
2024-06-01,3,3,2,251241.9
2024-06-01,3,3,3,175652.4
2024-06-01,3,3,4,135301.95
2024-06-01,3,4,1,142952.25
2024-06-01,3,4,2,251709.15
2024-06-01,3,4,3,113296.05
2024-06-01,3,4,4,186309.9
2024-06-01,3,5,1,244715.1
2024-06-01,3,5,2,225821.4
2024-06-01,3,5,3,167069.7
2024-06-01,3,5,4,228052.65
2024-06-01,3,6,1,215845.35
2024-06-01,3,6,2,205502.85
2024-06-01,3,6,3,236832.75
2024-06-01,3,6,4,235519.2
2024-06-01,3,7,1,213838.8
2024-06-01,3,7,2,121214.1
2024-06-01,3,7,3,117906.6
2024-06-01,3,7,4,314704.95
2024-06-01,3,8,1,219194.85
2024-06-01,3,8,2,223186.95
2024-06-01,3,8,3,155863.05
2024-06-01,3,8,4,205289.7
2024-06-01,4,3,1,243133.8
2024-06-01,4,3,2,162420.3
2024-06-01,4,3,3,204464.4
2024-06-01,4,3,4,294078.75
2024-06-01,4,4,1,267658.65
2024-06-01,4,4,2,169338.75
2024-06-01,4,4,3,131356.05
2024-06-01,4,4,4,145838.7
2024-06-01,4,5,1,189560.7
2024-06-01,4,5,2,314710.2
2024-06-01,4,5,3,146456.1
2024-06-01,4,5,4,148907.85
2024-06-01,4,6,1,202590.15
2024-06-01,4,6,2,109154.85
2024-06-01,4,6,3,276732.75
2024-06-01,4,6,4,314395.2
2024-06-01,4,7,1,161910.0
2024-06-01,4,7,2,264938.1
2024-06-01,4,7,3,187945.8
2024-06-01,4,7,4,213720.15
2024-06-01,4,8,1,313795.65
2024-06-01,4,8,2,234694.95
2024-06-01,4,8,3,285004.65
2024-06-01,4,8,4,186322.5
2024-06-01,5,3,1,310653.0
2024-06-01,5,3,2,220161.9
2024-06-01,5,3,3,297855.6
2024-06-01,5,3,4,288148.35
2024-06-01,5,4,1,108176.25
2024-06-01,5,4,2,305233.95
2024-06-01,5,4,3,170516.85
2024-06-01,5,4,4,308445.9
2024-06-01,5,5,1,263094.3
2024-06-01,5,5,2,167861.4
2024-06-01,5,5,3,242904.9
2024-06-01,5,5,4,182860.65
2024-06-01,5,6,1,301021.35
2024-06-01,5,6,2,197136.45
2024-06-01,5,6,3,153672.75
2024-06-01,5,6,4,314916.0
2024-06-01,5,7,1,187530.0
2024-06-01,5,7,2,166002.9
2024-06-01,5,7,3,236615.4
2024-06-01,5,7,4,199759.35
2024-06-01,5,8,1,152633.25
2024-06-01,5,8,2,136465.35
2024-06-01,5,8,3,220139.85
2024-06-01,5,8,4,171656.1
2024-06-01,6,3,1,279925.8
2024-06-01,6,3,2,211241.1
2024-06-01,6,3,3,257787.6
2024-06-01,6,3,4,154739.55
2024-06-01,6,4,1,116089.05
2024-06-01,6,4,2,222594.75
2024-06-01,6,4,3,206317.65
2024-06-01,6,4,4,197011.5
2024-06-01,6,5,1,224538.3
2024-06-01,6,5,2,203191.8
2024-06-01,6,5,3,266643.3
2024-06-01,6,5,4,269363.85
2024-06-01,6,6,1,146175.75
2024-06-01,6,6,2,133447.65
2024-06-01,6,6,3,286913.55
2024-06-01,6,6,4,126739.2
2024-06-01,6,7,1,312874.8
2024-06-01,6,7,2,217931.7
2024-06-01,6,7,3,126827.4
2024-06-01,6,7,4,188553.75
2024-06-01,6,8,1,292459.65
2024-06-01,6,8,2,157448.55
2024-06-01,6,8,3,212260.65
2024-06-01,6,8,4,243744.9
2024-07-01,1,1,1,588961.44
2024-07-01,1,1,2,526574.08
2024-07-01,1,1,3,434947.68
2024-07-01,1,1,4,1256214.48
2024-07-01,1,2,1,1216519.6
2024-07-01,1,2,2,1119601.68
2024-07-01,1,2,3,473993.84
2024-07-01,1,2,4,585374.4
2024-07-01,1,3,1,160021.84
2024-07-01,1,3,2,218866.68
2024-07-01,1,3,3,172678.24
2024-07-01,1,3,4,212537.42
2024-07-01,1,4,1,200112.1
2024-07-01,1,4,2,241182.86
2024-07-01,1,4,3,114205.46
2024-07-01,1,4,4,261724.6
2024-07-01,1,5,1,136636.12
2024-07-01,1,5,2,191236.72
2024-07-01,1,5,3,144679.4
2024-07-01,1,5,4,304339.78
2024-07-01,1,6,1,225804.38
2024-07-01,1,6,2,271670.58
2024-07-01,1,6,3,140211.5
2024-07-01,1,6,4,176672.32
2024-07-01,1,7,1,151664.8
2024-07-01,1,7,2,184069.0
2024-07-01,1,7,3,229642.64
2024-07-01,1,7,4,278117.5
2024-07-01,1,8,1,283389.94
2024-07-01,1,8,2,205808.54
2024-07-01,1,8,3,167964.42
2024-07-01,1,8,4,200359.08
2024-07-01,2,3,1,112042.0
2024-07-01,2,3,2,308839.48
2024-07-01,2,3,3,295451.68
2024-07-01,2,3,4,204040.46
2024-07-01,2,4,1,130491.3
2024-07-01,2,4,2,176209.1
2024-07-01,2,4,3,177754.58
2024-07-01,2,4,4,213676.92
2024-07-01,2,5,1,247842.84
2024-07-01,2,5,2,279886.64
2024-07-01,2,5,3,281258.28
2024-07-01,2,5,4,117321.86
2024-07-01,2,6,1,252448.54
2024-07-01,2,6,2,293192.82
2024-07-01,2,6,3,138702.06
2024-07-01,2,6,4,311724.8
2024-07-01,2,7,1,168302.56
2024-07-01,2,7,2,222653.0
2024-07-01,2,7,3,183392.72
2024-07-01,2,7,4,156429.5
2024-07-01,2,8,1,197080.5
2024-07-01,2,8,2,114377.18
2024-07-01,2,8,3,107027.14
2024-07-01,2,8,4,257192.04
2024-07-01,3,3,1,108700.88
2024-07-01,3,3,2,253634.68
2024-07-01,3,3,3,177325.28
2024-07-01,3,3,4,136590.54
2024-07-01,3,4,1,144313.7
2024-07-01,3,4,2,254106.38
2024-07-01,3,4,3,114375.06
2024-07-01,3,4,4,188084.28
2024-07-01,3,5,1,247045.72
2024-07-01,3,5,2,227972.08
2024-07-01,3,5,3,168660.84
2024-07-01,3,5,4,230224.58
2024-07-01,3,6,1,217901.02
2024-07-01,3,6,2,207460.02
2024-07-01,3,6,3,239088.3
2024-07-01,3,6,4,237762.24
2024-07-01,3,7,1,215875.36
2024-07-01,3,7,2,122368.52
2024-07-01,3,7,3,119029.52
2024-07-01,3,7,4,317702.14
2024-07-01,3,8,1,221282.42
2024-07-01,3,8,2,225312.54
2024-07-01,3,8,3,157347.46
2024-07-01,3,8,4,207244.84
2024-07-01,4,3,1,245449.36
2024-07-01,4,3,2,163967.16
2024-07-01,4,3,3,206411.68
2024-07-01,4,3,4,296879.5
2024-07-01,4,4,1,270207.78
2024-07-01,4,4,2,170951.5
2024-07-01,4,4,3,132607.06
2024-07-01,4,4,4,147227.64
2024-07-01,4,5,1,191366.04
2024-07-01,4,5,2,317707.44
2024-07-01,4,5,3,147850.92
2024-07-01,4,5,4,150326.02
2024-07-01,4,6,1,204519.58
2024-07-01,4,6,2,110194.42
2024-07-01,4,6,3,279368.3
2024-07-01,4,6,4,317389.44
2024-07-01,4,7,1,163452.0
2024-07-01,4,7,2,267461.32
2024-07-01,4,7,3,189735.76
2024-07-01,4,7,4,215755.58
2024-07-01,4,8,1,316784.18
2024-07-01,4,8,2,236930.14
2024-07-01,4,8,3,287718.98
2024-07-01,4,8,4,188097.0
2024-07-01,5,3,1,313611.6
2024-07-01,5,3,2,222258.68
2024-07-01,5,3,3,300692.32
2024-07-01,5,3,4,290892.62
2024-07-01,5,4,1,109206.5
2024-07-01,5,4,2,308140.94
2024-07-01,5,4,3,172140.82
2024-07-01,5,4,4,311383.48
2024-07-01,5,5,1,265599.96
2024-07-01,5,5,2,169460.08
2024-07-01,5,5,3,245218.28
2024-07-01,5,5,4,184602.18
2024-07-01,5,6,1,303888.22
2024-07-01,5,6,2,199013.94
2024-07-01,5,6,3,155136.3
2024-07-01,5,6,4,317915.2
2024-07-01,5,7,1,189316.0
2024-07-01,5,7,2,167583.88
2024-07-01,5,7,3,238868.88
2024-07-01,5,7,4,201661.82
2024-07-01,5,8,1,154086.9
2024-07-01,5,8,2,137765.02
2024-07-01,5,8,3,222236.42
2024-07-01,5,8,4,173290.92
2024-07-01,6,3,1,282591.76
2024-07-01,6,3,2,213252.92
2024-07-01,6,3,3,260242.72
2024-07-01,6,3,4,156213.26
2024-07-01,6,4,1,117194.66
2024-07-01,6,4,2,224714.7
2024-07-01,6,4,3,208282.58
2024-07-01,6,4,4,198887.8
2024-07-01,6,5,1,226676.76
2024-07-01,6,5,2,205126.96
2024-07-01,6,5,3,269182.76
2024-07-01,6,5,4,271929.22
2024-07-01,6,6,1,147567.9
2024-07-01,6,6,2,134718.58
2024-07-01,6,6,3,289646.06
2024-07-01,6,6,4,127946.24
2024-07-01,6,7,1,315854.56
2024-07-01,6,7,2,220007.24
2024-07-01,6,7,3,128035.28
2024-07-01,6,7,4,190349.5
2024-07-01,6,8,1,295244.98
2024-07-01,6,8,2,158948.06
2024-07-01,6,8,3,214282.18
2024-07-01,6,8,4,246066.28
2024-08-01,1,1,1,594517.68
2024-08-01,1,1,2,531541.76
2024-08-01,1,1,3,439050.96
2024-08-01,1,1,4,1268065.56
2024-08-01,1,2,1,1227996.2
2024-08-01,1,2,2,1130163.96
2024-08-01,1,2,3,478465.48
2024-08-01,1,2,4,590896.8
2024-08-01,1,3,1,161531.48
2024-08-01,1,3,2,220931.46
2024-08-01,1,3,3,174307.28
2024-08-01,1,3,4,214542.49
2024-08-01,1,4,1,201999.95
2024-08-01,1,4,2,243458.17
2024-08-01,1,4,3,115282.87
2024-08-01,1,4,4,264193.7
2024-08-01,1,5,1,137925.14
2024-08-01,1,5,2,193040.84
2024-08-01,1,5,3,146044.3
2024-08-01,1,5,4,307210.91
2024-08-01,1,6,1,227934.61
2024-08-01,1,6,2,274233.51
2024-08-01,1,6,3,141534.25
2024-08-01,1,6,4,178339.04
2024-08-01,1,7,1,153095.6
2024-08-01,1,7,2,185805.5
2024-08-01,1,7,3,231809.08
2024-08-01,1,7,4,280741.25
2024-08-01,1,8,1,286063.43
2024-08-01,1,8,2,207750.13
2024-08-01,1,8,3,169548.99
2024-08-01,1,8,4,202249.26
2024-08-01,2,3,1,113099.0
2024-08-01,2,3,2,311753.06
2024-08-01,2,3,3,298238.96
2024-08-01,2,3,4,205965.37
2024-08-01,2,4,1,131722.35
2024-08-01,2,4,2,177871.45
2024-08-01,2,4,3,179431.51
2024-08-01,2,4,4,215692.74
2024-08-01,2,5,1,250180.98
2024-08-01,2,5,2,282527.08
2024-08-01,2,5,3,283911.66
2024-08-01,2,5,4,118428.67
2024-08-01,2,6,1,254830.13
2024-08-01,2,6,2,295958.79
2024-08-01,2,6,3,140010.57
2024-08-01,2,6,4,314665.6
2024-08-01,2,7,1,169890.32
2024-08-01,2,7,2,224753.5
2024-08-01,2,7,3,185122.84
2024-08-01,2,7,4,157905.25
2024-08-01,2,8,1,198939.75
2024-08-01,2,8,2,115456.21
2024-08-01,2,8,3,108036.83
2024-08-01,2,8,4,259618.38
2024-08-01,3,3,1,109726.36
2024-08-01,3,3,2,256027.46
2024-08-01,3,3,3,178998.16
2024-08-01,3,3,4,137879.13
2024-08-01,3,4,1,145675.15
2024-08-01,3,4,2,256503.61
2024-08-01,3,4,3,115454.07
2024-08-01,3,4,4,189858.66
2024-08-01,3,5,1,249376.34
2024-08-01,3,5,2,230122.76
2024-08-01,3,5,3,170251.98
2024-08-01,3,5,4,232396.51
2024-08-01,3,6,1,219956.69
2024-08-01,3,6,2,209417.19
2024-08-01,3,6,3,241343.85
2024-08-01,3,6,4,240005.28
2024-08-01,3,7,1,217911.92
2024-08-01,3,7,2,123522.94
2024-08-01,3,7,3,120152.44
2024-08-01,3,7,4,320699.33
2024-08-01,3,8,1,223369.99
2024-08-01,3,8,2,227438.13
2024-08-01,3,8,3,158831.87
2024-08-01,3,8,4,209199.98
2024-08-01,4,3,1,247764.92
2024-08-01,4,3,2,165514.02
2024-08-01,4,3,3,208358.96
2024-08-01,4,3,4,299680.25
2024-08-01,4,4,1,272756.91
2024-08-01,4,4,2,172564.25
2024-08-01,4,4,3,133858.07
2024-08-01,4,4,4,148616.58
2024-08-01,4,5,1,193171.38
2024-08-01,4,5,2,320704.68
2024-08-01,4,5,3,149245.74
2024-08-01,4,5,4,151744.19
2024-08-01,4,6,1,206449.01
2024-08-01,4,6,2,111233.99
2024-08-01,4,6,3,282003.85
2024-08-01,4,6,4,320383.68
2024-08-01,4,7,1,164994.0
2024-08-01,4,7,2,269984.54
2024-08-01,4,7,3,191525.72
2024-08-01,4,7,4,217791.01
2024-08-01,4,8,1,319772.71
2024-08-01,4,8,2,239165.33
2024-08-01,4,8,3,290433.31
2024-08-01,4,8,4,189871.5
2024-08-01,5,3,1,316570.2
2024-08-01,5,3,2,224355.46
2024-08-01,5,3,3,303529.04
2024-08-01,5,3,4,293636.89
2024-08-01,5,4,1,110236.75
2024-08-01,5,4,2,311047.93
2024-08-01,5,4,3,173764.79
2024-08-01,5,4,4,314321.06
2024-08-01,5,5,1,268105.62
2024-08-01,5,5,2,171058.76
2024-08-01,5,5,3,247531.66
2024-08-01,5,5,4,186343.71
2024-08-01,5,6,1,306755.09
2024-08-01,5,6,2,200891.43
2024-08-01,5,6,3,156599.85
2024-08-01,5,6,4,320914.4
2024-08-01,5,7,1,191102.0
2024-08-01,5,7,2,169164.86
2024-08-01,5,7,3,241122.36
2024-08-01,5,7,4,203564.29
2024-08-01,5,8,1,155540.55
2024-08-01,5,8,2,139064.69
2024-08-01,5,8,3,224332.99
2024-08-01,5,8,4,174925.74
2024-08-01,6,3,1,285257.72
2024-08-01,6,3,2,215264.74
2024-08-01,6,3,3,262697.84
2024-08-01,6,3,4,157686.97
2024-08-01,6,4,1,118300.27
2024-08-01,6,4,2,226834.65
2024-08-01,6,4,3,210247.51
2024-08-01,6,4,4,200764.1
2024-08-01,6,5,1,228815.22
2024-08-01,6,5,2,207062.12
2024-08-01,6,5,3,271722.22
2024-08-01,6,5,4,274494.59
2024-08-01,6,6,1,148960.05
2024-08-01,6,6,2,135989.51
2024-08-01,6,6,3,292378.57
2024-08-01,6,6,4,129153.28
2024-08-01,6,7,1,318834.32
2024-08-01,6,7,2,222082.78
2024-08-01,6,7,3,129243.16
2024-08-01,6,7,4,192145.25
2024-08-01,6,8,1,298030.31
2024-08-01,6,8,2,160447.57
2024-08-01,6,8,3,216303.71
2024-08-01,6,8,4,248387.66
2024-09-01,1,1,1,600073.92
2024-09-01,1,1,2,536509.44
2024-09-01,1,1,3,443154.24
2024-09-01,1,1,4,1279916.64
2024-09-01,1,2,1,1239472.8
2024-09-01,1,2,2,1140726.24
2024-09-01,1,2,3,482937.12
2024-09-01,1,2,4,596419.2
2024-09-01,1,3,1,163041.12
2024-09-01,1,3,2,222996.24
2024-09-01,1,3,3,175936.32
2024-09-01,1,3,4,216547.56
2024-09-01,1,4,1,203887.8
2024-09-01,1,4,2,245733.48
2024-09-01,1,4,3,116360.28
2024-09-01,1,4,4,266662.8
2024-09-01,1,5,1,139214.16
2024-09-01,1,5,2,194844.96
2024-09-01,1,5,3,147409.2
2024-09-01,1,5,4,310082.04
2024-09-01,1,6,1,230064.84
2024-09-01,1,6,2,276796.44
2024-09-01,1,6,3,142857.0
2024-09-01,1,6,4,180005.76
2024-09-01,1,7,1,154526.4
2024-09-01,1,7,2,187542.0
2024-09-01,1,7,3,233975.52
2024-09-01,1,7,4,283365.0
2024-09-01,1,8,1,288736.92
2024-09-01,1,8,2,209691.72
2024-09-01,1,8,3,171133.56
2024-09-01,1,8,4,204139.44
2024-09-01,2,3,1,114156.0
2024-09-01,2,3,2,314666.64
2024-09-01,2,3,3,301026.24
2024-09-01,2,3,4,207890.28
2024-09-01,2,4,1,132953.4
2024-09-01,2,4,2,179533.8
2024-09-01,2,4,3,181108.44
2024-09-01,2,4,4,217708.56
2024-09-01,2,5,1,252519.12
2024-09-01,2,5,2,285167.52
2024-09-01,2,5,3,286565.04
2024-09-01,2,5,4,119535.48
2024-09-01,2,6,1,257211.72
2024-09-01,2,6,2,298724.76
2024-09-01,2,6,3,141319.08
2024-09-01,2,6,4,317606.4
2024-09-01,2,7,1,171478.08
2024-09-01,2,7,2,226854.0
2024-09-01,2,7,3,186852.96
2024-09-01,2,7,4,159381.0
2024-09-01,2,8,1,200799.0
2024-09-01,2,8,2,116535.24
2024-09-01,2,8,3,109046.52
2024-09-01,2,8,4,262044.72
2024-09-01,3,3,1,110751.84
2024-09-01,3,3,2,258420.24
2024-09-01,3,3,3,180671.04
2024-09-01,3,3,4,139167.72
2024-09-01,3,4,1,147036.6
2024-09-01,3,4,2,258900.84
2024-09-01,3,4,3,116533.08
2024-09-01,3,4,4,191633.04
2024-09-01,3,5,1,251706.96
2024-09-01,3,5,2,232273.44
2024-09-01,3,5,3,171843.12
2024-09-01,3,5,4,234568.44
2024-09-01,3,6,1,222012.36
2024-09-01,3,6,2,211374.36
2024-09-01,3,6,3,243599.4
2024-09-01,3,6,4,242248.32
2024-09-01,3,7,1,219948.48
2024-09-01,3,7,2,124677.36
2024-09-01,3,7,3,121275.36
2024-09-01,3,7,4,323696.52
2024-09-01,3,8,1,225457.56
2024-09-01,3,8,2,229563.72
2024-09-01,3,8,3,160316.28
2024-09-01,3,8,4,211155.12
2024-09-01,4,3,1,250080.48
2024-09-01,4,3,2,167060.88
2024-09-01,4,3,3,210306.24
2024-09-01,4,3,4,302481.0
2024-09-01,4,4,1,275306.04
2024-09-01,4,4,2,174177.0
2024-09-01,4,4,3,135109.08
2024-09-01,4,4,4,150005.52
2024-09-01,4,5,1,194976.72
2024-09-01,4,5,2,323701.92
2024-09-01,4,5,3,150640.56
2024-09-01,4,5,4,153162.36
2024-09-01,4,6,1,208378.44
2024-09-01,4,6,2,112273.56
2024-09-01,4,6,3,284639.4
2024-09-01,4,6,4,323377.92
2024-09-01,4,7,1,166536.0
2024-09-01,4,7,2,272507.76
2024-09-01,4,7,3,193315.68
2024-09-01,4,7,4,219826.44
2024-09-01,4,8,1,322761.24
2024-09-01,4,8,2,241400.52
2024-09-01,4,8,3,293147.64
2024-09-01,4,8,4,191646.0
2024-09-01,5,3,1,319528.8
2024-09-01,5,3,2,226452.24
2024-09-01,5,3,3,306365.76
2024-09-01,5,3,4,296381.16
2024-09-01,5,4,1,111267.0
2024-09-01,5,4,2,313954.92
2024-09-01,5,4,3,175388.76
2024-09-01,5,4,4,317258.64
2024-09-01,5,5,1,270611.28
2024-09-01,5,5,2,172657.44
2024-09-01,5,5,3,249845.04
2024-09-01,5,5,4,188085.24
2024-09-01,5,6,1,309621.96
2024-09-01,5,6,2,202768.92
2024-09-01,5,6,3,158063.4
2024-09-01,5,6,4,323913.6
2024-09-01,5,7,1,192888.0
2024-09-01,5,7,2,170745.84
2024-09-01,5,7,3,243375.84
2024-09-01,5,7,4,205466.76
2024-09-01,5,8,1,156994.2
2024-09-01,5,8,2,140364.36
2024-09-01,5,8,3,226429.56
2024-09-01,5,8,4,176560.56
2024-09-01,6,3,1,287923.68
2024-09-01,6,3,2,217276.56
2024-09-01,6,3,3,265152.96
2024-09-01,6,3,4,159160.68
2024-09-01,6,4,1,119405.88
2024-09-01,6,4,2,228954.6
2024-09-01,6,4,3,212212.44
2024-09-01,6,4,4,202640.4
2024-09-01,6,5,1,230953.68
2024-09-01,6,5,2,208997.28
2024-09-01,6,5,3,274261.68
2024-09-01,6,5,4,277059.96
2024-09-01,6,6,1,150352.2
2024-09-01,6,6,2,137260.44
2024-09-01,6,6,3,295111.08
2024-09-01,6,6,4,130360.32
2024-09-01,6,7,1,321814.08
2024-09-01,6,7,2,224158.32
2024-09-01,6,7,3,130451.04
2024-09-01,6,7,4,193941.0
2024-09-01,6,8,1,300815.64
2024-09-01,6,8,2,161947.08
2024-09-01,6,8,3,218325.24
2024-09-01,6,8,4,250709.04
2024-10-01,1,1,1,605630.16
2024-10-01,1,1,2,541477.12
2024-10-01,1,1,3,447257.52
2024-10-01,1,1,4,1291767.72
2024-10-01,1,2,1,1250949.4
2024-10-01,1,2,2,1151288.52
2024-10-01,1,2,3,487408.76
2024-10-01,1,2,4,601941.6
2024-10-01,1,3,1,164550.76
2024-10-01,1,3,2,225061.02
2024-10-01,1,3,3,177565.36
2024-10-01,1,3,4,218552.63
2024-10-01,1,4,1,205775.65
2024-10-01,1,4,2,248008.79
2024-10-01,1,4,3,117437.69
2024-10-01,1,4,4,269131.9
2024-10-01,1,5,1,140503.18
2024-10-01,1,5,2,196649.08
2024-10-01,1,5,3,148774.1
2024-10-01,1,5,4,312953.17
2024-10-01,1,6,1,232195.07
2024-10-01,1,6,2,279359.37
2024-10-01,1,6,3,144179.75
2024-10-01,1,6,4,181672.48
2024-10-01,1,7,1,155957.2
2024-10-01,1,7,2,189278.5
2024-10-01,1,7,3,236141.96
2024-10-01,1,7,4,285988.75
2024-10-01,1,8,1,291410.41
2024-10-01,1,8,2,211633.31
2024-10-01,1,8,3,172718.13
2024-10-01,1,8,4,206029.62
2024-10-01,2,3,1,115213.0
2024-10-01,2,3,2,317580.22
2024-10-01,2,3,3,303813.52
2024-10-01,2,3,4,209815.19
2024-10-01,2,4,1,134184.45
2024-10-01,2,4,2,181196.15
2024-10-01,2,4,3,182785.37
2024-10-01,2,4,4,219724.38
2024-10-01,2,5,1,254857.26
2024-10-01,2,5,2,287807.96
2024-10-01,2,5,3,289218.42
2024-10-01,2,5,4,120642.29
2024-10-01,2,6,1,259593.31
2024-10-01,2,6,2,301490.73
2024-10-01,2,6,3,142627.59
2024-10-01,2,6,4,320547.2
2024-10-01,2,7,1,173065.84
2024-10-01,2,7,2,228954.5
2024-10-01,2,7,3,188583.08
2024-10-01,2,7,4,160856.75
2024-10-01,2,8,1,202658.25
2024-10-01,2,8,2,117614.27
2024-10-01,2,8,3,110056.21
2024-10-01,2,8,4,264471.06
2024-10-01,3,3,1,111777.32
2024-10-01,3,3,2,260813.02
2024-10-01,3,3,3,182343.92
2024-10-01,3,3,4,140456.31
2024-10-01,3,4,1,148398.05
2024-10-01,3,4,2,261298.07
2024-10-01,3,4,3,117612.09
2024-10-01,3,4,4,193407.42
2024-10-01,3,5,1,254037.58
2024-10-01,3,5,2,234424.12
2024-10-01,3,5,3,173434.26
2024-10-01,3,5,4,236740.37
2024-10-01,3,6,1,224068.03
2024-10-01,3,6,2,213331.53
2024-10-01,3,6,3,245854.95
2024-10-01,3,6,4,244491.36
2024-10-01,3,7,1,221985.04
2024-10-01,3,7,2,125831.78
2024-10-01,3,7,3,122398.28
2024-10-01,3,7,4,326693.71
2024-10-01,3,8,1,227545.13
2024-10-01,3,8,2,231689.31
2024-10-01,3,8,3,161800.69
2024-10-01,3,8,4,213110.26
2024-10-01,4,3,1,252396.04
2024-10-01,4,3,2,168607.74
2024-10-01,4,3,3,212253.52
2024-10-01,4,3,4,305281.75
2024-10-01,4,4,1,277855.17
2024-10-01,4,4,2,175789.75
2024-10-01,4,4,3,136360.09
2024-10-01,4,4,4,151394.46
2024-10-01,4,5,1,196782.06
2024-10-01,4,5,2,326699.16
2024-10-01,4,5,3,152035.38
2024-10-01,4,5,4,154580.53
2024-10-01,4,6,1,210307.87
2024-10-01,4,6,2,113313.13
2024-10-01,4,6,3,287274.95
2024-10-01,4,6,4,326372.16
2024-10-01,4,7,1,168078.0
2024-10-01,4,7,2,275030.98
2024-10-01,4,7,3,195105.64
2024-10-01,4,7,4,221861.87
2024-10-01,4,8,1,325749.77
2024-10-01,4,8,2,243635.71
2024-10-01,4,8,3,295861.97
2024-10-01,4,8,4,193420.5
2024-10-01,5,3,1,322487.4
2024-10-01,5,3,2,228549.02
2024-10-01,5,3,3,309202.48
2024-10-01,5,3,4,299125.43
2024-10-01,5,4,1,112297.25
2024-10-01,5,4,2,316861.91
2024-10-01,5,4,3,177012.73
2024-10-01,5,4,4,320196.22
2024-10-01,5,5,1,273116.94
2024-10-01,5,5,2,174256.12
2024-10-01,5,5,3,252158.42
2024-10-01,5,5,4,189826.77
2024-10-01,5,6,1,312488.83
2024-10-01,5,6,2,204646.41
2024-10-01,5,6,3,159526.95
2024-10-01,5,6,4,326912.8
2024-10-01,5,7,1,194674.0
2024-10-01,5,7,2,172326.82
2024-10-01,5,7,3,245629.32
2024-10-01,5,7,4,207369.23
2024-10-01,5,8,1,158447.85
2024-10-01,5,8,2,141664.03
2024-10-01,5,8,3,228526.13
2024-10-01,5,8,4,178195.38
2024-10-01,6,3,1,290589.64
2024-10-01,6,3,2,219288.38
2024-10-01,6,3,3,267608.08
2024-10-01,6,3,4,160634.39
2024-10-01,6,4,1,120511.49
2024-10-01,6,4,2,231074.55
2024-10-01,6,4,3,214177.37
2024-10-01,6,4,4,204516.7
2024-10-01,6,5,1,233092.14
2024-10-01,6,5,2,210932.44
2024-10-01,6,5,3,276801.14
2024-10-01,6,5,4,279625.33
2024-10-01,6,6,1,151744.35
2024-10-01,6,6,2,138531.37
2024-10-01,6,6,3,297843.59
2024-10-01,6,6,4,131567.36
2024-10-01,6,7,1,324793.84
2024-10-01,6,7,2,226233.86
2024-10-01,6,7,3,131658.92
2024-10-01,6,7,4,195736.75
2024-10-01,6,8,1,303600.97
2024-10-01,6,8,2,163446.59
2024-10-01,6,8,3,220346.77
2024-10-01,6,8,4,253030.42
2024-11-01,1,1,1,611186.4
2024-11-01,1,1,2,546444.8
2024-11-01,1,1,3,451360.8
2024-11-01,1,1,4,1303618.8
2024-11-01,1,2,1,1262426.0
2024-11-01,1,2,2,1161850.8
2024-11-01,1,2,3,491880.4
2024-11-01,1,2,4,607464.0
2024-11-01,1,3,1,166060.4
2024-11-01,1,3,2,227125.8
2024-11-01,1,3,3,179194.4
2024-11-01,1,3,4,220557.7
2024-11-01,1,4,1,207663.5
2024-11-01,1,4,2,250284.1
2024-11-01,1,4,3,118515.1
2024-11-01,1,4,4,271601.0
2024-11-01,1,5,1,141792.2
2024-11-01,1,5,2,198453.2
2024-11-01,1,5,3,150139.0
2024-11-01,1,5,4,315824.3
2024-11-01,1,6,1,234325.3
2024-11-01,1,6,2,281922.3
2024-11-01,1,6,3,145502.5
2024-11-01,1,6,4,183339.2
2024-11-01,1,7,1,157388.0
2024-11-01,1,7,2,191015.0
2024-11-01,1,7,3,238308.4
2024-11-01,1,7,4,288612.5
2024-11-01,1,8,1,294083.9
2024-11-01,1,8,2,213574.9
2024-11-01,1,8,3,174302.7
2024-11-01,1,8,4,207919.8
2024-11-01,2,3,1,116270.0
2024-11-01,2,3,2,320493.8
2024-11-01,2,3,3,306600.8
2024-11-01,2,3,4,211740.1
2024-11-01,2,4,1,135415.5
2024-11-01,2,4,2,182858.5
2024-11-01,2,4,3,184462.3
2024-11-01,2,4,4,221740.2
2024-11-01,2,5,1,257195.4
2024-11-01,2,5,2,290448.4
2024-11-01,2,5,3,291871.8
2024-11-01,2,5,4,121749.1
2024-11-01,2,6,1,261974.9
2024-11-01,2,6,2,304256.7
2024-11-01,2,6,3,143936.1
2024-11-01,2,6,4,323488.0
2024-11-01,2,7,1,174653.6
2024-11-01,2,7,2,231055.0
2024-11-01,2,7,3,190313.2
2024-11-01,2,7,4,162332.5
2024-11-01,2,8,1,204517.5
2024-11-01,2,8,2,118693.3
2024-11-01,2,8,3,111065.9
2024-11-01,2,8,4,266897.4
2024-11-01,3,3,1,112802.8
2024-11-01,3,3,2,263205.8
2024-11-01,3,3,3,184016.8
2024-11-01,3,3,4,141744.9
2024-11-01,3,4,1,149759.5
2024-11-01,3,4,2,263695.3
2024-11-01,3,4,3,118691.1
2024-11-01,3,4,4,195181.8
2024-11-01,3,5,1,256368.2
2024-11-01,3,5,2,236574.8
2024-11-01,3,5,3,175025.4
2024-11-01,3,5,4,238912.3
2024-11-01,3,6,1,226123.7
2024-11-01,3,6,2,215288.7
2024-11-01,3,6,3,248110.5
2024-11-01,3,6,4,246734.4
2024-11-01,3,7,1,224021.6
2024-11-01,3,7,2,126986.2
2024-11-01,3,7,3,123521.2
2024-11-01,3,7,4,329690.9
2024-11-01,3,8,1,229632.7
2024-11-01,3,8,2,233814.9
2024-11-01,3,8,3,163285.1
2024-11-01,3,8,4,215065.4
2024-11-01,4,3,1,254711.6
2024-11-01,4,3,2,170154.6
2024-11-01,4,3,3,214200.8
2024-11-01,4,3,4,308082.5
2024-11-01,4,4,1,280404.3
2024-11-01,4,4,2,177402.5
2024-11-01,4,4,3,137611.1
2024-11-01,4,4,4,152783.4
2024-11-01,4,5,1,198587.4
2024-11-01,4,5,2,329696.4
2024-11-01,4,5,3,153430.2
2024-11-01,4,5,4,155998.7
2024-11-01,4,6,1,212237.3
2024-11-01,4,6,2,114352.7
2024-11-01,4,6,3,289910.5
2024-11-01,4,6,4,329366.4
2024-11-01,4,7,1,169620.0
2024-11-01,4,7,2,277554.2
2024-11-01,4,7,3,196895.6
2024-11-01,4,7,4,223897.3
2024-11-01,4,8,1,328738.3
2024-11-01,4,8,2,245870.9
2024-11-01,4,8,3,298576.3
2024-11-01,4,8,4,195195.0
2024-11-01,5,3,1,325446.0
2024-11-01,5,3,2,230645.8
2024-11-01,5,3,3,312039.2
2024-11-01,5,3,4,301869.7
2024-11-01,5,4,1,113327.5
2024-11-01,5,4,2,319768.9
2024-11-01,5,4,3,178636.7
2024-11-01,5,4,4,323133.8
2024-11-01,5,5,1,275622.6
2024-11-01,5,5,2,175854.8
2024-11-01,5,5,3,254471.8
2024-11-01,5,5,4,191568.3
2024-11-01,5,6,1,315355.7
2024-11-01,5,6,2,206523.9
2024-11-01,5,6,3,160990.5
2024-11-01,5,6,4,329912.0
2024-11-01,5,7,1,196460.0
2024-11-01,5,7,2,173907.8
2024-11-01,5,7,3,247882.8
2024-11-01,5,7,4,209271.7
2024-11-01,5,8,1,159901.5
2024-11-01,5,8,2,142963.7
2024-11-01,5,8,3,230622.7
2024-11-01,5,8,4,179830.2
2024-11-01,6,3,1,293255.6
2024-11-01,6,3,2,221300.2
2024-11-01,6,3,3,270063.2
2024-11-01,6,3,4,162108.1
2024-11-01,6,4,1,121617.1
2024-11-01,6,4,2,233194.5
2024-11-01,6,4,3,216142.3
2024-11-01,6,4,4,206393.0
2024-11-01,6,5,1,235230.6
2024-11-01,6,5,2,212867.6
2024-11-01,6,5,3,279340.6
2024-11-01,6,5,4,282190.7
2024-11-01,6,6,1,153136.5
2024-11-01,6,6,2,139802.3
2024-11-01,6,6,3,300576.1
2024-11-01,6,6,4,132774.4
2024-11-01,6,7,1,327773.6
2024-11-01,6,7,2,228309.4
2024-11-01,6,7,3,132866.8
2024-11-01,6,7,4,197532.5
2024-11-01,6,8,1,306386.3
2024-11-01,6,8,2,164946.1
2024-11-01,6,8,3,222368.3
2024-11-01,6,8,4,255351.8
2024-12-01,1,1,1,616742.64
2024-12-01,1,1,2,551412.48
2024-12-01,1,1,3,455464.08
2024-12-01,1,1,4,1315469.88
2024-12-01,1,2,1,1273902.6
2024-12-01,1,2,2,1172413.08
2024-12-01,1,2,3,496352.04
2024-12-01,1,2,4,612986.4
2024-12-01,1,3,1,167570.04
2024-12-01,1,3,2,229190.58
2024-12-01,1,3,3,180823.44
2024-12-01,1,3,4,222562.77
2024-12-01,1,4,1,209551.35
2024-12-01,1,4,2,252559.41
2024-12-01,1,4,3,119592.51
2024-12-01,1,4,4,274070.1
2024-12-01,1,5,1,143081.22
2024-12-01,1,5,2,200257.32
2024-12-01,1,5,3,151503.9
2024-12-01,1,5,4,318695.43
2024-12-01,1,6,1,236455.53
2024-12-01,1,6,2,284485.23
2024-12-01,1,6,3,146825.25
2024-12-01,1,6,4,185005.92
2024-12-01,1,7,1,158818.8
2024-12-01,1,7,2,192751.5
2024-12-01,1,7,3,240474.84
2024-12-01,1,7,4,291236.25
2024-12-01,1,8,1,296757.39
2024-12-01,1,8,2,215516.49
2024-12-01,1,8,3,175887.27
2024-12-01,1,8,4,209809.98
2024-12-01,2,3,1,117327.0
2024-12-01,2,3,2,323407.38
2024-12-01,2,3,3,309388.08
2024-12-01,2,3,4,213665.01
2024-12-01,2,4,1,136646.55
2024-12-01,2,4,2,184520.85
2024-12-01,2,4,3,186139.23
2024-12-01,2,4,4,223756.02
2024-12-01,2,5,1,259533.54
2024-12-01,2,5,2,293088.84
2024-12-01,2,5,3,294525.18
2024-12-01,2,5,4,122855.91
2024-12-01,2,6,1,264356.49
2024-12-01,2,6,2,307022.67
2024-12-01,2,6,3,145244.61
2024-12-01,2,6,4,326428.8
2024-12-01,2,7,1,176241.36
2024-12-01,2,7,2,233155.5
2024-12-01,2,7,3,192043.32
2024-12-01,2,7,4,163808.25
2024-12-01,2,8,1,206376.75
2024-12-01,2,8,2,119772.33
2024-12-01,2,8,3,112075.59
2024-12-01,2,8,4,269323.74
2024-12-01,3,3,1,113828.28
2024-12-01,3,3,2,265598.58
2024-12-01,3,3,3,185689.68
2024-12-01,3,3,4,143033.49
2024-12-01,3,4,1,151120.95
2024-12-01,3,4,2,266092.53
2024-12-01,3,4,3,119770.11
2024-12-01,3,4,4,196956.18
2024-12-01,3,5,1,258698.82
2024-12-01,3,5,2,238725.48
2024-12-01,3,5,3,176616.54
2024-12-01,3,5,4,241084.23
2024-12-01,3,6,1,228179.37
2024-12-01,3,6,2,217245.87
2024-12-01,3,6,3,250366.05
2024-12-01,3,6,4,248977.44
2024-12-01,3,7,1,226058.16
2024-12-01,3,7,2,128140.62
2024-12-01,3,7,3,124644.12
2024-12-01,3,7,4,332688.09
2024-12-01,3,8,1,231720.27
2024-12-01,3,8,2,235940.49
2024-12-01,3,8,3,164769.51
2024-12-01,3,8,4,217020.54
2024-12-01,4,3,1,257027.16
2024-12-01,4,3,2,171701.46
2024-12-01,4,3,3,216148.08
2024-12-01,4,3,4,310883.25
2024-12-01,4,4,1,282953.43
2024-12-01,4,4,2,179015.25
2024-12-01,4,4,3,138862.11
2024-12-01,4,4,4,154172.34
2024-12-01,4,5,1,200392.74
2024-12-01,4,5,2,332693.64
2024-12-01,4,5,3,154825.02
2024-12-01,4,5,4,157416.87
2024-12-01,4,6,1,214166.73
2024-12-01,4,6,2,115392.27
2024-12-01,4,6,3,292546.05
2024-12-01,4,6,4,332360.64
2024-12-01,4,7,1,171162.0
2024-12-01,4,7,2,280077.42
2024-12-01,4,7,3,198685.56
2024-12-01,4,7,4,225932.73
2024-12-01,4,8,1,331726.83
2024-12-01,4,8,2,248106.09
2024-12-01,4,8,3,301290.63
2024-12-01,4,8,4,196969.5
2024-12-01,5,3,1,328404.6
2024-12-01,5,3,2,232742.58
2024-12-01,5,3,3,314875.92
2024-12-01,5,3,4,304613.97
2024-12-01,5,4,1,114357.75
2024-12-01,5,4,2,322675.89
2024-12-01,5,4,3,180260.67
2024-12-01,5,4,4,326071.38
2024-12-01,5,5,1,278128.26
2024-12-01,5,5,2,177453.48
2024-12-01,5,5,3,256785.18
2024-12-01,5,5,4,193309.83
2024-12-01,5,6,1,318222.57
2024-12-01,5,6,2,208401.39
2024-12-01,5,6,3,162454.05
2024-12-01,5,6,4,332911.2
2024-12-01,5,7,1,198246.0
2024-12-01,5,7,2,175488.78
2024-12-01,5,7,3,250136.28
2024-12-01,5,7,4,211174.17
2024-12-01,5,8,1,161355.15
2024-12-01,5,8,2,144263.37
2024-12-01,5,8,3,232719.27
2024-12-01,5,8,4,181465.02
2024-12-01,6,3,1,295921.56
2024-12-01,6,3,2,223312.02
2024-12-01,6,3,3,272518.32
2024-12-01,6,3,4,163581.81
2024-12-01,6,4,1,122722.71
2024-12-01,6,4,2,235314.45
2024-12-01,6,4,3,218107.23
2024-12-01,6,4,4,208269.3
2024-12-01,6,5,1,237369.06
2024-12-01,6,5,2,214802.76
2024-12-01,6,5,3,281880.06
2024-12-01,6,5,4,284756.07
2024-12-01,6,6,1,154528.65
2024-12-01,6,6,2,141073.23
2024-12-01,6,6,3,303308.61
2024-12-01,6,6,4,133981.44
2024-12-01,6,7,1,330753.36
2024-12-01,6,7,2,230384.94
2024-12-01,6,7,3,134074.68
2024-12-01,6,7,4,199328.25
2024-12-01,6,8,1,309171.63
2024-12-01,6,8,2,166445.61
2024-12-01,6,8,3,224389.83
2024-12-01,6,8,4,257673.18
2025-01-01,1,1,1,600073.92
2025-01-01,1,1,2,536509.44
2025-01-01,1,1,3,443154.24
2025-01-01,1,1,4,1279916.64
2025-01-01,1,2,1,1239472.8
2025-01-01,1,2,2,1140726.24
2025-01-01,1,2,3,482937.12
2025-01-01,1,2,4,596419.2
2025-01-01,1,3,1,163041.12
2025-01-01,1,3,2,222996.24
2025-01-01,1,3,3,175936.32
2025-01-01,1,3,4,216547.56
2025-01-01,1,4,1,203887.8
2025-01-01,1,4,2,245733.48
2025-01-01,1,4,3,116360.28
2025-01-01,1,4,4,266662.8
2025-01-01,1,5,1,139214.16
2025-01-01,1,5,2,194844.96
2025-01-01,1,5,3,147409.2
2025-01-01,1,5,4,310082.04
2025-01-01,1,6,1,230064.84
2025-01-01,1,6,2,276796.44
2025-01-01,1,6,3,142857.0
2025-01-01,1,6,4,180005.76
2025-01-01,1,7,1,154526.4
2025-01-01,1,7,2,187542.0
2025-01-01,1,7,3,233975.52
2025-01-01,1,7,4,283365.0
2025-01-01,1,8,1,288736.92
2025-01-01,1,8,2,209691.72
2025-01-01,1,8,3,171133.56
2025-01-01,1,8,4,204139.44
2025-01-01,2,3,1,114156.0
2025-01-01,2,3,2,314666.64
2025-01-01,2,3,3,301026.24
2025-01-01,2,3,4,207890.28
2025-01-01,2,4,1,132953.4
2025-01-01,2,4,2,179533.8
2025-01-01,2,4,3,181108.44
2025-01-01,2,4,4,217708.56
2025-01-01,2,5,1,252519.12
2025-01-01,2,5,2,285167.52
2025-01-01,2,5,3,286565.04
2025-01-01,2,5,4,119535.48
2025-01-01,2,6,1,257211.72
2025-01-01,2,6,2,298724.76
2025-01-01,2,6,3,141319.08
2025-01-01,2,6,4,317606.4
2025-01-01,2,7,1,171478.08
2025-01-01,2,7,2,226854.0
2025-01-01,2,7,3,186852.96
2025-01-01,2,7,4,159381.0
2025-01-01,2,8,1,200799.0
2025-01-01,2,8,2,116535.24
2025-01-01,2,8,3,109046.52
2025-01-01,2,8,4,262044.72
2025-01-01,3,3,1,110751.84
2025-01-01,3,3,2,258420.24
2025-01-01,3,3,3,180671.04
2025-01-01,3,3,4,139167.72
2025-01-01,3,4,1,147036.6
2025-01-01,3,4,2,258900.84
2025-01-01,3,4,3,116533.08
2025-01-01,3,4,4,191633.04
2025-01-01,3,5,1,251706.96
2025-01-01,3,5,2,232273.44
2025-01-01,3,5,3,171843.12
2025-01-01,3,5,4,234568.44
2025-01-01,3,6,1,222012.36
2025-01-01,3,6,2,211374.36
2025-01-01,3,6,3,243599.4
2025-01-01,3,6,4,242248.32
2025-01-01,3,7,1,219948.48
2025-01-01,3,7,2,124677.36
2025-01-01,3,7,3,121275.36
2025-01-01,3,7,4,323696.52
2025-01-01,3,8,1,225457.56
2025-01-01,3,8,2,229563.72
2025-01-01,3,8,3,160316.28
2025-01-01,3,8,4,211155.12
2025-01-01,4,3,1,250080.48
2025-01-01,4,3,2,167060.88
2025-01-01,4,3,3,210306.24
2025-01-01,4,3,4,302481.0
2025-01-01,4,4,1,275306.04
2025-01-01,4,4,2,174177.0
2025-01-01,4,4,3,135109.08
2025-01-01,4,4,4,150005.52
2025-01-01,4,5,1,194976.72
2025-01-01,4,5,2,323701.92
2025-01-01,4,5,3,150640.56
2025-01-01,4,5,4,153162.36
2025-01-01,4,6,1,208378.44
2025-01-01,4,6,2,112273.56
2025-01-01,4,6,3,284639.4
2025-01-01,4,6,4,323377.92
2025-01-01,4,7,1,166536.0
2025-01-01,4,7,2,272507.76
2025-01-01,4,7,3,193315.68
2025-01-01,4,7,4,219826.44
2025-01-01,4,8,1,322761.24
2025-01-01,4,8,2,241400.52
2025-01-01,4,8,3,293147.64
2025-01-01,4,8,4,191646.0
2025-01-01,5,3,1,319528.8
2025-01-01,5,3,2,226452.24
2025-01-01,5,3,3,306365.76
2025-01-01,5,3,4,296381.16
2025-01-01,5,4,1,111267.0
2025-01-01,5,4,2,313954.92
2025-01-01,5,4,3,175388.76
2025-01-01,5,4,4,317258.64
2025-01-01,5,5,1,270611.28
2025-01-01,5,5,2,172657.44
2025-01-01,5,5,3,249845.04
2025-01-01,5,5,4,188085.24
2025-01-01,5,6,1,309621.96
2025-01-01,5,6,2,202768.92
2025-01-01,5,6,3,158063.4
2025-01-01,5,6,4,323913.6
2025-01-01,5,7,1,192888.0
2025-01-01,5,7,2,170745.84
2025-01-01,5,7,3,243375.84
2025-01-01,5,7,4,205466.76
2025-01-01,5,8,1,156994.2
2025-01-01,5,8,2,140364.36
2025-01-01,5,8,3,226429.56
2025-01-01,5,8,4,176560.56
2025-01-01,6,3,1,287923.68
2025-01-01,6,3,2,217276.56
2025-01-01,6,3,3,265152.96
2025-01-01,6,3,4,159160.68
2025-01-01,6,4,1,119405.88
2025-01-01,6,4,2,228954.6
2025-01-01,6,4,3,212212.44
2025-01-01,6,4,4,202640.4
2025-01-01,6,5,1,230953.68
2025-01-01,6,5,2,208997.28
2025-01-01,6,5,3,274261.68
2025-01-01,6,5,4,277059.96
2025-01-01,6,6,1,150352.2
2025-01-01,6,6,2,137260.44
2025-01-01,6,6,3,295111.08
2025-01-01,6,6,4,130360.32
2025-01-01,6,7,1,321814.08
2025-01-01,6,7,2,224158.32
2025-01-01,6,7,3,130451.04
2025-01-01,6,7,4,193941.0
2025-01-01,6,8,1,300815.64
2025-01-01,6,8,2,161947.08
2025-01-01,6,8,3,218325.24
2025-01-01,6,8,4,250709.04
2025-02-01,1,1,1,606074.66
2025-02-01,1,1,2,541874.53
2025-02-01,1,1,3,447585.78
2025-02-01,1,1,4,1292715.81
2025-02-01,1,2,1,1251867.53
2025-02-01,1,2,2,1152133.5
2025-02-01,1,2,3,487766.49
2025-02-01,1,2,4,602383.39
2025-02-01,1,3,1,164671.53
2025-02-01,1,3,2,225226.2
2025-02-01,1,3,3,177695.68
2025-02-01,1,3,4,218713.04
2025-02-01,1,4,1,205926.68
2025-02-01,1,4,2,248190.81
2025-02-01,1,4,3,117523.88
2025-02-01,1,4,4,269329.43
2025-02-01,1,5,1,140606.3
2025-02-01,1,5,2,196793.41
2025-02-01,1,5,3,148883.29
2025-02-01,1,5,4,313182.86
2025-02-01,1,6,1,232365.49
2025-02-01,1,6,2,279564.4
2025-02-01,1,6,3,144285.57
2025-02-01,1,6,4,181805.82
2025-02-01,1,7,1,156071.66
2025-02-01,1,7,2,189417.42
2025-02-01,1,7,3,236315.28
2025-02-01,1,7,4,286198.65
2025-02-01,1,8,1,291624.29
2025-02-01,1,8,2,211788.64
2025-02-01,1,8,3,172844.9
2025-02-01,1,8,4,206180.83
2025-02-01,2,3,1,115297.56
2025-02-01,2,3,2,317813.31
2025-02-01,2,3,3,304036.5
2025-02-01,2,3,4,209969.18
2025-02-01,2,4,1,134282.93
2025-02-01,2,4,2,181329.14
2025-02-01,2,4,3,182919.52
2025-02-01,2,4,4,219885.65
2025-02-01,2,5,1,255044.31
2025-02-01,2,5,2,288019.2
2025-02-01,2,5,3,289430.69
2025-02-01,2,5,4,120730.83
2025-02-01,2,6,1,259783.84
2025-02-01,2,6,2,301712.01
2025-02-01,2,6,3,142732.27
2025-02-01,2,6,4,320782.46
2025-02-01,2,7,1,173192.86
2025-02-01,2,7,2,229122.54
2025-02-01,2,7,3,188721.49
2025-02-01,2,7,4,160974.81
2025-02-01,2,8,1,202806.99
2025-02-01,2,8,2,117700.59
2025-02-01,2,8,3,110136.99
2025-02-01,2,8,4,264665.17
2025-02-01,3,3,1,111859.36
2025-02-01,3,3,2,261004.44
2025-02-01,3,3,3,182477.75
2025-02-01,3,3,4,140559.4
2025-02-01,3,4,1,148506.97
2025-02-01,3,4,2,261489.85
2025-02-01,3,4,3,117698.41
2025-02-01,3,4,4,193549.37
2025-02-01,3,5,1,254224.03
2025-02-01,3,5,2,234596.17
2025-02-01,3,5,3,173561.55
2025-02-01,3,5,4,236914.12
2025-02-01,3,6,1,224232.48
2025-02-01,3,6,2,213488.1
2025-02-01,3,6,3,246035.39
2025-02-01,3,6,4,244670.8
2025-02-01,3,7,1,222147.96
2025-02-01,3,7,2,125924.13
2025-02-01,3,7,3,122488.11
2025-02-01,3,7,4,326933.49
2025-02-01,3,8,1,227712.14
2025-02-01,3,8,2,231859.36
2025-02-01,3,8,3,161919.44
2025-02-01,3,8,4,213266.67
2025-02-01,4,3,1,252581.28
2025-02-01,4,3,2,168731.49
2025-02-01,4,3,3,212409.3
2025-02-01,4,3,4,305505.81
2025-02-01,4,4,1,278059.1
2025-02-01,4,4,2,175918.77
2025-02-01,4,4,3,136460.17
2025-02-01,4,4,4,151505.58
2025-02-01,4,5,1,196926.49
2025-02-01,4,5,2,326938.94
2025-02-01,4,5,3,152146.97
2025-02-01,4,5,4,154693.98
2025-02-01,4,6,1,210462.22
2025-02-01,4,6,2,113396.3
2025-02-01,4,6,3,287485.79
2025-02-01,4,6,4,326611.7
2025-02-01,4,7,1,168201.36
2025-02-01,4,7,2,275232.84
2025-02-01,4,7,3,195248.84
2025-02-01,4,7,4,222024.7
2025-02-01,4,8,1,325988.85
2025-02-01,4,8,2,243814.53
2025-02-01,4,8,3,296079.12
2025-02-01,4,8,4,193562.46
2025-02-01,5,3,1,322724.09
2025-02-01,5,3,2,228716.76
2025-02-01,5,3,3,309429.42
2025-02-01,5,3,4,299344.97
2025-02-01,5,4,1,112379.67
2025-02-01,5,4,2,317094.47
2025-02-01,5,4,3,177142.65
2025-02-01,5,4,4,320431.23
2025-02-01,5,5,1,273317.39
2025-02-01,5,5,2,174384.01
2025-02-01,5,5,3,252343.49
2025-02-01,5,5,4,189966.09
2025-02-01,5,6,1,312718.18
2025-02-01,5,6,2,204796.61
2025-02-01,5,6,3,159644.03
2025-02-01,5,6,4,327152.74
2025-02-01,5,7,1,194816.88
2025-02-01,5,7,2,172453.3
2025-02-01,5,7,3,245809.6
2025-02-01,5,7,4,207521.43
2025-02-01,5,8,1,158564.14
2025-02-01,5,8,2,141768.0
2025-02-01,5,8,3,228693.86
2025-02-01,5,8,4,178326.17
2025-02-01,6,3,1,290802.92
2025-02-01,6,3,2,219449.33
2025-02-01,6,3,3,267804.49
2025-02-01,6,3,4,160752.29
2025-02-01,6,4,1,120599.94
2025-02-01,6,4,2,231244.15
2025-02-01,6,4,3,214334.56
2025-02-01,6,4,4,204666.8
2025-02-01,6,5,1,233263.22
2025-02-01,6,5,2,211087.25
2025-02-01,6,5,3,277004.3
2025-02-01,6,5,4,279830.56
2025-02-01,6,6,1,151855.72
2025-02-01,6,6,2,138633.04
2025-02-01,6,6,3,298062.19
2025-02-01,6,6,4,131663.92
2025-02-01,6,7,1,325032.22
2025-02-01,6,7,2,226399.9
2025-02-01,6,7,3,131755.55
2025-02-01,6,7,4,195880.41
2025-02-01,6,8,1,303823.8
2025-02-01,6,8,2,163566.55
2025-02-01,6,8,3,220508.49
2025-02-01,6,8,4,253216.13
2025-03-01,1,1,1,612075.4
2025-03-01,1,1,2,547239.63
2025-03-01,1,1,3,452017.32
2025-03-01,1,1,4,1305514.97
2025-03-01,1,2,1,1264262.26
2025-03-01,1,2,2,1163540.76
2025-03-01,1,2,3,492595.86
2025-03-01,1,2,4,608347.58
2025-03-01,1,3,1,166301.94
2025-03-01,1,3,2,227456.16
2025-03-01,1,3,3,179455.05
2025-03-01,1,3,4,220878.51
2025-03-01,1,4,1,207965.56
2025-03-01,1,4,2,250648.15
2025-03-01,1,4,3,118687.49
2025-03-01,1,4,4,271996.06
2025-03-01,1,5,1,141998.44
2025-03-01,1,5,2,198741.86
2025-03-01,1,5,3,150357.38
2025-03-01,1,5,4,316283.68
2025-03-01,1,6,1,234666.14
2025-03-01,1,6,2,282332.37
2025-03-01,1,6,3,145714.14
2025-03-01,1,6,4,183605.88
2025-03-01,1,7,1,157616.93
2025-03-01,1,7,2,191292.84
2025-03-01,1,7,3,238655.03
2025-03-01,1,7,4,289032.3
2025-03-01,1,8,1,294511.66
2025-03-01,1,8,2,213885.55
2025-03-01,1,8,3,174556.23
2025-03-01,1,8,4,208222.23
2025-03-01,2,3,1,116439.12
2025-03-01,2,3,2,320959.97
2025-03-01,2,3,3,307046.76
2025-03-01,2,3,4,212048.09
2025-03-01,2,4,1,135612.47
2025-03-01,2,4,2,183124.48
2025-03-01,2,4,3,184730.61
2025-03-01,2,4,4,222062.73
2025-03-01,2,5,1,257569.5
2025-03-01,2,5,2,290870.87
2025-03-01,2,5,3,292296.34
2025-03-01,2,5,4,121926.19
2025-03-01,2,6,1,262355.95
2025-03-01,2,6,2,304699.26
2025-03-01,2,6,3,144145.46
2025-03-01,2,6,4,323958.53
2025-03-01,2,7,1,174907.64
2025-03-01,2,7,2,231391.08
2025-03-01,2,7,3,190590.02
2025-03-01,2,7,4,162568.62
2025-03-01,2,8,1,204814.98
2025-03-01,2,8,2,118865.94
2025-03-01,2,8,3,111227.45
2025-03-01,2,8,4,267285.61
2025-03-01,3,3,1,112966.88
2025-03-01,3,3,2,263588.64
2025-03-01,3,3,3,184284.46
2025-03-01,3,3,4,141951.07
2025-03-01,3,4,1,149977.33
2025-03-01,3,4,2,264078.86
2025-03-01,3,4,3,118863.74
2025-03-01,3,4,4,195465.7
2025-03-01,3,5,1,256741.1
2025-03-01,3,5,2,236918.91
2025-03-01,3,5,3,175279.98
2025-03-01,3,5,4,239259.81
2025-03-01,3,6,1,226452.61
2025-03-01,3,6,2,215601.85
2025-03-01,3,6,3,248471.39
2025-03-01,3,6,4,247093.29
2025-03-01,3,7,1,224347.45
2025-03-01,3,7,2,127170.91
2025-03-01,3,7,3,123700.87
2025-03-01,3,7,4,330170.45
2025-03-01,3,8,1,229966.71
2025-03-01,3,8,2,234154.99
2025-03-01,3,8,3,163522.61
2025-03-01,3,8,4,215378.22
2025-03-01,4,3,1,255082.09
2025-03-01,4,3,2,170402.1
2025-03-01,4,3,3,214512.36
2025-03-01,4,3,4,308530.62
2025-03-01,4,4,1,280812.16
2025-03-01,4,4,2,177660.54
2025-03-01,4,4,3,137811.26
2025-03-01,4,4,4,153005.63
2025-03-01,4,5,1,198876.25
2025-03-01,4,5,2,330175.96
2025-03-01,4,5,3,153653.37
2025-03-01,4,5,4,156225.61
2025-03-01,4,6,1,212546.01
2025-03-01,4,6,2,114519.03
2025-03-01,4,6,3,290332.19
2025-03-01,4,6,4,329845.48
2025-03-01,4,7,1,169866.72
2025-03-01,4,7,2,277957.92
2025-03-01,4,7,3,197181.99
2025-03-01,4,7,4,224222.97
2025-03-01,4,8,1,329216.46
2025-03-01,4,8,2,246228.53
2025-03-01,4,8,3,299010.59
2025-03-01,4,8,4,195478.92
2025-03-01,5,3,1,325919.38
2025-03-01,5,3,2,230981.28
2025-03-01,5,3,3,312493.08
2025-03-01,5,3,4,302308.78
2025-03-01,5,4,1,113492.34
2025-03-01,5,4,2,320234.02
2025-03-01,5,4,3,178896.54
2025-03-01,5,4,4,323603.81
2025-03-01,5,5,1,276023.51
2025-03-01,5,5,2,176110.59
2025-03-01,5,5,3,254841.94
2025-03-01,5,5,4,191846.94
2025-03-01,5,6,1,315814.4
2025-03-01,5,6,2,206824.3
2025-03-01,5,6,3,161224.67
2025-03-01,5,6,4,330391.87
2025-03-01,5,7,1,196745.76
2025-03-01,5,7,2,174160.76
2025-03-01,5,7,3,248243.36
2025-03-01,5,7,4,209576.1
2025-03-01,5,8,1,160134.08
2025-03-01,5,8,2,143171.65
2025-03-01,5,8,3,230958.15
2025-03-01,5,8,4,180091.77
2025-03-01,6,3,1,293682.15
2025-03-01,6,3,2,221622.09
2025-03-01,6,3,3,270456.02
2025-03-01,6,3,4,162343.89
2025-03-01,6,4,1,121794.0
2025-03-01,6,4,2,233533.69
2025-03-01,6,4,3,216456.69
2025-03-01,6,4,4,206693.21
2025-03-01,6,5,1,235572.75
2025-03-01,6,5,2,213177.23
2025-03-01,6,5,3,279746.91
2025-03-01,6,5,4,282601.16
2025-03-01,6,6,1,153359.24
2025-03-01,6,6,2,140005.65
2025-03-01,6,6,3,301013.3
2025-03-01,6,6,4,132967.53
2025-03-01,6,7,1,328250.36
2025-03-01,6,7,2,228641.49
2025-03-01,6,7,3,133060.06
2025-03-01,6,7,4,197819.82
2025-03-01,6,8,1,306831.95
2025-03-01,6,8,2,165186.02
2025-03-01,6,8,3,222691.74
2025-03-01,6,8,4,255723.22
2025-04-01,1,1,1,618076.14
2025-04-01,1,1,2,552604.72
2025-04-01,1,1,3,456448.87
2025-04-01,1,1,4,1318314.14
2025-04-01,1,2,1,1276656.98
2025-04-01,1,2,2,1174948.03
2025-04-01,1,2,3,497425.23
2025-04-01,1,2,4,614311.78
2025-04-01,1,3,1,167932.35
2025-04-01,1,3,2,229686.13
2025-04-01,1,3,3,181214.41
2025-04-01,1,3,4,223043.99
2025-04-01,1,4,1,210004.43
2025-04-01,1,4,2,253105.48
2025-04-01,1,4,3,119851.09
2025-04-01,1,4,4,274662.68
2025-04-01,1,5,1,143390.58
2025-04-01,1,5,2,200690.31
2025-04-01,1,5,3,151831.48
2025-04-01,1,5,4,319384.5
2025-04-01,1,6,1,236966.79
2025-04-01,1,6,2,285100.33
2025-04-01,1,6,3,147142.71
2025-04-01,1,6,4,185405.93
2025-04-01,1,7,1,159162.19
2025-04-01,1,7,2,193168.26
2025-04-01,1,7,3,240994.79
2025-04-01,1,7,4,291865.95
2025-04-01,1,8,1,297399.03
2025-04-01,1,8,2,215982.47
2025-04-01,1,8,3,176267.57
2025-04-01,1,8,4,210263.62
2025-04-01,2,3,1,117580.68
2025-04-01,2,3,2,324106.64
2025-04-01,2,3,3,310057.03
2025-04-01,2,3,4,214126.99
2025-04-01,2,4,1,136942.0
2025-04-01,2,4,2,184919.81
2025-04-01,2,4,3,186541.69
2025-04-01,2,4,4,224239.82
2025-04-01,2,5,1,260094.69
2025-04-01,2,5,2,293722.55
2025-04-01,2,5,3,295161.99
2025-04-01,2,5,4,123121.54
2025-04-01,2,6,1,264928.07
2025-04-01,2,6,2,307686.5
2025-04-01,2,6,3,145558.65
2025-04-01,2,6,4,327134.59
2025-04-01,2,7,1,176622.42
2025-04-01,2,7,2,233659.62
2025-04-01,2,7,3,192458.55
2025-04-01,2,7,4,164162.43
2025-04-01,2,8,1,206822.97
2025-04-01,2,8,2,120031.3
2025-04-01,2,8,3,112317.92
2025-04-01,2,8,4,269906.06
2025-04-01,3,3,1,114074.4
2025-04-01,3,3,2,266172.85
2025-04-01,3,3,3,186091.17
2025-04-01,3,3,4,143342.75
2025-04-01,3,4,1,151447.7
2025-04-01,3,4,2,266667.87
2025-04-01,3,4,3,120029.07
2025-04-01,3,4,4,197382.03
2025-04-01,3,5,1,259258.17
2025-04-01,3,5,2,239241.64
2025-04-01,3,5,3,176998.41
2025-04-01,3,5,4,241605.49
2025-04-01,3,6,1,228672.73
2025-04-01,3,6,2,217715.59
2025-04-01,3,6,3,250907.38
2025-04-01,3,6,4,249515.77
2025-04-01,3,7,1,226546.93
2025-04-01,3,7,2,128417.68
2025-04-01,3,7,3,124913.62
2025-04-01,3,7,4,333407.42
2025-04-01,3,8,1,232221.29
2025-04-01,3,8,2,236450.63
2025-04-01,3,8,3,165125.77
2025-04-01,3,8,4,217489.77
2025-04-01,4,3,1,257582.89
2025-04-01,4,3,2,172072.71
2025-04-01,4,3,3,216615.43
2025-04-01,4,3,4,311555.43
2025-04-01,4,4,1,283565.22
2025-04-01,4,4,2,179402.31
2025-04-01,4,4,3,139162.35
2025-04-01,4,4,4,154505.69
2025-04-01,4,5,1,200826.02
2025-04-01,4,5,2,333412.98
2025-04-01,4,5,3,155159.78
2025-04-01,4,5,4,157757.23
2025-04-01,4,6,1,214629.79
2025-04-01,4,6,2,115641.77
2025-04-01,4,6,3,293178.58
2025-04-01,4,6,4,333079.26
2025-04-01,4,7,1,171532.08
2025-04-01,4,7,2,280682.99
2025-04-01,4,7,3,199115.15
2025-04-01,4,7,4,226421.23
2025-04-01,4,8,1,332444.08
2025-04-01,4,8,2,248642.54
2025-04-01,4,8,3,301942.07
2025-04-01,4,8,4,197395.38
2025-04-01,5,3,1,329114.66
2025-04-01,5,3,2,233245.81
2025-04-01,5,3,3,315556.73
2025-04-01,5,3,4,305272.59
2025-04-01,5,4,1,114605.01
2025-04-01,5,4,2,323373.57
2025-04-01,5,4,3,180650.42
2025-04-01,5,4,4,326776.4
2025-04-01,5,5,1,278729.62
2025-04-01,5,5,2,177837.16
2025-04-01,5,5,3,257340.39
2025-04-01,5,5,4,193727.8
2025-04-01,5,6,1,318910.62
2025-04-01,5,6,2,208851.99
2025-04-01,5,6,3,162805.3
2025-04-01,5,6,4,333631.01
2025-04-01,5,7,1,198674.64
2025-04-01,5,7,2,175868.22
2025-04-01,5,7,3,250677.12
2025-04-01,5,7,4,211630.76
2025-04-01,5,8,1,161704.03
2025-04-01,5,8,2,144575.29
2025-04-01,5,8,3,233222.45
2025-04-01,5,8,4,181857.38
2025-04-01,6,3,1,296561.39
2025-04-01,6,3,2,223794.86
2025-04-01,6,3,3,273107.55
2025-04-01,6,3,4,163935.5
2025-04-01,6,4,1,122988.06
2025-04-01,6,4,2,235823.24
2025-04-01,6,4,3,218578.81
2025-04-01,6,4,4,208719.61
2025-04-01,6,5,1,237882.29
2025-04-01,6,5,2,215267.2
2025-04-01,6,5,3,282489.53
2025-04-01,6,5,4,285371.76
2025-04-01,6,6,1,154862.77
2025-04-01,6,6,2,141378.25
2025-04-01,6,6,3,303964.41
2025-04-01,6,6,4,134271.13
2025-04-01,6,7,1,331468.5
2025-04-01,6,7,2,230883.07
2025-04-01,6,7,3,134364.57
2025-04-01,6,7,4,199759.23
2025-04-01,6,8,1,309840.11
2025-04-01,6,8,2,166805.49
2025-04-01,6,8,3,224875.0
2025-04-01,6,8,4,258230.31
2025-05-01,1,1,1,624076.88
2025-05-01,1,1,2,557969.82
2025-05-01,1,1,3,460880.41
2025-05-01,1,1,4,1331113.31
2025-05-01,1,2,1,1289051.71
2025-05-01,1,2,2,1186355.29
2025-05-01,1,2,3,502254.6
2025-05-01,1,2,4,620275.97
2025-05-01,1,3,1,169562.76
2025-05-01,1,3,2,231916.09
2025-05-01,1,3,3,182973.77
2025-05-01,1,3,4,225209.46
2025-05-01,1,4,1,212043.31
2025-05-01,1,4,2,255562.82
2025-05-01,1,4,3,121014.69
2025-05-01,1,4,4,277329.31
2025-05-01,1,5,1,144782.73
2025-05-01,1,5,2,202638.76
2025-05-01,1,5,3,153305.57
2025-05-01,1,5,4,322485.32
2025-05-01,1,6,1,239267.43
2025-05-01,1,6,2,287868.3
2025-05-01,1,6,3,148571.28
2025-05-01,1,6,4,187205.99
2025-05-01,1,7,1,160707.46
2025-05-01,1,7,2,195043.68
2025-05-01,1,7,3,243334.54
2025-05-01,1,7,4,294699.6
2025-05-01,1,8,1,300286.4
2025-05-01,1,8,2,218079.39
2025-05-01,1,8,3,177978.9
2025-05-01,1,8,4,212305.02
2025-05-01,2,3,1,118722.24
2025-05-01,2,3,2,327253.31
2025-05-01,2,3,3,313067.29
2025-05-01,2,3,4,216205.89
2025-05-01,2,4,1,138271.54
2025-05-01,2,4,2,186715.15
2025-05-01,2,4,3,188352.78
2025-05-01,2,4,4,226416.9
2025-05-01,2,5,1,262619.88
2025-05-01,2,5,2,296574.22
2025-05-01,2,5,3,298027.64
2025-05-01,2,5,4,124316.9
2025-05-01,2,6,1,267500.19
2025-05-01,2,6,2,310673.75
2025-05-01,2,6,3,146971.84
2025-05-01,2,6,4,330310.66
2025-05-01,2,7,1,178337.2
2025-05-01,2,7,2,235928.16
2025-05-01,2,7,3,194327.08
2025-05-01,2,7,4,165756.24
2025-05-01,2,8,1,208830.96
2025-05-01,2,8,2,121196.65
2025-05-01,2,8,3,113408.38
2025-05-01,2,8,4,272526.51
2025-05-01,3,3,1,115181.91
2025-05-01,3,3,2,268757.05
2025-05-01,3,3,3,187897.88
2025-05-01,3,3,4,144734.43
2025-05-01,3,4,1,152918.06
2025-05-01,3,4,2,269256.87
2025-05-01,3,4,3,121194.4
2025-05-01,3,4,4,199298.36
2025-05-01,3,5,1,261775.24
2025-05-01,3,5,2,241564.38
2025-05-01,3,5,3,178716.84
2025-05-01,3,5,4,243951.18
2025-05-01,3,6,1,230892.85
2025-05-01,3,6,2,219829.33
2025-05-01,3,6,3,253343.38
2025-05-01,3,6,4,251938.25
2025-05-01,3,7,1,228746.42
2025-05-01,3,7,2,129664.45
2025-05-01,3,7,3,126126.37
2025-05-01,3,7,4,336644.38
2025-05-01,3,8,1,234475.86
2025-05-01,3,8,2,238746.27
2025-05-01,3,8,3,166728.93
2025-05-01,3,8,4,219601.32
2025-05-01,4,3,1,260083.7
2025-05-01,4,3,2,173743.32
2025-05-01,4,3,3,218718.49
2025-05-01,4,3,4,314580.24
2025-05-01,4,4,1,286318.28
2025-05-01,4,4,2,181144.08
2025-05-01,4,4,3,140513.44
2025-05-01,4,4,4,156005.74
2025-05-01,4,5,1,202775.79
2025-05-01,4,5,2,336650.0
2025-05-01,4,5,3,156666.18
2025-05-01,4,5,4,159288.85
2025-05-01,4,6,1,216713.58
2025-05-01,4,6,2,116764.5
2025-05-01,4,6,3,296024.98
2025-05-01,4,6,4,336313.04
2025-05-01,4,7,1,173197.44
2025-05-01,4,7,2,283408.07
2025-05-01,4,7,3,201048.31
2025-05-01,4,7,4,228619.5
2025-05-01,4,8,1,335671.69
2025-05-01,4,8,2,251056.54
2025-05-01,4,8,3,304873.55
2025-05-01,4,8,4,199311.84
2025-05-01,5,3,1,332309.95
2025-05-01,5,3,2,235510.33
2025-05-01,5,3,3,318620.39
2025-05-01,5,3,4,308236.41
2025-05-01,5,4,1,115717.68
2025-05-01,5,4,2,326513.12
2025-05-01,5,4,3,182404.31
2025-05-01,5,4,4,329948.99
2025-05-01,5,5,1,281435.73
2025-05-01,5,5,2,179563.74
2025-05-01,5,5,3,259838.84
2025-05-01,5,5,4,195608.65
2025-05-01,5,6,1,322006.84
2025-05-01,5,6,2,210879.68
2025-05-01,5,6,3,164385.94
2025-05-01,5,6,4,336870.14
2025-05-01,5,7,1,200603.52
2025-05-01,5,7,2,177575.67
2025-05-01,5,7,3,253110.87
2025-05-01,5,7,4,213685.43
2025-05-01,5,8,1,163273.97
2025-05-01,5,8,2,145978.93
2025-05-01,5,8,3,235486.74
2025-05-01,5,8,4,183622.98
2025-05-01,6,3,1,299440.63
2025-05-01,6,3,2,225967.62
2025-05-01,6,3,3,275759.08
2025-05-01,6,3,4,165527.11
2025-05-01,6,4,1,124182.12
2025-05-01,6,4,2,238112.78
2025-05-01,6,4,3,220700.94
2025-05-01,6,4,4,210746.02
2025-05-01,6,5,1,240191.83
2025-05-01,6,5,2,217357.17
2025-05-01,6,5,3,285232.15
2025-05-01,6,5,4,288142.36
2025-05-01,6,6,1,156366.29
2025-05-01,6,6,2,142750.86
2025-05-01,6,6,3,306915.52
2025-05-01,6,6,4,135574.73
2025-05-01,6,7,1,334686.64
2025-05-01,6,7,2,233124.65
2025-05-01,6,7,3,135669.08
2025-05-01,6,7,4,201698.64
2025-05-01,6,8,1,312848.27
2025-05-01,6,8,2,168424.96
2025-05-01,6,8,3,227058.25
2025-05-01,6,8,4,260737.4
2025-06-01,1,1,1,630077.62
2025-06-01,1,1,2,563334.91
2025-06-01,1,1,3,465311.95
2025-06-01,1,1,4,1343912.47
2025-06-01,1,2,1,1301446.44
2025-06-01,1,2,2,1197762.55
2025-06-01,1,2,3,507083.98
2025-06-01,1,2,4,626240.16
2025-06-01,1,3,1,171193.18
2025-06-01,1,3,2,234146.05
2025-06-01,1,3,3,184733.14
2025-06-01,1,3,4,227374.94
2025-06-01,1,4,1,214082.19
2025-06-01,1,4,2,258020.15
2025-06-01,1,4,3,122178.29
2025-06-01,1,4,4,279995.94
2025-06-01,1,5,1,146174.87
2025-06-01,1,5,2,204587.21
2025-06-01,1,5,3,154779.66
2025-06-01,1,5,4,325586.14
2025-06-01,1,6,1,241568.08
2025-06-01,1,6,2,290636.26
2025-06-01,1,6,3,149999.85
2025-06-01,1,6,4,189006.05
2025-06-01,1,7,1,162252.72
2025-06-01,1,7,2,196919.1
2025-06-01,1,7,3,245674.3
2025-06-01,1,7,4,297533.25
2025-06-01,1,8,1,303173.77
2025-06-01,1,8,2,220176.31
2025-06-01,1,8,3,179690.24
2025-06-01,1,8,4,214346.41
2025-06-01,2,3,1,119863.8
2025-06-01,2,3,2,330399.97
2025-06-01,2,3,3,316077.55
2025-06-01,2,3,4,218284.79
2025-06-01,2,4,1,139601.07
2025-06-01,2,4,2,188510.49
2025-06-01,2,4,3,190163.86
2025-06-01,2,4,4,228593.99
2025-06-01,2,5,1,265145.08
2025-06-01,2,5,2,299425.9
2025-06-01,2,5,3,300893.29
2025-06-01,2,5,4,125512.25
2025-06-01,2,6,1,270072.31
2025-06-01,2,6,2,313661.0
2025-06-01,2,6,3,148385.03
2025-06-01,2,6,4,333486.72
2025-06-01,2,7,1,180051.98
2025-06-01,2,7,2,238196.7
2025-06-01,2,7,3,196195.61
2025-06-01,2,7,4,167350.05
2025-06-01,2,8,1,210838.95
2025-06-01,2,8,2,122362.0
2025-06-01,2,8,3,114498.85
2025-06-01,2,8,4,275146.96
2025-06-01,3,3,1,116289.43
2025-06-01,3,3,2,271341.25
2025-06-01,3,3,3,189704.59
2025-06-01,3,3,4,146126.11
2025-06-01,3,4,1,154388.43
2025-06-01,3,4,2,271845.88
2025-06-01,3,4,3,122359.73
2025-06-01,3,4,4,201214.69
2025-06-01,3,5,1,264292.31
2025-06-01,3,5,2,243887.11
2025-06-01,3,5,3,180435.28
2025-06-01,3,5,4,246296.86
2025-06-01,3,6,1,233112.98
2025-06-01,3,6,2,221943.08
2025-06-01,3,6,3,255779.37
2025-06-01,3,6,4,254360.74
2025-06-01,3,7,1,230945.9
2025-06-01,3,7,2,130911.23
2025-06-01,3,7,3,127339.13
2025-06-01,3,7,4,339881.35
2025-06-01,3,8,1,236730.44
2025-06-01,3,8,2,241041.91
2025-06-01,3,8,3,168332.09
2025-06-01,3,8,4,221712.88
2025-06-01,4,3,1,262584.5
2025-06-01,4,3,2,175413.92
2025-06-01,4,3,3,220821.55
2025-06-01,4,3,4,317605.05
2025-06-01,4,4,1,289071.34
2025-06-01,4,4,2,182885.85
2025-06-01,4,4,3,141864.53
2025-06-01,4,4,4,157505.8
2025-06-01,4,5,1,204725.56
2025-06-01,4,5,2,339887.02
2025-06-01,4,5,3,158172.59
2025-06-01,4,5,4,160820.48
2025-06-01,4,6,1,218797.36
2025-06-01,4,6,2,117887.24
2025-06-01,4,6,3,298871.37
2025-06-01,4,6,4,339546.82
2025-06-01,4,7,1,174862.8
2025-06-01,4,7,2,286133.15
2025-06-01,4,7,3,202981.46
2025-06-01,4,7,4,230817.76
2025-06-01,4,8,1,338899.3
2025-06-01,4,8,2,253470.55
2025-06-01,4,8,3,307805.02
2025-06-01,4,8,4,201228.3
2025-06-01,5,3,1,335505.24
2025-06-01,5,3,2,237774.85
2025-06-01,5,3,3,321684.05
2025-06-01,5,3,4,311200.22
2025-06-01,5,4,1,116830.35
2025-06-01,5,4,2,329652.67
2025-06-01,5,4,3,184158.2
2025-06-01,5,4,4,333121.57
2025-06-01,5,5,1,284141.84
2025-06-01,5,5,2,181290.31
2025-06-01,5,5,3,262337.29
2025-06-01,5,5,4,197489.5
2025-06-01,5,6,1,325103.06
2025-06-01,5,6,2,212907.37
2025-06-01,5,6,3,165966.57
2025-06-01,5,6,4,340109.28
2025-06-01,5,7,1,202532.4
2025-06-01,5,7,2,179283.13
2025-06-01,5,7,3,255544.63
2025-06-01,5,7,4,215740.1
2025-06-01,5,8,1,164843.91
2025-06-01,5,8,2,147382.58
2025-06-01,5,8,3,237751.04
2025-06-01,5,8,4,185388.59
2025-06-01,6,3,1,302319.86
2025-06-01,6,3,2,228140.39
2025-06-01,6,3,3,278410.61
2025-06-01,6,3,4,167118.71
2025-06-01,6,4,1,125376.17
2025-06-01,6,4,2,240402.33
2025-06-01,6,4,3,222823.06
2025-06-01,6,4,4,212772.42
2025-06-01,6,5,1,242501.36
2025-06-01,6,5,2,219447.14
2025-06-01,6,5,3,287974.76
2025-06-01,6,5,4,290912.96
2025-06-01,6,6,1,157869.81
2025-06-01,6,6,2,144123.46
2025-06-01,6,6,3,309866.63
2025-06-01,6,6,4,136878.34
2025-06-01,6,7,1,337904.78
2025-06-01,6,7,2,235366.24
2025-06-01,6,7,3,136973.59
2025-06-01,6,7,4,203638.05
2025-06-01,6,8,1,315856.42
2025-06-01,6,8,2,170044.43
2025-06-01,6,8,3,229241.5
2025-06-01,6,8,4,263244.49
2025-07-01,1,1,1,636078.36
2025-07-01,1,1,2,568700.01
2025-07-01,1,1,3,469743.49
2025-07-01,1,1,4,1356711.64
2025-07-01,1,2,1,1313841.17
2025-07-01,1,2,2,1209169.81
2025-07-01,1,2,3,511913.35
2025-07-01,1,2,4,632204.35
2025-07-01,1,3,1,172823.59
2025-07-01,1,3,2,236376.01
2025-07-01,1,3,3,186492.5
2025-07-01,1,3,4,229540.41
2025-07-01,1,4,1,216121.07
2025-07-01,1,4,2,260477.49
2025-07-01,1,4,3,123341.9
2025-07-01,1,4,4,282662.57
2025-07-01,1,5,1,147567.01
2025-07-01,1,5,2,206535.66
2025-07-01,1,5,3,156253.75
2025-07-01,1,5,4,328686.96
2025-07-01,1,6,1,243868.73
2025-07-01,1,6,2,293404.23
2025-07-01,1,6,3,151428.42
2025-07-01,1,6,4,190806.11
2025-07-01,1,7,1,163797.98
2025-07-01,1,7,2,198794.52
2025-07-01,1,7,3,248014.05
2025-07-01,1,7,4,300366.9
2025-07-01,1,8,1,306061.14
2025-07-01,1,8,2,222273.22
2025-07-01,1,8,3,181401.57
2025-07-01,1,8,4,216387.81
2025-07-01,2,3,1,121005.36
2025-07-01,2,3,2,333546.64
2025-07-01,2,3,3,319087.81
2025-07-01,2,3,4,220363.7
2025-07-01,2,4,1,140930.6
2025-07-01,2,4,2,190305.83
2025-07-01,2,4,3,191974.95
2025-07-01,2,4,4,230771.07
2025-07-01,2,5,1,267670.27
2025-07-01,2,5,2,302277.57
2025-07-01,2,5,3,303758.94
2025-07-01,2,5,4,126707.61
2025-07-01,2,6,1,272644.42
2025-07-01,2,6,2,316648.25
2025-07-01,2,6,3,149798.22
2025-07-01,2,6,4,336662.78
2025-07-01,2,7,1,181766.76
2025-07-01,2,7,2,240465.24
2025-07-01,2,7,3,198064.14
2025-07-01,2,7,4,168943.86
2025-07-01,2,8,1,212846.94
2025-07-01,2,8,2,123527.35
2025-07-01,2,8,3,115589.31
2025-07-01,2,8,4,277767.4
2025-07-01,3,3,1,117396.95
2025-07-01,3,3,2,273925.45
2025-07-01,3,3,3,191511.3
2025-07-01,3,3,4,147517.78
2025-07-01,3,4,1,155858.8
2025-07-01,3,4,2,274434.89
2025-07-01,3,4,3,123525.06
2025-07-01,3,4,4,203131.02
2025-07-01,3,5,1,266809.38
2025-07-01,3,5,2,246209.85
2025-07-01,3,5,3,182153.71
2025-07-01,3,5,4,248642.55
2025-07-01,3,6,1,235333.1
2025-07-01,3,6,2,224056.82
2025-07-01,3,6,3,258215.36
2025-07-01,3,6,4,256783.22
2025-07-01,3,7,1,233145.39
2025-07-01,3,7,2,132158.0
2025-07-01,3,7,3,128551.88
2025-07-01,3,7,4,343118.31
2025-07-01,3,8,1,238985.01
2025-07-01,3,8,2,243337.54
2025-07-01,3,8,3,169935.26
2025-07-01,3,8,4,223824.43
2025-07-01,4,3,1,265085.31
2025-07-01,4,3,2,177084.53
2025-07-01,4,3,3,222924.61
2025-07-01,4,3,4,320629.86
2025-07-01,4,4,1,291824.4
2025-07-01,4,4,2,184627.62
2025-07-01,4,4,3,143215.62
2025-07-01,4,4,4,159005.85
2025-07-01,4,5,1,206675.32
2025-07-01,4,5,2,343124.04
2025-07-01,4,5,3,159678.99
2025-07-01,4,5,4,162352.1
2025-07-01,4,6,1,220881.15
2025-07-01,4,6,2,119009.97
2025-07-01,4,6,3,301717.76
2025-07-01,4,6,4,342780.6
2025-07-01,4,7,1,176528.16
2025-07-01,4,7,2,288858.23
2025-07-01,4,7,3,204914.62
2025-07-01,4,7,4,233016.03
2025-07-01,4,8,1,342126.91
2025-07-01,4,8,2,255884.55
2025-07-01,4,8,3,310736.5
2025-07-01,4,8,4,203144.76
2025-07-01,5,3,1,338700.53
2025-07-01,5,3,2,240039.37
2025-07-01,5,3,3,324747.71
2025-07-01,5,3,4,314164.03
2025-07-01,5,4,1,117943.02
2025-07-01,5,4,2,332792.22
2025-07-01,5,4,3,185912.09
2025-07-01,5,4,4,336294.16
2025-07-01,5,5,1,286847.96
2025-07-01,5,5,2,183016.89
2025-07-01,5,5,3,264835.74
2025-07-01,5,5,4,199370.35
2025-07-01,5,6,1,328199.28
2025-07-01,5,6,2,214935.06
2025-07-01,5,6,3,167547.2
2025-07-01,5,6,4,343348.42
2025-07-01,5,7,1,204461.28
2025-07-01,5,7,2,180990.59
2025-07-01,5,7,3,257978.39
2025-07-01,5,7,4,217794.77
2025-07-01,5,8,1,166413.85
2025-07-01,5,8,2,148786.22
2025-07-01,5,8,3,240015.33
2025-07-01,5,8,4,187154.19
2025-07-01,6,3,1,305199.1
2025-07-01,6,3,2,230313.15
2025-07-01,6,3,3,281062.14
2025-07-01,6,3,4,168710.32
2025-07-01,6,4,1,126570.23
2025-07-01,6,4,2,242691.88
2025-07-01,6,4,3,224945.19
2025-07-01,6,4,4,214798.82
2025-07-01,6,5,1,244810.9
2025-07-01,6,5,2,221537.12
2025-07-01,6,5,3,290717.38
2025-07-01,6,5,4,293683.56
2025-07-01,6,6,1,159373.33
2025-07-01,6,6,2,145496.07
2025-07-01,6,6,3,312817.74
2025-07-01,6,6,4,138181.94
2025-07-01,6,7,1,341122.92
2025-07-01,6,7,2,237607.82
2025-07-01,6,7,3,138278.1
2025-07-01,6,7,4,205577.46
2025-07-01,6,8,1,318864.58
2025-07-01,6,8,2,171663.9
2025-07-01,6,8,3,231424.75
2025-07-01,6,8,4,265751.58
2025-08-01,1,1,1,642079.09
2025-08-01,1,1,2,574065.1
2025-08-01,1,1,3,474175.04
2025-08-01,1,1,4,1369510.8
2025-08-01,1,2,1,1326235.9
2025-08-01,1,2,2,1220577.08
2025-08-01,1,2,3,516742.72
2025-08-01,1,2,4,638168.54
2025-08-01,1,3,1,174454.0
2025-08-01,1,3,2,238605.98
2025-08-01,1,3,3,188251.86
2025-08-01,1,3,4,231705.89
2025-08-01,1,4,1,218159.95
2025-08-01,1,4,2,262934.82
2025-08-01,1,4,3,124505.5
2025-08-01,1,4,4,285329.2
2025-08-01,1,5,1,148959.15
2025-08-01,1,5,2,208484.11
2025-08-01,1,5,3,157727.84
2025-08-01,1,5,4,331787.78
2025-08-01,1,6,1,246169.38
2025-08-01,1,6,2,296172.19
2025-08-01,1,6,3,152856.99
2025-08-01,1,6,4,192606.16
2025-08-01,1,7,1,165343.25
2025-08-01,1,7,2,200669.94
2025-08-01,1,7,3,250353.81
2025-08-01,1,7,4,303200.55
2025-08-01,1,8,1,308948.5
2025-08-01,1,8,2,224370.14
2025-08-01,1,8,3,183112.91
2025-08-01,1,8,4,218429.2
2025-08-01,2,3,1,122146.92
2025-08-01,2,3,2,336693.3
2025-08-01,2,3,3,322098.08
2025-08-01,2,3,4,222442.6
2025-08-01,2,4,1,142260.14
2025-08-01,2,4,2,192101.17
2025-08-01,2,4,3,193786.03
2025-08-01,2,4,4,232948.16
2025-08-01,2,5,1,270195.46
2025-08-01,2,5,2,305129.25
2025-08-01,2,5,3,306624.59
2025-08-01,2,5,4,127902.96
2025-08-01,2,6,1,275216.54
2025-08-01,2,6,2,319635.49
2025-08-01,2,6,3,151211.42
2025-08-01,2,6,4,339838.85
2025-08-01,2,7,1,183481.55
2025-08-01,2,7,2,242733.78
2025-08-01,2,7,3,199932.67
2025-08-01,2,7,4,170537.67
2025-08-01,2,8,1,214854.93
2025-08-01,2,8,2,124692.71
2025-08-01,2,8,3,116679.78
2025-08-01,2,8,4,280387.85
2025-08-01,3,3,1,118504.47
2025-08-01,3,3,2,276509.66
2025-08-01,3,3,3,193318.01
2025-08-01,3,3,4,148909.46
2025-08-01,3,4,1,157329.16
2025-08-01,3,4,2,277023.9
2025-08-01,3,4,3,124690.4
2025-08-01,3,4,4,205047.35
2025-08-01,3,5,1,269326.45
2025-08-01,3,5,2,248532.58
2025-08-01,3,5,3,183872.14
2025-08-01,3,5,4,250988.23
2025-08-01,3,6,1,237553.23
2025-08-01,3,6,2,226170.57
2025-08-01,3,6,3,260651.36
2025-08-01,3,6,4,259205.7
2025-08-01,3,7,1,235344.87
2025-08-01,3,7,2,133404.78
2025-08-01,3,7,3,129764.64
2025-08-01,3,7,4,346355.28
2025-08-01,3,8,1,241239.59
2025-08-01,3,8,2,245633.18
2025-08-01,3,8,3,171538.42
2025-08-01,3,8,4,225935.98
2025-08-01,4,3,1,267586.11
2025-08-01,4,3,2,178755.14
2025-08-01,4,3,3,225027.68
2025-08-01,4,3,4,323654.67
2025-08-01,4,4,1,294577.46
2025-08-01,4,4,2,186369.39
2025-08-01,4,4,3,144566.72
2025-08-01,4,4,4,160505.91
2025-08-01,4,5,1,208625.09
2025-08-01,4,5,2,346361.05
2025-08-01,4,5,3,161185.4
2025-08-01,4,5,4,163883.73
2025-08-01,4,6,1,222964.93
2025-08-01,4,6,2,120132.71
2025-08-01,4,6,3,304564.16
2025-08-01,4,6,4,346014.37
2025-08-01,4,7,1,178193.52
2025-08-01,4,7,2,291583.3
2025-08-01,4,7,3,206847.78
2025-08-01,4,7,4,235214.29
2025-08-01,4,8,1,345354.53
2025-08-01,4,8,2,258298.56
2025-08-01,4,8,3,313667.97
2025-08-01,4,8,4,205061.22
2025-08-01,5,3,1,341895.82
2025-08-01,5,3,2,242303.9
2025-08-01,5,3,3,327811.36
2025-08-01,5,3,4,317127.84
2025-08-01,5,4,1,119055.69
2025-08-01,5,4,2,335931.76
2025-08-01,5,4,3,187665.97
2025-08-01,5,4,4,339466.74
2025-08-01,5,5,1,289554.07
2025-08-01,5,5,2,184743.46
2025-08-01,5,5,3,267334.19
2025-08-01,5,5,4,201251.21
2025-08-01,5,6,1,331295.5
2025-08-01,5,6,2,216962.74
2025-08-01,5,6,3,169127.84
2025-08-01,5,6,4,346587.55
2025-08-01,5,7,1,206390.16
2025-08-01,5,7,2,182698.05
2025-08-01,5,7,3,260412.15
2025-08-01,5,7,4,219849.43
2025-08-01,5,8,1,167983.79
2025-08-01,5,8,2,150189.87
2025-08-01,5,8,3,242279.63
2025-08-01,5,8,4,188919.8
2025-08-01,6,3,1,308078.34
2025-08-01,6,3,2,232485.92
2025-08-01,6,3,3,283713.67
2025-08-01,6,3,4,170301.93
2025-08-01,6,4,1,127764.29
2025-08-01,6,4,2,244981.42
2025-08-01,6,4,3,227067.31
2025-08-01,6,4,4,216825.23
2025-08-01,6,5,1,247120.44
2025-08-01,6,5,2,223627.09
2025-08-01,6,5,3,293460.0
2025-08-01,6,5,4,296454.16
2025-08-01,6,6,1,160876.85
2025-08-01,6,6,2,146868.67
2025-08-01,6,6,3,315768.86
2025-08-01,6,6,4,139485.54
2025-08-01,6,7,1,344341.07
2025-08-01,6,7,2,239849.4
2025-08-01,6,7,3,139582.61
2025-08-01,6,7,4,207516.87
2025-08-01,6,8,1,321872.73
2025-08-01,6,8,2,173283.38
2025-08-01,6,8,3,233608.01
2025-08-01,6,8,4,268258.67
2025-09-01,1,1,1,648079.83
2025-09-01,1,1,2,579430.2
2025-09-01,1,1,3,478606.58
2025-09-01,1,1,4,1382309.97
2025-09-01,1,2,1,1338630.62
2025-09-01,1,2,2,1231984.34
2025-09-01,1,2,3,521572.09
2025-09-01,1,2,4,644132.74
2025-09-01,1,3,1,176084.41
2025-09-01,1,3,2,240835.94
2025-09-01,1,3,3,190011.23
2025-09-01,1,3,4,233871.36
2025-09-01,1,4,1,220198.82
2025-09-01,1,4,2,265392.16
2025-09-01,1,4,3,125669.1
2025-09-01,1,4,4,287995.82
2025-09-01,1,5,1,150351.29
2025-09-01,1,5,2,210432.56
2025-09-01,1,5,3,159201.94
2025-09-01,1,5,4,334888.6
2025-09-01,1,6,1,248470.03
2025-09-01,1,6,2,298940.16
2025-09-01,1,6,3,154285.56
2025-09-01,1,6,4,194406.22
2025-09-01,1,7,1,166888.51
2025-09-01,1,7,2,202545.36
2025-09-01,1,7,3,252693.56
2025-09-01,1,7,4,306034.2
2025-09-01,1,8,1,311835.87
2025-09-01,1,8,2,226467.06
2025-09-01,1,8,3,184824.24
2025-09-01,1,8,4,220470.6
2025-09-01,2,3,1,123288.48
2025-09-01,2,3,2,339839.97
2025-09-01,2,3,3,325108.34
2025-09-01,2,3,4,224521.5
2025-09-01,2,4,1,143589.67
2025-09-01,2,4,2,193896.5
2025-09-01,2,4,3,195597.12
2025-09-01,2,4,4,235125.24
2025-09-01,2,5,1,272720.65
2025-09-01,2,5,2,307980.92
2025-09-01,2,5,3,309490.24
2025-09-01,2,5,4,129098.32
2025-09-01,2,6,1,277788.66
2025-09-01,2,6,2,322622.74
2025-09-01,2,6,3,152624.61
2025-09-01,2,6,4,343014.91
2025-09-01,2,7,1,185196.33
2025-09-01,2,7,2,245002.32
2025-09-01,2,7,3,201801.2
2025-09-01,2,7,4,172131.48
2025-09-01,2,8,1,216862.92
2025-09-01,2,8,2,125858.06
2025-09-01,2,8,3,117770.24
2025-09-01,2,8,4,283008.3
2025-09-01,3,3,1,119611.99
2025-09-01,3,3,2,279093.86
2025-09-01,3,3,3,195124.72
2025-09-01,3,3,4,150301.14
2025-09-01,3,4,1,158799.53
2025-09-01,3,4,2,279612.91
2025-09-01,3,4,3,125855.73
2025-09-01,3,4,4,206963.68
2025-09-01,3,5,1,271843.52
2025-09-01,3,5,2,250855.32
2025-09-01,3,5,3,185590.57
2025-09-01,3,5,4,253333.92
2025-09-01,3,6,1,239773.35
2025-09-01,3,6,2,228284.31
2025-09-01,3,6,3,263087.35
2025-09-01,3,6,4,261628.19
2025-09-01,3,7,1,237544.36
2025-09-01,3,7,2,134651.55
2025-09-01,3,7,3,130977.39
2025-09-01,3,7,4,349592.24
2025-09-01,3,8,1,243494.16
2025-09-01,3,8,2,247928.82
2025-09-01,3,8,3,173141.58
2025-09-01,3,8,4,228047.53
2025-09-01,4,3,1,270086.92
2025-09-01,4,3,2,180425.75
2025-09-01,4,3,3,227130.74
2025-09-01,4,3,4,326679.48
2025-09-01,4,4,1,297330.52
2025-09-01,4,4,2,188111.16
2025-09-01,4,4,3,145917.81
2025-09-01,4,4,4,162005.96
2025-09-01,4,5,1,210574.86
2025-09-01,4,5,2,349598.07
2025-09-01,4,5,3,162691.8
2025-09-01,4,5,4,165415.35
2025-09-01,4,6,1,225048.72
2025-09-01,4,6,2,121255.44
2025-09-01,4,6,3,307410.55
2025-09-01,4,6,4,349248.15
2025-09-01,4,7,1,179858.88
2025-09-01,4,7,2,294308.38
2025-09-01,4,7,3,208780.93
2025-09-01,4,7,4,237412.56
2025-09-01,4,8,1,348582.14
2025-09-01,4,8,2,260712.56
2025-09-01,4,8,3,316599.45
2025-09-01,4,8,4,206977.68
2025-09-01,5,3,1,345091.1
2025-09-01,5,3,2,244568.42
2025-09-01,5,3,3,330875.02
2025-09-01,5,3,4,320091.65
2025-09-01,5,4,1,120168.36
2025-09-01,5,4,2,339071.31
2025-09-01,5,4,3,189419.86
2025-09-01,5,4,4,342639.33
2025-09-01,5,5,1,292260.18
2025-09-01,5,5,2,186470.04
2025-09-01,5,5,3,269832.64
2025-09-01,5,5,4,203132.06
2025-09-01,5,6,1,334391.72
2025-09-01,5,6,2,218990.43
2025-09-01,5,6,3,170708.47
2025-09-01,5,6,4,349826.69
2025-09-01,5,7,1,208319.04
2025-09-01,5,7,2,184405.51
2025-09-01,5,7,3,262845.91
2025-09-01,5,7,4,221904.1
2025-09-01,5,8,1,169553.74
2025-09-01,5,8,2,151593.51
2025-09-01,5,8,3,244543.92
2025-09-01,5,8,4,190685.4
2025-09-01,6,3,1,310957.57
2025-09-01,6,3,2,234658.68
2025-09-01,6,3,3,286365.2
2025-09-01,6,3,4,171893.53
2025-09-01,6,4,1,128958.35
2025-09-01,6,4,2,247270.97
2025-09-01,6,4,3,229189.44
2025-09-01,6,4,4,218851.63
2025-09-01,6,5,1,249429.97
2025-09-01,6,5,2,225717.06
2025-09-01,6,5,3,296202.61
2025-09-01,6,5,4,299224.76
2025-09-01,6,6,1,162380.38
2025-09-01,6,6,2,148241.28
2025-09-01,6,6,3,318719.97
2025-09-01,6,6,4,140789.15
2025-09-01,6,7,1,347559.21
2025-09-01,6,7,2,242090.99
2025-09-01,6,7,3,140887.12
2025-09-01,6,7,4,209456.28
2025-09-01,6,8,1,324880.89
2025-09-01,6,8,2,174902.85
2025-09-01,6,8,3,235791.26
2025-09-01,6,8,4,270765.76
2025-10-01,1,1,1,654080.57
2025-10-01,1,1,2,584795.29
2025-10-01,1,1,3,483038.12
2025-10-01,1,1,4,1395109.14
2025-10-01,1,2,1,1351025.35
2025-10-01,1,2,2,1243391.6
2025-10-01,1,2,3,526401.46
2025-10-01,1,2,4,650096.93
2025-10-01,1,3,1,177714.82
2025-10-01,1,3,2,243065.9
2025-10-01,1,3,3,191770.59
2025-10-01,1,3,4,236036.84
2025-10-01,1,4,1,222237.7
2025-10-01,1,4,2,267849.49
2025-10-01,1,4,3,126832.71
2025-10-01,1,4,4,290662.45
2025-10-01,1,5,1,151743.43
2025-10-01,1,5,2,212381.01
2025-10-01,1,5,3,160676.03
2025-10-01,1,5,4,337989.42
2025-10-01,1,6,1,250770.68
2025-10-01,1,6,2,301708.12
2025-10-01,1,6,3,155714.13
2025-10-01,1,6,4,196206.28
2025-10-01,1,7,1,168433.78
2025-10-01,1,7,2,204420.78
2025-10-01,1,7,3,255033.32
2025-10-01,1,7,4,308867.85
2025-10-01,1,8,1,314723.24
2025-10-01,1,8,2,228563.97
2025-10-01,1,8,3,186535.58
2025-10-01,1,8,4,222511.99
2025-10-01,2,3,1,124430.04
2025-10-01,2,3,2,342986.64
2025-10-01,2,3,3,328118.6
2025-10-01,2,3,4,226600.41
2025-10-01,2,4,1,144919.21
2025-10-01,2,4,2,195691.84
2025-10-01,2,4,3,197408.2
2025-10-01,2,4,4,237302.33
2025-10-01,2,5,1,275245.84
2025-10-01,2,5,2,310832.6
2025-10-01,2,5,3,312355.89
2025-10-01,2,5,4,130293.67
2025-10-01,2,6,1,280360.77
2025-10-01,2,6,2,325609.99
2025-10-01,2,6,3,154037.8
2025-10-01,2,6,4,346190.98
2025-10-01,2,7,1,186911.11
2025-10-01,2,7,2,247270.86
2025-10-01,2,7,3,203669.73
2025-10-01,2,7,4,173725.29
2025-10-01,2,8,1,218870.91
2025-10-01,2,8,2,127023.41
2025-10-01,2,8,3,118860.71
2025-10-01,2,8,4,285628.74
2025-10-01,3,3,1,120719.51
2025-10-01,3,3,2,281678.06
2025-10-01,3,3,3,196931.43
2025-10-01,3,3,4,151692.81
2025-10-01,3,4,1,160269.89
2025-10-01,3,4,2,282201.92
2025-10-01,3,4,3,127021.06
2025-10-01,3,4,4,208880.01
2025-10-01,3,5,1,274360.59
2025-10-01,3,5,2,253178.05
2025-10-01,3,5,3,187309.0
2025-10-01,3,5,4,255679.6
2025-10-01,3,6,1,241993.47
2025-10-01,3,6,2,230398.05
2025-10-01,3,6,3,265523.35
2025-10-01,3,6,4,264050.67
2025-10-01,3,7,1,239743.84
2025-10-01,3,7,2,135898.32
2025-10-01,3,7,3,132190.14
2025-10-01,3,7,4,352829.21
2025-10-01,3,8,1,245748.74
2025-10-01,3,8,2,250224.45
2025-10-01,3,8,3,174744.75
2025-10-01,3,8,4,230159.08
2025-10-01,4,3,1,272587.72
2025-10-01,4,3,2,182096.36
2025-10-01,4,3,3,229233.8
2025-10-01,4,3,4,329704.29
2025-10-01,4,4,1,300083.58
2025-10-01,4,4,2,189852.93
2025-10-01,4,4,3,147268.9
2025-10-01,4,4,4,163506.02
2025-10-01,4,5,1,212524.62
2025-10-01,4,5,2,352835.09
2025-10-01,4,5,3,164198.21
2025-10-01,4,5,4,166946.97
2025-10-01,4,6,1,227132.5
2025-10-01,4,6,2,122378.18
2025-10-01,4,6,3,310256.95
2025-10-01,4,6,4,352481.93
2025-10-01,4,7,1,181524.24
2025-10-01,4,7,2,297033.46
2025-10-01,4,7,3,210714.09
2025-10-01,4,7,4,239610.82
2025-10-01,4,8,1,351809.75
2025-10-01,4,8,2,263126.57
2025-10-01,4,8,3,319530.93
2025-10-01,4,8,4,208894.14
2025-10-01,5,3,1,348286.39
2025-10-01,5,3,2,246832.94
2025-10-01,5,3,3,333938.68
2025-10-01,5,3,4,323055.46
2025-10-01,5,4,1,121281.03
2025-10-01,5,4,2,342210.86
2025-10-01,5,4,3,191173.75
2025-10-01,5,4,4,345811.92
2025-10-01,5,5,1,294966.3
2025-10-01,5,5,2,188196.61
2025-10-01,5,5,3,272331.09
2025-10-01,5,5,4,205012.91
2025-10-01,5,6,1,337487.94
2025-10-01,5,6,2,221018.12
2025-10-01,5,6,3,172289.11
2025-10-01,5,6,4,353065.82
2025-10-01,5,7,1,210247.92
2025-10-01,5,7,2,186112.97
2025-10-01,5,7,3,265279.67
2025-10-01,5,7,4,223958.77
2025-10-01,5,8,1,171123.68
2025-10-01,5,8,2,152997.15
2025-10-01,5,8,3,246808.22
2025-10-01,5,8,4,192451.01
2025-10-01,6,3,1,313836.81
2025-10-01,6,3,2,236831.45
2025-10-01,6,3,3,289016.73
2025-10-01,6,3,4,173485.14
2025-10-01,6,4,1,130152.41
2025-10-01,6,4,2,249560.51
2025-10-01,6,4,3,231311.56
2025-10-01,6,4,4,220878.04
2025-10-01,6,5,1,251739.51
2025-10-01,6,5,2,227807.04
2025-10-01,6,5,3,298945.23
2025-10-01,6,5,4,301995.36
2025-10-01,6,6,1,163883.9
2025-10-01,6,6,2,149613.88
2025-10-01,6,6,3,321671.08
2025-10-01,6,6,4,142092.75
2025-10-01,6,7,1,350777.35
2025-10-01,6,7,2,244332.57
2025-10-01,6,7,3,142191.63
2025-10-01,6,7,4,211395.69
2025-10-01,6,8,1,327889.05
2025-10-01,6,8,2,176522.32
2025-10-01,6,8,3,237974.51
2025-10-01,6,8,4,273272.85
2025-11-01,1,1,1,660081.31
2025-11-01,1,1,2,590160.38
2025-11-01,1,1,3,487469.66
2025-11-01,1,1,4,1407908.3
2025-11-01,1,2,1,1363420.08
2025-11-01,1,2,2,1254798.86
2025-11-01,1,2,3,531230.83
2025-11-01,1,2,4,656061.12
2025-11-01,1,3,1,179345.23
2025-11-01,1,3,2,245295.86
2025-11-01,1,3,3,193529.95
2025-11-01,1,3,4,238202.32
2025-11-01,1,4,1,224276.58
2025-11-01,1,4,2,270306.83
2025-11-01,1,4,3,127996.31
2025-11-01,1,4,4,293329.08
2025-11-01,1,5,1,153135.58
2025-11-01,1,5,2,214329.46
2025-11-01,1,5,3,162150.12
2025-11-01,1,5,4,341090.24
2025-11-01,1,6,1,253071.32
2025-11-01,1,6,2,304476.08
2025-11-01,1,6,3,157142.7
2025-11-01,1,6,4,198006.34
2025-11-01,1,7,1,169979.04
2025-11-01,1,7,2,206296.2
2025-11-01,1,7,3,257373.07
2025-11-01,1,7,4,311701.5
2025-11-01,1,8,1,317610.61
2025-11-01,1,8,2,230660.89
2025-11-01,1,8,3,188246.92
2025-11-01,1,8,4,224553.38
2025-11-01,2,3,1,125571.6
2025-11-01,2,3,2,346133.3
2025-11-01,2,3,3,331128.86
2025-11-01,2,3,4,228679.31
2025-11-01,2,4,1,146248.74
2025-11-01,2,4,2,197487.18
2025-11-01,2,4,3,199219.28
2025-11-01,2,4,4,239479.42
2025-11-01,2,5,1,277771.03
2025-11-01,2,5,2,313684.27
2025-11-01,2,5,3,315221.54
2025-11-01,2,5,4,131489.03
2025-11-01,2,6,1,282932.89
2025-11-01,2,6,2,328597.24
2025-11-01,2,6,3,155450.99
2025-11-01,2,6,4,349367.04
2025-11-01,2,7,1,188625.89
2025-11-01,2,7,2,249539.4
2025-11-01,2,7,3,205538.26
2025-11-01,2,7,4,175319.1
2025-11-01,2,8,1,220878.9
2025-11-01,2,8,2,128188.76
2025-11-01,2,8,3,119951.17
2025-11-01,2,8,4,288249.19
2025-11-01,3,3,1,121827.02
2025-11-01,3,3,2,284262.26
2025-11-01,3,3,3,198738.14
2025-11-01,3,3,4,153084.49
2025-11-01,3,4,1,161740.26
2025-11-01,3,4,2,284790.92
2025-11-01,3,4,3,128186.39
2025-11-01,3,4,4,210796.34
2025-11-01,3,5,1,276877.66
2025-11-01,3,5,2,255500.78
2025-11-01,3,5,3,189027.43
2025-11-01,3,5,4,258025.28
2025-11-01,3,6,1,244213.6
2025-11-01,3,6,2,232511.8
2025-11-01,3,6,3,267959.34
2025-11-01,3,6,4,266473.15
2025-11-01,3,7,1,241943.33
2025-11-01,3,7,2,137145.1
2025-11-01,3,7,3,133402.9
2025-11-01,3,7,4,356066.17
2025-11-01,3,8,1,248003.32
2025-11-01,3,8,2,252520.09
2025-11-01,3,8,3,176347.91
2025-11-01,3,8,4,232270.63
2025-11-01,4,3,1,275088.53
2025-11-01,4,3,2,183766.97
2025-11-01,4,3,3,231336.86
2025-11-01,4,3,4,332729.1
2025-11-01,4,4,1,302836.64
2025-11-01,4,4,2,191594.7
2025-11-01,4,4,3,148619.99
2025-11-01,4,4,4,165006.07
2025-11-01,4,5,1,214474.39
2025-11-01,4,5,2,356072.11
2025-11-01,4,5,3,165704.62
2025-11-01,4,5,4,168478.6
2025-11-01,4,6,1,229216.28
2025-11-01,4,6,2,123500.92
2025-11-01,4,6,3,313103.34
2025-11-01,4,6,4,355715.71
2025-11-01,4,7,1,183189.6
2025-11-01,4,7,2,299758.54
2025-11-01,4,7,3,212647.25
2025-11-01,4,7,4,241809.08
2025-11-01,4,8,1,355037.36
2025-11-01,4,8,2,265540.57
2025-11-01,4,8,3,322462.4
2025-11-01,4,8,4,210810.6
2025-11-01,5,3,1,351481.68
2025-11-01,5,3,2,249097.46
2025-11-01,5,3,3,337002.34
2025-11-01,5,3,4,326019.28
2025-11-01,5,4,1,122393.7
2025-11-01,5,4,2,345350.41
2025-11-01,5,4,3,192927.64
2025-11-01,5,4,4,348984.5
2025-11-01,5,5,1,297672.41
2025-11-01,5,5,2,189923.18
2025-11-01,5,5,3,274829.54
2025-11-01,5,5,4,206893.76
2025-11-01,5,6,1,340584.16
2025-11-01,5,6,2,223045.81
2025-11-01,5,6,3,173869.74
2025-11-01,5,6,4,356304.96
2025-11-01,5,7,1,212176.8
2025-11-01,5,7,2,187820.42
2025-11-01,5,7,3,267713.42
2025-11-01,5,7,4,226013.44
2025-11-01,5,8,1,172693.62
2025-11-01,5,8,2,154400.8
2025-11-01,5,8,3,249072.52
2025-11-01,5,8,4,194216.62
2025-11-01,6,3,1,316716.05
2025-11-01,6,3,2,239004.22
2025-11-01,6,3,3,291668.26
2025-11-01,6,3,4,175076.75
2025-11-01,6,4,1,131346.47
2025-11-01,6,4,2,251850.06
2025-11-01,6,4,3,233433.68
2025-11-01,6,4,4,222904.44
2025-11-01,6,5,1,254049.05
2025-11-01,6,5,2,229897.01
2025-11-01,6,5,3,301687.85
2025-11-01,6,5,4,304765.96
2025-11-01,6,6,1,165387.42
2025-11-01,6,6,2,150986.48
2025-11-01,6,6,3,324622.19
2025-11-01,6,6,4,143396.35
2025-11-01,6,7,1,353995.49
2025-11-01,6,7,2,246574.15
2025-11-01,6,7,3,143496.14
2025-11-01,6,7,4,213335.1
2025-11-01,6,8,1,330897.2
2025-11-01,6,8,2,178141.79
2025-11-01,6,8,3,240157.76
2025-11-01,6,8,4,275779.94
2025-12-01,1,1,1,666082.05
2025-12-01,1,1,2,595525.48
2025-12-01,1,1,3,491901.21
2025-12-01,1,1,4,1420707.47
2025-12-01,1,2,1,1375814.81
2025-12-01,1,2,2,1266206.13
2025-12-01,1,2,3,536060.2
2025-12-01,1,2,4,662025.31
2025-12-01,1,3,1,180975.64
2025-12-01,1,3,2,247525.83
2025-12-01,1,3,3,195289.32
2025-12-01,1,3,4,240367.79
2025-12-01,1,4,1,226315.46
2025-12-01,1,4,2,272764.16
2025-12-01,1,4,3,129159.91
2025-12-01,1,4,4,295995.71
2025-12-01,1,5,1,154527.72
2025-12-01,1,5,2,216277.91
2025-12-01,1,5,3,163624.21
2025-12-01,1,5,4,344191.06
2025-12-01,1,6,1,255371.97
2025-12-01,1,6,2,307244.05
2025-12-01,1,6,3,158571.27
2025-12-01,1,6,4,199806.39
2025-12-01,1,7,1,171524.3
2025-12-01,1,7,2,208171.62
2025-12-01,1,7,3,259712.83
2025-12-01,1,7,4,314535.15
2025-12-01,1,8,1,320497.98
2025-12-01,1,8,2,232757.81
2025-12-01,1,8,3,189958.25
2025-12-01,1,8,4,226594.78
2025-12-01,2,3,1,126713.16
2025-12-01,2,3,2,349279.97
2025-12-01,2,3,3,334139.13
2025-12-01,2,3,4,230758.21
2025-12-01,2,4,1,147578.27
2025-12-01,2,4,2,199282.52
2025-12-01,2,4,3,201030.37
2025-12-01,2,4,4,241656.5
2025-12-01,2,5,1,280296.22
2025-12-01,2,5,2,316535.95
2025-12-01,2,5,3,318087.19
2025-12-01,2,5,4,132684.38
2025-12-01,2,6,1,285505.01
2025-12-01,2,6,2,331584.48
2025-12-01,2,6,3,156864.18
2025-12-01,2,6,4,352543.1
2025-12-01,2,7,1,190340.67
2025-12-01,2,7,2,251807.94
2025-12-01,2,7,3,207406.79
2025-12-01,2,7,4,176912.91
2025-12-01,2,8,1,222886.89
2025-12-01,2,8,2,129354.12
2025-12-01,2,8,3,121041.64
2025-12-01,2,8,4,290869.64
2025-12-01,3,3,1,122934.54
2025-12-01,3,3,2,286846.47
2025-12-01,3,3,3,200544.85
2025-12-01,3,3,4,154476.17
2025-12-01,3,4,1,163210.63
2025-12-01,3,4,2,287379.93
2025-12-01,3,4,3,129351.72
2025-12-01,3,4,4,212712.67
2025-12-01,3,5,1,279394.73
2025-12-01,3,5,2,257823.52
2025-12-01,3,5,3,190745.86
2025-12-01,3,5,4,260370.97
2025-12-01,3,6,1,246433.72
2025-12-01,3,6,2,234625.54
2025-12-01,3,6,3,270395.33
2025-12-01,3,6,4,268895.64
2025-12-01,3,7,1,244142.81
2025-12-01,3,7,2,138391.87
2025-12-01,3,7,3,134615.65
2025-12-01,3,7,4,359303.14
2025-12-01,3,8,1,250257.89
2025-12-01,3,8,2,254815.73
2025-12-01,3,8,3,177951.07
2025-12-01,3,8,4,234382.18
2025-12-01,4,3,1,277589.33
2025-12-01,4,3,2,185437.58
2025-12-01,4,3,3,233439.93
2025-12-01,4,3,4,335753.91
2025-12-01,4,4,1,305589.7
2025-12-01,4,4,2,193336.47
2025-12-01,4,4,3,149971.08
2025-12-01,4,4,4,166506.13
2025-12-01,4,5,1,216424.16
2025-12-01,4,5,2,359309.13
2025-12-01,4,5,3,167211.02
2025-12-01,4,5,4,170010.22
2025-12-01,4,6,1,231300.07
2025-12-01,4,6,2,124623.65
2025-12-01,4,6,3,315949.73
2025-12-01,4,6,4,358949.49
2025-12-01,4,7,1,184854.96
2025-12-01,4,7,2,302483.61
2025-12-01,4,7,3,214580.4
2025-12-01,4,7,4,244007.35
2025-12-01,4,8,1,358264.98
2025-12-01,4,8,2,267954.58
2025-12-01,4,8,3,325393.88
2025-12-01,4,8,4,212727.06
2025-12-01,5,3,1,354676.97
2025-12-01,5,3,2,251361.99
2025-12-01,5,3,3,340065.99
2025-12-01,5,3,4,328983.09
2025-12-01,5,4,1,123506.37
2025-12-01,5,4,2,348489.96
2025-12-01,5,4,3,194681.52
2025-12-01,5,4,4,352157.09
2025-12-01,5,5,1,300378.52
2025-12-01,5,5,2,191649.76
2025-12-01,5,5,3,277327.99
2025-12-01,5,5,4,208774.62
2025-12-01,5,6,1,343680.38
2025-12-01,5,6,2,225073.5
2025-12-01,5,6,3,175450.37
2025-12-01,5,6,4,359544.1
2025-12-01,5,7,1,214105.68
2025-12-01,5,7,2,189527.88
2025-12-01,5,7,3,270147.18
2025-12-01,5,7,4,228068.1
2025-12-01,5,8,1,174263.56
2025-12-01,5,8,2,155804.44
2025-12-01,5,8,3,251336.81
2025-12-01,5,8,4,195982.22
2025-12-01,6,3,1,319595.28
2025-12-01,6,3,2,241176.98
2025-12-01,6,3,3,294319.79
2025-12-01,6,3,4,176668.35
2025-12-01,6,4,1,132540.53
2025-12-01,6,4,2,254139.61
2025-12-01,6,4,3,235555.81
2025-12-01,6,4,4,224930.84
2025-12-01,6,5,1,256358.58
2025-12-01,6,5,2,231986.98
2025-12-01,6,5,3,304430.46
2025-12-01,6,5,4,307536.56
2025-12-01,6,6,1,166890.94
2025-12-01,6,6,2,152359.09
2025-12-01,6,6,3,327573.3
2025-12-01,6,6,4,144699.96
2025-12-01,6,7,1,357213.63
2025-12-01,6,7,2,248815.74
2025-12-01,6,7,3,144800.65
2025-12-01,6,7,4,215274.51
2025-12-01,6,8,1,333905.36
2025-12-01,6,8,2,179761.26
2025-12-01,6,8,3,242341.02
2025-12-01,6,8,4,278287.03
2026-01-01,1,1,1,644523.84
2026-01-01,1,1,2,576250.88
2026-01-01,1,1,3,475980.48
2026-01-01,1,1,4,1374725.28
2026-01-01,1,2,1,1331285.6
2026-01-01,1,2,2,1225224.48
2026-01-01,1,2,3,518710.24
2026-01-01,1,2,4,640598.4
2026-01-01,1,3,1,175118.24
2026-01-01,1,3,2,239514.48
2026-01-01,1,3,3,188968.64
2026-01-01,1,3,4,232588.12
2026-01-01,1,4,1,218990.6
2026-01-01,1,4,2,263935.96
2026-01-01,1,4,3,124979.56
2026-01-01,1,4,4,286415.6
2026-01-01,1,5,1,149526.32
2026-01-01,1,5,2,209277.92
2026-01-01,1,5,3,158328.4
2026-01-01,1,5,4,333051.08
2026-01-01,1,6,1,247106.68
2026-01-01,1,6,2,297299.88
2026-01-01,1,6,3,153439.0
2026-01-01,1,6,4,193339.52
2026-01-01,1,7,1,165972.8
2026-01-01,1,7,2,201434.0
2026-01-01,1,7,3,251307.04
2026-01-01,1,7,4,304355.0
2026-01-01,1,8,1,310124.84
2026-01-01,1,8,2,225224.44
2026-01-01,1,8,3,183810.12
2026-01-01,1,8,4,219260.88
2026-01-01,2,3,1,122612.0
2026-01-01,2,3,2,337975.28
2026-01-01,2,3,3,323324.48
2026-01-01,2,3,4,223289.56
2026-01-01,2,4,1,142801.8
2026-01-01,2,4,2,192832.6
2026-01-01,2,4,3,194523.88
2026-01-01,2,4,4,233835.12
2026-01-01,2,5,1,271224.24
2026-01-01,2,5,2,306291.04
2026-01-01,2,5,3,307792.08
2026-01-01,2,5,4,128389.96
2026-01-01,2,6,1,276264.44
2026-01-01,2,6,2,320852.52
2026-01-01,2,6,3,151787.16
2026-01-01,2,6,4,341132.8
2026-01-01,2,7,1,184180.16
2026-01-01,2,7,2,243658.0
2026-01-01,2,7,3,200693.92
2026-01-01,2,7,4,171187.0
2026-01-01,2,8,1,215673.0
2026-01-01,2,8,2,125167.48
2026-01-01,2,8,3,117124.04
2026-01-01,2,8,4,281455.44
2026-01-01,3,3,1,118955.68
2026-01-01,3,3,2,277562.48
2026-01-01,3,3,3,194054.08
2026-01-01,3,3,4,149476.44
2026-01-01,3,4,1,157928.2
2026-01-01,3,4,2,278078.68
2026-01-01,3,4,3,125165.16
2026-01-01,3,4,4,205828.08
2026-01-01,3,5,1,270351.92
2026-01-01,3,5,2,249478.88
2026-01-01,3,5,3,184572.24
2026-01-01,3,5,4,251943.88
2026-01-01,3,6,1,238457.72
2026-01-01,3,6,2,227031.72
2026-01-01,3,6,3,261643.8
2026-01-01,3,6,4,260192.64
2026-01-01,3,7,1,236240.96
2026-01-01,3,7,2,133912.72
2026-01-01,3,7,3,130258.72
2026-01-01,3,7,4,347674.04
2026-01-01,3,8,1,242158.12
2026-01-01,3,8,2,246568.44
2026-01-01,3,8,3,172191.56
2026-01-01,3,8,4,226796.24
2026-01-01,4,3,1,268604.96
2026-01-01,4,3,2,179435.76
2026-01-01,4,3,3,225884.48
2026-01-01,4,3,4,324887.0
2026-01-01,4,4,1,295699.08
2026-01-01,4,4,2,187079.0
2026-01-01,4,4,3,145117.16
2026-01-01,4,4,4,161117.04
2026-01-01,4,5,1,209419.44
2026-01-01,4,5,2,347679.84
2026-01-01,4,5,3,161799.12
2026-01-01,4,5,4,164507.72
2026-01-01,4,6,1,223813.88
2026-01-01,4,6,2,120590.12
2026-01-01,4,6,3,305723.8
2026-01-01,4,6,4,347331.84
2026-01-01,4,7,1,178872.0
2026-01-01,4,7,2,292693.52
2026-01-01,4,7,3,207635.36
2026-01-01,4,7,4,236109.88
2026-01-01,4,8,1,346669.48
2026-01-01,4,8,2,259282.04
2026-01-01,4,8,3,314862.28
2026-01-01,4,8,4,205842.0
2026-01-01,5,3,1,343197.6
2026-01-01,5,3,2,243226.48
2026-01-01,5,3,3,329059.52
2026-01-01,5,3,4,318335.32
2026-01-01,5,4,1,119509.0
2026-01-01,5,4,2,337210.84
2026-01-01,5,4,3,188380.52
2026-01-01,5,4,4,340759.28
2026-01-01,5,5,1,290656.56
2026-01-01,5,5,2,185446.88
2026-01-01,5,5,3,268352.08
2026-01-01,5,5,4,202017.48
2026-01-01,5,6,1,332556.92
2026-01-01,5,6,2,217788.84
2026-01-01,5,6,3,169771.8
2026-01-01,5,6,4,347907.2
2026-01-01,5,7,1,207176.0
2026-01-01,5,7,2,183393.68
2026-01-01,5,7,3,261403.68
2026-01-01,5,7,4,220686.52
2026-01-01,5,8,1,168623.4
2026-01-01,5,8,2,150761.72
2026-01-01,5,8,3,243202.12
2026-01-01,5,8,4,189639.12
2026-01-01,6,3,1,309251.36
2026-01-01,6,3,2,233371.12
2026-01-01,6,3,3,284793.92
2026-01-01,6,3,4,170950.36
2026-01-01,6,4,1,128250.76
2026-01-01,6,4,2,245914.2
2026-01-01,6,4,3,227931.88
2026-01-01,6,4,4,217650.8
2026-01-01,6,5,1,248061.36
2026-01-01,6,5,2,224478.56
2026-01-01,6,5,3,294577.36
2026-01-01,6,5,4,297582.92
2026-01-01,6,6,1,161489.4
2026-01-01,6,6,2,147427.88
2026-01-01,6,6,3,316971.16
2026-01-01,6,6,4,140016.64
2026-01-01,6,7,1,345652.16
2026-01-01,6,7,2,240762.64
2026-01-01,6,7,3,140114.08
2026-01-01,6,7,4,208307.0
2026-01-01,6,8,1,323098.28
2026-01-01,6,8,2,173943.16
2026-01-01,6,8,3,234497.48
2026-01-01,6,8,4,269280.08
2026-02-01,1,1,1,650969.08
2026-02-01,1,1,2,582013.39
2026-02-01,1,1,3,480740.28
2026-02-01,1,1,4,1388472.53
2026-02-01,1,2,1,1344598.46
2026-02-01,1,2,2,1237476.72
2026-02-01,1,2,3,523897.34
2026-02-01,1,2,4,647004.38
2026-02-01,1,3,1,176869.42
2026-02-01,1,3,2,241909.62
2026-02-01,1,3,3,190858.33
2026-02-01,1,3,4,234914.0
2026-02-01,1,4,1,221180.51
2026-02-01,1,4,2,266575.32
2026-02-01,1,4,3,126229.36
2026-02-01,1,4,4,289279.76
2026-02-01,1,5,1,151021.58
2026-02-01,1,5,2,211370.7
2026-02-01,1,5,3,159911.68
2026-02-01,1,5,4,336381.59
2026-02-01,1,6,1,249577.75
2026-02-01,1,6,2,300272.88
2026-02-01,1,6,3,154973.39
2026-02-01,1,6,4,195272.92
2026-02-01,1,7,1,167632.53
2026-02-01,1,7,2,203448.34
2026-02-01,1,7,3,253820.11
2026-02-01,1,7,4,307398.55
2026-02-01,1,8,1,313226.09
2026-02-01,1,8,2,227476.68
2026-02-01,1,8,3,185648.22
2026-02-01,1,8,4,221453.49
2026-02-01,2,3,1,123838.12
2026-02-01,2,3,2,341355.03
2026-02-01,2,3,3,326557.72
2026-02-01,2,3,4,225522.46
2026-02-01,2,4,1,144229.82
2026-02-01,2,4,2,194760.93
2026-02-01,2,4,3,196469.12
2026-02-01,2,4,4,236173.47
2026-02-01,2,5,1,273936.48
2026-02-01,2,5,2,309353.95
2026-02-01,2,5,3,310870.0
2026-02-01,2,5,4,129673.86
2026-02-01,2,6,1,279027.08
2026-02-01,2,6,2,324061.05
2026-02-01,2,6,3,153305.03
2026-02-01,2,6,4,344544.13
2026-02-01,2,7,1,186021.96
2026-02-01,2,7,2,246094.58
2026-02-01,2,7,3,202700.86
2026-02-01,2,7,4,172898.87
2026-02-01,2,8,1,217829.73
2026-02-01,2,8,2,126419.15
2026-02-01,2,8,3,118295.28
2026-02-01,2,8,4,284269.99
2026-02-01,3,3,1,120145.24
2026-02-01,3,3,2,280338.1
2026-02-01,3,3,3,195994.62
2026-02-01,3,3,4,150971.2
2026-02-01,3,4,1,159507.48
2026-02-01,3,4,2,280859.47
2026-02-01,3,4,3,126416.81
2026-02-01,3,4,4,207886.36
2026-02-01,3,5,1,273055.44
2026-02-01,3,5,2,251973.67
2026-02-01,3,5,3,186417.96
2026-02-01,3,5,4,254463.32
2026-02-01,3,6,1,240842.3
2026-02-01,3,6,2,229302.04
2026-02-01,3,6,3,264260.24
2026-02-01,3,6,4,262794.57
2026-02-01,3,7,1,238603.37
2026-02-01,3,7,2,135251.85
2026-02-01,3,7,3,131561.31
2026-02-01,3,7,4,351150.78
2026-02-01,3,8,1,244579.7
2026-02-01,3,8,2,249034.12
2026-02-01,3,8,3,173913.48
2026-02-01,3,8,4,229064.2
2026-02-01,4,3,1,271291.01
2026-02-01,4,3,2,181230.12
2026-02-01,4,3,3,228143.32
2026-02-01,4,3,4,328135.87
2026-02-01,4,4,1,298656.07
2026-02-01,4,4,2,188949.79
2026-02-01,4,4,3,146568.33
2026-02-01,4,4,4,162728.21
2026-02-01,4,5,1,211513.63
2026-02-01,4,5,2,351156.64
2026-02-01,4,5,3,163417.11
2026-02-01,4,5,4,166152.8
2026-02-01,4,6,1,226052.02
2026-02-01,4,6,2,121796.02
2026-02-01,4,6,3,308781.04
2026-02-01,4,6,4,350805.16
2026-02-01,4,7,1,180660.72
2026-02-01,4,7,2,295620.46
2026-02-01,4,7,3,209711.71
2026-02-01,4,7,4,238470.98
2026-02-01,4,8,1,350136.17
2026-02-01,4,8,2,261874.86
2026-02-01,4,8,3,318010.9
2026-02-01,4,8,4,207900.42
2026-02-01,5,3,1,346629.58
2026-02-01,5,3,2,245658.74
2026-02-01,5,3,3,332350.12
2026-02-01,5,3,4,321518.67
2026-02-01,5,4,1,120704.09
2026-02-01,5,4,2,340582.95
2026-02-01,5,4,3,190264.33
2026-02-01,5,4,4,344166.87
2026-02-01,5,5,1,293563.13
2026-02-01,5,5,2,187301.35
2026-02-01,5,5,3,271035.6
2026-02-01,5,5,4,204037.65
2026-02-01,5,6,1,335882.49
2026-02-01,5,6,2,219966.73
2026-02-01,5,6,3,171469.52
2026-02-01,5,6,4,351386.27
2026-02-01,5,7,1,209247.76
2026-02-01,5,7,2,185227.62
2026-02-01,5,7,3,264017.72
2026-02-01,5,7,4,222893.39
2026-02-01,5,8,1,170309.63
2026-02-01,5,8,2,152269.34
2026-02-01,5,8,3,245634.14
2026-02-01,5,8,4,191535.51
2026-02-01,6,3,1,312343.87
2026-02-01,6,3,2,235704.83
2026-02-01,6,3,3,287641.86
2026-02-01,6,3,4,172659.86
2026-02-01,6,4,1,129533.27
2026-02-01,6,4,2,248373.34
2026-02-01,6,4,3,230211.2
2026-02-01,6,4,4,219827.31
2026-02-01,6,5,1,250541.97
2026-02-01,6,5,2,226723.35
2026-02-01,6,5,3,297523.13
2026-02-01,6,5,4,300558.75
2026-02-01,6,6,1,163104.29
2026-02-01,6,6,2,148902.16
2026-02-01,6,6,3,320140.87
2026-02-01,6,6,4,141416.81
2026-02-01,6,7,1,349108.68
2026-02-01,6,7,2,243170.27
2026-02-01,6,7,3,141515.22
2026-02-01,6,7,4,210390.07
2026-02-01,6,8,1,326329.26
2026-02-01,6,8,2,175682.59
2026-02-01,6,8,3,236842.45
2026-02-01,6,8,4,271972.88
2026-03-01,1,1,1,657414.32
2026-03-01,1,1,2,587775.9
2026-03-01,1,1,3,485500.09
2026-03-01,1,1,4,1402219.79
2026-03-01,1,2,1,1357911.31
2026-03-01,1,2,2,1249728.97
2026-03-01,1,2,3,529084.44
2026-03-01,1,2,4,653410.37
2026-03-01,1,3,1,178620.6
2026-03-01,1,3,2,244304.77
2026-03-01,1,3,3,192748.01
2026-03-01,1,3,4,237239.88
2026-03-01,1,4,1,223370.41
2026-03-01,1,4,2,269214.68
2026-03-01,1,4,3,127479.15
2026-03-01,1,4,4,292143.91
2026-03-01,1,5,1,152516.85
2026-03-01,1,5,2,213463.48
2026-03-01,1,5,3,161494.97
2026-03-01,1,5,4,339712.1
2026-03-01,1,6,1,252048.81
2026-03-01,1,6,2,303245.88
2026-03-01,1,6,3,156507.78
2026-03-01,1,6,4,197206.31
2026-03-01,1,7,1,169292.26
2026-03-01,1,7,2,205462.68
2026-03-01,1,7,3,256333.18
2026-03-01,1,7,4,310442.1
2026-03-01,1,8,1,316327.34
2026-03-01,1,8,2,229728.93
2026-03-01,1,8,3,187486.32
2026-03-01,1,8,4,223646.1
2026-03-01,2,3,1,125064.24
2026-03-01,2,3,2,344734.79
2026-03-01,2,3,3,329790.97
2026-03-01,2,3,4,227755.35
2026-03-01,2,4,1,145657.84
2026-03-01,2,4,2,196689.25
2026-03-01,2,4,3,198414.36
2026-03-01,2,4,4,238511.82
2026-03-01,2,5,1,276648.72
2026-03-01,2,5,2,312416.86
2026-03-01,2,5,3,313947.92
2026-03-01,2,5,4,130957.76
2026-03-01,2,6,1,281789.73
2026-03-01,2,6,2,327269.57
2026-03-01,2,6,3,154822.9
2026-03-01,2,6,4,347955.46
2026-03-01,2,7,1,187863.76
2026-03-01,2,7,2,248531.16
2026-03-01,2,7,3,204707.8
2026-03-01,2,7,4,174610.74
2026-03-01,2,8,1,219986.46
2026-03-01,2,8,2,127670.83
2026-03-01,2,8,3,119466.52
2026-03-01,2,8,4,287084.55
2026-03-01,3,3,1,121334.79
2026-03-01,3,3,2,283113.73
2026-03-01,3,3,3,197935.16
2026-03-01,3,3,4,152465.97
2026-03-01,3,4,1,161086.76
2026-03-01,3,4,2,283640.25
2026-03-01,3,4,3,127668.46
2026-03-01,3,4,4,209944.64
2026-03-01,3,5,1,275758.96
2026-03-01,3,5,2,254468.46
2026-03-01,3,5,3,188263.68
2026-03-01,3,5,4,256982.76
2026-03-01,3,6,1,243226.87
2026-03-01,3,6,2,231572.35
2026-03-01,3,6,3,266876.68
2026-03-01,3,6,4,265396.49
2026-03-01,3,7,1,240965.78
2026-03-01,3,7,2,136590.97
2026-03-01,3,7,3,132863.89
2026-03-01,3,7,4,354627.52
2026-03-01,3,8,1,247001.28
2026-03-01,3,8,2,251499.81
2026-03-01,3,8,3,175635.39
2026-03-01,3,8,4,231332.16
2026-03-01,4,3,1,273977.06
2026-03-01,4,3,2,183024.48
2026-03-01,4,3,3,230402.17
2026-03-01,4,3,4,331384.74
2026-03-01,4,4,1,301613.06
2026-03-01,4,4,2,190820.58
2026-03-01,4,4,3,148019.5
2026-03-01,4,4,4,164339.38
2026-03-01,4,5,1,213607.83
2026-03-01,4,5,2,354633.44
2026-03-01,4,5,3,165035.1
2026-03-01,4,5,4,167797.87
2026-03-01,4,6,1,228290.16
2026-03-01,4,6,2,123001.92
2026-03-01,4,6,3,311838.28
2026-03-01,4,6,4,354278.48
2026-03-01,4,7,1,182449.44
2026-03-01,4,7,2,298547.39
2026-03-01,4,7,3,211788.07
2026-03-01,4,7,4,240832.08
2026-03-01,4,8,1,353602.87
2026-03-01,4,8,2,264467.68
2026-03-01,4,8,3,321159.53
2026-03-01,4,8,4,209958.84
2026-03-01,5,3,1,350061.55
2026-03-01,5,3,2,248091.01
2026-03-01,5,3,3,335640.71
2026-03-01,5,3,4,324702.03
2026-03-01,5,4,1,121899.18
2026-03-01,5,4,2,343955.06
2026-03-01,5,4,3,192148.13
2026-03-01,5,4,4,347574.47
2026-03-01,5,5,1,296469.69
2026-03-01,5,5,2,189155.82
2026-03-01,5,5,3,273719.12
2026-03-01,5,5,4,206057.83
2026-03-01,5,6,1,339208.06
2026-03-01,5,6,2,222144.62
2026-03-01,5,6,3,173167.24
2026-03-01,5,6,4,354865.34
2026-03-01,5,7,1,211319.52
2026-03-01,5,7,2,187061.55
2026-03-01,5,7,3,266631.75
2026-03-01,5,7,4,225100.25
2026-03-01,5,8,1,171995.87
2026-03-01,5,8,2,153776.95
2026-03-01,5,8,3,248066.16
2026-03-01,5,8,4,193431.9
2026-03-01,6,3,1,315436.39
2026-03-01,6,3,2,238038.54
2026-03-01,6,3,3,290489.8
2026-03-01,6,3,4,174369.37
2026-03-01,6,4,1,130815.78
2026-03-01,6,4,2,250832.48
2026-03-01,6,4,3,232490.52
2026-03-01,6,4,4,222003.82
2026-03-01,6,5,1,253022.59
2026-03-01,6,5,2,228968.13
2026-03-01,6,5,3,300468.91
2026-03-01,6,5,4,303534.58
2026-03-01,6,6,1,164719.19
2026-03-01,6,6,2,150376.44
2026-03-01,6,6,3,323310.58
2026-03-01,6,6,4,142816.97
2026-03-01,6,7,1,352565.2
2026-03-01,6,7,2,245577.89
2026-03-01,6,7,3,142916.36
2026-03-01,6,7,4,212473.14
2026-03-01,6,8,1,329560.25
2026-03-01,6,8,2,177422.02
2026-03-01,6,8,3,239187.43
2026-03-01,6,8,4,274665.68
2026-04-01,1,1,1,663859.56
2026-04-01,1,1,2,593538.41
2026-04-01,1,1,3,490259.89
2026-04-01,1,1,4,1415967.04
2026-04-01,1,2,1,1371224.17
2026-04-01,1,2,2,1261981.21
2026-04-01,1,2,3,534271.55
2026-04-01,1,2,4,659816.35
2026-04-01,1,3,1,180371.79
2026-04-01,1,3,2,246699.91
2026-04-01,1,3,3,194637.7
2026-04-01,1,3,4,239565.76
2026-04-01,1,4,1,225560.32
2026-04-01,1,4,2,271854.04
2026-04-01,1,4,3,128728.95
2026-04-01,1,4,4,295008.07
2026-04-01,1,5,1,154012.11
2026-04-01,1,5,2,215556.26
2026-04-01,1,5,3,163078.25
2026-04-01,1,5,4,343042.61
2026-04-01,1,6,1,254519.88
2026-04-01,1,6,2,306218.88
2026-04-01,1,6,3,158042.17
2026-04-01,1,6,4,199139.71
2026-04-01,1,7,1,170951.98
2026-04-01,1,7,2,207477.02
2026-04-01,1,7,3,258846.25
2026-04-01,1,7,4,313485.65
2026-04-01,1,8,1,319428.59
2026-04-01,1,8,2,231981.17
2026-04-01,1,8,3,189324.42
2026-04-01,1,8,4,225838.71
2026-04-01,2,3,1,126290.36
2026-04-01,2,3,2,348114.54
2026-04-01,2,3,3,333024.21
2026-04-01,2,3,4,229988.25
2026-04-01,2,4,1,147085.85
2026-04-01,2,4,2,198617.58
2026-04-01,2,4,3,200359.6
2026-04-01,2,4,4,240850.17
2026-04-01,2,5,1,279360.97
2026-04-01,2,5,2,315479.77
2026-04-01,2,5,3,317025.84
2026-04-01,2,5,4,132241.66
2026-04-01,2,6,1,284552.37
2026-04-01,2,6,2,330478.1
2026-04-01,2,6,3,156340.77
2026-04-01,2,6,4,351366.78
2026-04-01,2,7,1,189705.56
2026-04-01,2,7,2,250967.74
2026-04-01,2,7,3,206714.74
2026-04-01,2,7,4,176322.61
2026-04-01,2,8,1,222143.19
2026-04-01,2,8,2,128922.5
2026-04-01,2,8,3,120637.76
2026-04-01,2,8,4,289899.1
2026-04-01,3,3,1,122524.35
2026-04-01,3,3,2,285889.35
2026-04-01,3,3,3,199875.7
2026-04-01,3,3,4,153960.73
2026-04-01,3,4,1,162666.05
2026-04-01,3,4,2,286421.04
2026-04-01,3,4,3,128920.11
2026-04-01,3,4,4,212002.92
2026-04-01,3,5,1,278462.48
2026-04-01,3,5,2,256963.25
2026-04-01,3,5,3,190109.41
2026-04-01,3,5,4,259502.2
2026-04-01,3,6,1,245611.45
2026-04-01,3,6,2,233842.67
2026-04-01,3,6,3,269493.11
2026-04-01,3,6,4,267998.42
2026-04-01,3,7,1,243328.19
2026-04-01,3,7,2,137930.1
2026-04-01,3,7,3,134166.48
2026-04-01,3,7,4,358104.26
2026-04-01,3,8,1,249422.86
2026-04-01,3,8,2,253965.49
2026-04-01,3,8,3,177357.31
2026-04-01,3,8,4,233600.13
2026-04-01,4,3,1,276663.11
2026-04-01,4,3,2,184818.83
2026-04-01,4,3,3,232661.01
2026-04-01,4,3,4,334633.61
2026-04-01,4,4,1,304570.05
2026-04-01,4,4,2,192691.37
2026-04-01,4,4,3,149470.67
2026-04-01,4,4,4,165950.55
2026-04-01,4,5,1,215702.02
2026-04-01,4,5,2,358110.24
2026-04-01,4,5,3,166653.09
2026-04-01,4,5,4,169442.95
2026-04-01,4,6,1,230528.3
2026-04-01,4,6,2,124207.82
2026-04-01,4,6,3,314895.51
2026-04-01,4,6,4,357751.8
2026-04-01,4,7,1,184238.16
2026-04-01,4,7,2,301474.33
2026-04-01,4,7,3,213864.42
2026-04-01,4,7,4,243193.18
2026-04-01,4,8,1,357069.56
2026-04-01,4,8,2,267060.5
2026-04-01,4,8,3,324308.15
2026-04-01,4,8,4,212017.26
2026-04-01,5,3,1,353493.53
2026-04-01,5,3,2,250523.27
2026-04-01,5,3,3,338931.31
2026-04-01,5,3,4,327885.38
2026-04-01,5,4,1,123094.27
2026-04-01,5,4,2,347327.17
2026-04-01,5,4,3,194031.94
2026-04-01,5,4,4,350982.06
2026-04-01,5,5,1,299376.26
2026-04-01,5,5,2,191010.29
2026-04-01,5,5,3,276402.64
2026-04-01,5,5,4,208078.0
2026-04-01,5,6,1,342533.63
2026-04-01,5,6,2,224322.51
2026-04-01,5,6,3,174864.95
2026-04-01,5,6,4,358344.42
2026-04-01,5,7,1,213391.28
2026-04-01,5,7,2,188895.49
2026-04-01,5,7,3,269245.79
2026-04-01,5,7,4,227307.12
2026-04-01,5,8,1,173682.1
2026-04-01,5,8,2,155284.57
2026-04-01,5,8,3,250498.18
2026-04-01,5,8,4,195328.29
2026-04-01,6,3,1,318528.9
2026-04-01,6,3,2,240372.25
2026-04-01,6,3,3,293337.74
2026-04-01,6,3,4,176078.87
2026-04-01,6,4,1,132098.28
2026-04-01,6,4,2,253291.63
2026-04-01,6,4,3,234769.84
2026-04-01,6,4,4,224180.32
2026-04-01,6,5,1,255503.2
2026-04-01,6,5,2,231212.92
2026-04-01,6,5,3,303414.68
2026-04-01,6,5,4,306510.41
2026-04-01,6,6,1,166334.08
2026-04-01,6,6,2,151850.72
2026-04-01,6,6,3,326480.29
2026-04-01,6,6,4,144217.14
2026-04-01,6,7,1,356021.72
2026-04-01,6,7,2,247985.52
2026-04-01,6,7,3,144317.5
2026-04-01,6,7,4,214556.21
2026-04-01,6,8,1,332791.23
2026-04-01,6,8,2,179161.45
2026-04-01,6,8,3,241532.4
2026-04-01,6,8,4,277358.48
2026-05-01,1,1,1,670304.79
2026-05-01,1,1,2,599300.92
2026-05-01,1,1,3,495019.7
2026-05-01,1,1,4,1429714.29
2026-05-01,1,2,1,1384537.02
2026-05-01,1,2,2,1274233.46
2026-05-01,1,2,3,539458.65
2026-05-01,1,2,4,666222.34
2026-05-01,1,3,1,182122.97
2026-05-01,1,3,2,249095.06
2026-05-01,1,3,3,196527.39
2026-05-01,1,3,4,241891.64
2026-05-01,1,4,1,227750.22
2026-05-01,1,4,2,274493.4
2026-05-01,1,4,3,129978.74
2026-05-01,1,4,4,297872.22
2026-05-01,1,5,1,155507.37
2026-05-01,1,5,2,217649.04
2026-05-01,1,5,3,164661.54
2026-05-01,1,5,4,346373.12
2026-05-01,1,6,1,256990.95
2026-05-01,1,6,2,309191.88
2026-05-01,1,6,3,159576.56
2026-05-01,1,6,4,201073.1
2026-05-01,1,7,1,172611.71
2026-05-01,1,7,2,209491.36
2026-05-01,1,7,3,261359.32
2026-05-01,1,7,4,316529.2
2026-05-01,1,8,1,322529.83
2026-05-01,1,8,2,234233.42
2026-05-01,1,8,3,191162.52
2026-05-01,1,8,4,228031.32
2026-05-01,2,3,1,127516.48
2026-05-01,2,3,2,351494.29
2026-05-01,2,3,3,336257.46
2026-05-01,2,3,4,232221.14
2026-05-01,2,4,1,148513.87
2026-05-01,2,4,2,200545.9
2026-05-01,2,4,3,202304.84
2026-05-01,2,4,4,243188.52
2026-05-01,2,5,1,282073.21
2026-05-01,2,5,2,318542.68
2026-05-01,2,5,3,320103.76
2026-05-01,2,5,4,133525.56
2026-05-01,2,6,1,287315.02
2026-05-01,2,6,2,333686.62
2026-05-01,2,6,3,157858.65
2026-05-01,2,6,4,354778.11
2026-05-01,2,7,1,191547.37
2026-05-01,2,7,2,253404.32
2026-05-01,2,7,3,208721.68
2026-05-01,2,7,4,178034.48
2026-05-01,2,8,1,224299.92
2026-05-01,2,8,2,130174.18
2026-05-01,2,8,3,121809.0
2026-05-01,2,8,4,292713.66
2026-05-01,3,3,1,123713.91
2026-05-01,3,3,2,288664.98
2026-05-01,3,3,3,201816.24
2026-05-01,3,3,4,155455.5
2026-05-01,3,4,1,164245.33
2026-05-01,3,4,2,289201.83
2026-05-01,3,4,3,130171.77
2026-05-01,3,4,4,214061.2
2026-05-01,3,5,1,281166.0
2026-05-01,3,5,2,259458.04
2026-05-01,3,5,3,191955.13
2026-05-01,3,5,4,262021.64
2026-05-01,3,6,1,247996.03
2026-05-01,3,6,2,236112.99
2026-05-01,3,6,3,272109.55
2026-05-01,3,6,4,270600.35
2026-05-01,3,7,1,245690.6
2026-05-01,3,7,2,139269.23
2026-05-01,3,7,3,135469.07
2026-05-01,3,7,4,361581.0
2026-05-01,3,8,1,251844.44
2026-05-01,3,8,2,256431.18
2026-05-01,3,8,3,179079.22
2026-05-01,3,8,4,235868.09
2026-05-01,4,3,1,279349.16
2026-05-01,4,3,2,186613.19
2026-05-01,4,3,3,234919.86
2026-05-01,4,3,4,337882.48
2026-05-01,4,4,1,307527.04
2026-05-01,4,4,2,194562.16
2026-05-01,4,4,3,150921.85
2026-05-01,4,4,4,167561.72
2026-05-01,4,5,1,217796.22
2026-05-01,4,5,2,361587.03
2026-05-01,4,5,3,168271.08
2026-05-01,4,5,4,171088.03
2026-05-01,4,6,1,232766.44
2026-05-01,4,6,2,125413.72
2026-05-01,4,6,3,317952.75
2026-05-01,4,6,4,361225.11
2026-05-01,4,7,1,186026.88
2026-05-01,4,7,2,304401.26
2026-05-01,4,7,3,215940.77
2026-05-01,4,7,4,245554.28
2026-05-01,4,8,1,360536.26
2026-05-01,4,8,2,269653.32
2026-05-01,4,8,3,327456.77
2026-05-01,4,8,4,214075.68
2026-05-01,5,3,1,356925.5
2026-05-01,5,3,2,252955.54
2026-05-01,5,3,3,342221.9
2026-05-01,5,3,4,331068.73
2026-05-01,5,4,1,124289.36
2026-05-01,5,4,2,350699.27
2026-05-01,5,4,3,195915.74
2026-05-01,5,4,4,354389.65
2026-05-01,5,5,1,302282.82
2026-05-01,5,5,2,192864.76
2026-05-01,5,5,3,279086.16
2026-05-01,5,5,4,210098.18
2026-05-01,5,6,1,345859.2
2026-05-01,5,6,2,226500.39
2026-05-01,5,6,3,176562.67
2026-05-01,5,6,4,361823.49
2026-05-01,5,7,1,215463.04
2026-05-01,5,7,2,190729.43
2026-05-01,5,7,3,271859.83
2026-05-01,5,7,4,229513.98
2026-05-01,5,8,1,175368.34
2026-05-01,5,8,2,156792.19
2026-05-01,5,8,3,252930.2
2026-05-01,5,8,4,197224.68
2026-05-01,6,3,1,321621.41
2026-05-01,6,3,2,242705.96
2026-05-01,6,3,3,296185.68
2026-05-01,6,3,4,177788.37
2026-05-01,6,4,1,133380.79
2026-05-01,6,4,2,255750.77
2026-05-01,6,4,3,237049.16
2026-05-01,6,4,4,226356.83
2026-05-01,6,5,1,257983.81
2026-05-01,6,5,2,233457.7
2026-05-01,6,5,3,306360.45
2026-05-01,6,5,4,309486.24
2026-05-01,6,6,1,167948.98
2026-05-01,6,6,2,153325.0
2026-05-01,6,6,3,329650.01
2026-05-01,6,6,4,145617.31
2026-05-01,6,7,1,359478.25
2026-05-01,6,7,2,250393.15
2026-05-01,6,7,3,145718.64
2026-05-01,6,7,4,216639.28
2026-05-01,6,8,1,336022.21
2026-05-01,6,8,2,180900.89
2026-05-01,6,8,3,243877.38
2026-05-01,6,8,4,280051.28
2026-06-01,1,1,1,676750.03
2026-06-01,1,1,2,605063.42
2026-06-01,1,1,3,499779.5
2026-06-01,1,1,4,1443461.54
2026-06-01,1,2,1,1397849.88
2026-06-01,1,2,2,1286485.7
2026-06-01,1,2,3,544645.75
2026-06-01,1,2,4,672628.32
2026-06-01,1,3,1,183874.15
2026-06-01,1,3,2,251490.2
2026-06-01,1,3,3,198417.07
2026-06-01,1,3,4,244217.53
2026-06-01,1,4,1,229940.13
2026-06-01,1,4,2,277132.76
2026-06-01,1,4,3,131228.54
2026-06-01,1,4,4,300736.38
2026-06-01,1,5,1,157002.64
2026-06-01,1,5,2,219741.82
2026-06-01,1,5,3,166244.82
2026-06-01,1,5,4,349703.63
2026-06-01,1,6,1,259462.01
2026-06-01,1,6,2,312164.87
2026-06-01,1,6,3,161110.95
2026-06-01,1,6,4,203006.5
2026-06-01,1,7,1,174271.44
2026-06-01,1,7,2,211505.7
2026-06-01,1,7,3,263872.39
2026-06-01,1,7,4,319572.75
2026-06-01,1,8,1,325631.08
2026-06-01,1,8,2,236485.66
2026-06-01,1,8,3,193000.63
2026-06-01,1,8,4,230223.92
2026-06-01,2,3,1,128742.6
2026-06-01,2,3,2,354874.04
2026-06-01,2,3,3,339490.7
2026-06-01,2,3,4,234454.04
2026-06-01,2,4,1,149941.89
2026-06-01,2,4,2,202474.23
2026-06-01,2,4,3,204250.07
2026-06-01,2,4,4,245526.88
2026-06-01,2,5,1,284785.45
2026-06-01,2,5,2,321605.59
2026-06-01,2,5,3,323181.68
2026-06-01,2,5,4,134809.46
2026-06-01,2,6,1,290077.66
2026-06-01,2,6,2,336895.15
2026-06-01,2,6,3,159376.52
2026-06-01,2,6,4,358189.44
2026-06-01,2,7,1,193389.17
2026-06-01,2,7,2,255840.9
2026-06-01,2,7,3,210728.62
2026-06-01,2,7,4,179746.35
2026-06-01,2,8,1,226456.65
2026-06-01,2,8,2,131425.85
2026-06-01,2,8,3,122980.24
2026-06-01,2,8,4,295528.21
2026-06-01,3,3,1,124903.46
2026-06-01,3,3,2,291440.6
2026-06-01,3,3,3,203756.78
2026-06-01,3,3,4,156950.26
2026-06-01,3,4,1,165824.61
2026-06-01,3,4,2,291982.61
2026-06-01,3,4,3,131423.42
2026-06-01,3,4,4,216119.48
2026-06-01,3,5,1,283869.52
2026-06-01,3,5,2,261952.82
2026-06-01,3,5,3,193800.85
2026-06-01,3,5,4,264541.07
2026-06-01,3,6,1,250380.61
2026-06-01,3,6,2,238383.31
2026-06-01,3,6,3,274725.99
2026-06-01,3,6,4,273202.27
2026-06-01,3,7,1,248053.01
2026-06-01,3,7,2,140608.36
2026-06-01,3,7,3,136771.66
2026-06-01,3,7,4,365057.74
2026-06-01,3,8,1,254266.03
2026-06-01,3,8,2,258896.86
2026-06-01,3,8,3,180801.14
2026-06-01,3,8,4,238136.05
2026-06-01,4,3,1,282035.21
2026-06-01,4,3,2,188407.55
2026-06-01,4,3,3,237178.7
2026-06-01,4,3,4,341131.35
2026-06-01,4,4,1,310484.03
2026-06-01,4,4,2,196432.95
2026-06-01,4,4,3,152373.02
2026-06-01,4,4,4,169172.89
2026-06-01,4,5,1,219890.41
2026-06-01,4,5,2,365063.83
2026-06-01,4,5,3,169889.08
2026-06-01,4,5,4,172733.11
2026-06-01,4,6,1,235004.57
2026-06-01,4,6,2,126619.63
2026-06-01,4,6,3,321009.99
2026-06-01,4,6,4,364698.43
2026-06-01,4,7,1,187815.6
2026-06-01,4,7,2,307328.2
2026-06-01,4,7,3,218017.13
2026-06-01,4,7,4,247915.37
2026-06-01,4,8,1,364002.95
2026-06-01,4,8,2,272246.14
2026-06-01,4,8,3,330605.39
2026-06-01,4,8,4,216134.1
2026-06-01,5,3,1,360357.48
2026-06-01,5,3,2,255387.8
2026-06-01,5,3,3,345512.5
2026-06-01,5,3,4,334252.09
2026-06-01,5,4,1,125484.45
2026-06-01,5,4,2,354071.38
2026-06-01,5,4,3,197799.55
2026-06-01,5,4,4,357797.24
2026-06-01,5,5,1,305189.39
2026-06-01,5,5,2,194719.22
2026-06-01,5,5,3,281769.68
2026-06-01,5,5,4,212118.35
2026-06-01,5,6,1,349184.77
2026-06-01,5,6,2,228678.28
2026-06-01,5,6,3,178260.39
2026-06-01,5,6,4,365302.56
2026-06-01,5,7,1,217534.8
2026-06-01,5,7,2,192563.36
2026-06-01,5,7,3,274473.86
2026-06-01,5,7,4,231720.85
2026-06-01,5,8,1,177054.57
2026-06-01,5,8,2,158299.81
2026-06-01,5,8,3,255362.23
2026-06-01,5,8,4,199121.08
2026-06-01,6,3,1,324713.93
2026-06-01,6,3,2,245039.68
2026-06-01,6,3,3,299033.62
2026-06-01,6,3,4,179497.88
2026-06-01,6,4,1,134663.3
2026-06-01,6,4,2,258209.91
2026-06-01,6,4,3,239328.47
2026-06-01,6,4,4,228533.34
2026-06-01,6,5,1,260464.43
2026-06-01,6,5,2,235702.49
2026-06-01,6,5,3,309306.23
2026-06-01,6,5,4,312462.07
2026-06-01,6,6,1,169563.87
2026-06-01,6,6,2,154799.27
2026-06-01,6,6,3,332819.72
2026-06-01,6,6,4,147017.47
2026-06-01,6,7,1,362934.77
2026-06-01,6,7,2,252800.77
2026-06-01,6,7,3,147119.78
2026-06-01,6,7,4,218722.35
2026-06-01,6,8,1,339253.19
2026-06-01,6,8,2,182640.32
2026-06-01,6,8,3,246222.35
2026-06-01,6,8,4,282744.08
2026-07-01,1,1,1,683195.27
2026-07-01,1,1,2,610825.93
2026-07-01,1,1,3,504539.31
2026-07-01,1,1,4,1457208.8
2026-07-01,1,2,1,1411162.74
2026-07-01,1,2,2,1298737.95
2026-07-01,1,2,3,549832.85
2026-07-01,1,2,4,679034.3
2026-07-01,1,3,1,185625.33
2026-07-01,1,3,2,253885.35
2026-07-01,1,3,3,200306.76
2026-07-01,1,3,4,246543.41
2026-07-01,1,4,1,232130.04
2026-07-01,1,4,2,279772.12
2026-07-01,1,4,3,132478.33
2026-07-01,1,4,4,303600.54
2026-07-01,1,5,1,158497.9
2026-07-01,1,5,2,221834.6
2026-07-01,1,5,3,167828.1
2026-07-01,1,5,4,353034.14
2026-07-01,1,6,1,261933.08
2026-07-01,1,6,2,315137.87
2026-07-01,1,6,3,162645.34
2026-07-01,1,6,4,204939.89
2026-07-01,1,7,1,175931.17
2026-07-01,1,7,2,213520.04
2026-07-01,1,7,3,266385.46
2026-07-01,1,7,4,322616.3
2026-07-01,1,8,1,328732.33
2026-07-01,1,8,2,238737.91
2026-07-01,1,8,3,194838.73
2026-07-01,1,8,4,232416.53
2026-07-01,2,3,1,129968.72
2026-07-01,2,3,2,358253.8
2026-07-01,2,3,3,342723.95
2026-07-01,2,3,4,236686.93
2026-07-01,2,4,1,151369.91
2026-07-01,2,4,2,204402.56
2026-07-01,2,4,3,206195.31
2026-07-01,2,4,4,247865.23
2026-07-01,2,5,1,287497.69
2026-07-01,2,5,2,324668.5
2026-07-01,2,5,3,326259.6
2026-07-01,2,5,4,136093.36
2026-07-01,2,6,1,292840.31
2026-07-01,2,6,2,340103.67
2026-07-01,2,6,3,160894.39
2026-07-01,2,6,4,361600.77
2026-07-01,2,7,1,195230.97
2026-07-01,2,7,2,258277.48
2026-07-01,2,7,3,212735.56
2026-07-01,2,7,4,181458.22
2026-07-01,2,8,1,228613.38
2026-07-01,2,8,2,132677.53
2026-07-01,2,8,3,124151.48
2026-07-01,2,8,4,298342.77
2026-07-01,3,3,1,126093.02
2026-07-01,3,3,2,294216.23
2026-07-01,3,3,3,205697.32
2026-07-01,3,3,4,158445.03
2026-07-01,3,4,1,167403.89
2026-07-01,3,4,2,294763.4
2026-07-01,3,4,3,132675.07
2026-07-01,3,4,4,218177.76
2026-07-01,3,5,1,286573.04
2026-07-01,3,5,2,264447.61
2026-07-01,3,5,3,195646.57
2026-07-01,3,5,4,267060.51
2026-07-01,3,6,1,252765.18
2026-07-01,3,6,2,240653.62
2026-07-01,3,6,3,277342.43
2026-07-01,3,6,4,275804.2
2026-07-01,3,7,1,250415.42
2026-07-01,3,7,2,141947.48
2026-07-01,3,7,3,138074.24
2026-07-01,3,7,4,368534.48
2026-07-01,3,8,1,256687.61
2026-07-01,3,8,2,261362.55
2026-07-01,3,8,3,182523.05
2026-07-01,3,8,4,240404.01
2026-07-01,4,3,1,284721.26
2026-07-01,4,3,2,190201.91
2026-07-01,4,3,3,239437.55
2026-07-01,4,3,4,344380.22
2026-07-01,4,4,1,313441.02
2026-07-01,4,4,2,198303.74
2026-07-01,4,4,3,153824.19
2026-07-01,4,4,4,170784.06
2026-07-01,4,5,1,221984.61
2026-07-01,4,5,2,368540.63
2026-07-01,4,5,3,171507.07
2026-07-01,4,5,4,174378.18
2026-07-01,4,6,1,237242.71
2026-07-01,4,6,2,127825.53
2026-07-01,4,6,3,324067.23
2026-07-01,4,6,4,368171.75
2026-07-01,4,7,1,189604.32
2026-07-01,4,7,2,310255.13
2026-07-01,4,7,3,220093.48
2026-07-01,4,7,4,250276.47
2026-07-01,4,8,1,367469.65
2026-07-01,4,8,2,274838.96
2026-07-01,4,8,3,333754.02
2026-07-01,4,8,4,218192.52
2026-07-01,5,3,1,363789.46
2026-07-01,5,3,2,257820.07
2026-07-01,5,3,3,348803.09
2026-07-01,5,3,4,337435.44
2026-07-01,5,4,1,126679.54
2026-07-01,5,4,2,357443.49
2026-07-01,5,4,3,199683.35
2026-07-01,5,4,4,361204.84
2026-07-01,5,5,1,308095.95
2026-07-01,5,5,2,196573.69
2026-07-01,5,5,3,284453.2
2026-07-01,5,5,4,214138.53
2026-07-01,5,6,1,352510.34
2026-07-01,5,6,2,230856.17
2026-07-01,5,6,3,179958.11
2026-07-01,5,6,4,368781.63
2026-07-01,5,7,1,219606.56
2026-07-01,5,7,2,194397.3
2026-07-01,5,7,3,277087.9
2026-07-01,5,7,4,233927.71
2026-07-01,5,8,1,178740.8
2026-07-01,5,8,2,159807.42
2026-07-01,5,8,3,257794.25
2026-07-01,5,8,4,201017.47
2026-07-01,6,3,1,327806.44
2026-07-01,6,3,2,247373.39
2026-07-01,6,3,3,301881.56
2026-07-01,6,3,4,181207.38
2026-07-01,6,4,1,135945.81
2026-07-01,6,4,2,260669.05
2026-07-01,6,4,3,241607.79
2026-07-01,6,4,4,230709.85
2026-07-01,6,5,1,262945.04
2026-07-01,6,5,2,237947.27
2026-07-01,6,5,3,312252.0
2026-07-01,6,5,4,315437.9
2026-07-01,6,6,1,171178.76
2026-07-01,6,6,2,156273.55
2026-07-01,6,6,3,335989.43
2026-07-01,6,6,4,148417.64
2026-07-01,6,7,1,366391.29
2026-07-01,6,7,2,255208.4
2026-07-01,6,7,3,148520.92
2026-07-01,6,7,4,220805.42
2026-07-01,6,8,1,342484.18
2026-07-01,6,8,2,184379.75
2026-07-01,6,8,3,248567.33
2026-07-01,6,8,4,285436.88
2026-08-01,1,1,1,689640.51
2026-08-01,1,1,2,616588.44
2026-08-01,1,1,3,509299.11
2026-08-01,1,1,4,1470956.05
2026-08-01,1,2,1,1424475.59
2026-08-01,1,2,2,1310990.19
2026-08-01,1,2,3,555019.96
2026-08-01,1,2,4,685440.29
2026-08-01,1,3,1,187376.52
2026-08-01,1,3,2,256280.49
2026-08-01,1,3,3,202196.44
2026-08-01,1,3,4,248869.29
2026-08-01,1,4,1,234319.94
2026-08-01,1,4,2,282411.48
2026-08-01,1,4,3,133728.13
2026-08-01,1,4,4,306464.69
2026-08-01,1,5,1,159993.16
2026-08-01,1,5,2,223927.37
2026-08-01,1,5,3,169411.39
2026-08-01,1,5,4,356364.66
2026-08-01,1,6,1,264404.15
2026-08-01,1,6,2,318110.87
2026-08-01,1,6,3,164179.73
2026-08-01,1,6,4,206873.29
2026-08-01,1,7,1,177590.9
2026-08-01,1,7,2,215534.38
2026-08-01,1,7,3,268898.53
2026-08-01,1,7,4,325659.85
2026-08-01,1,8,1,331833.58
2026-08-01,1,8,2,240990.15
2026-08-01,1,8,3,196676.83
2026-08-01,1,8,4,234609.14
2026-08-01,2,3,1,131194.84
2026-08-01,2,3,2,361633.55
2026-08-01,2,3,3,345957.19
2026-08-01,2,3,4,238919.83
2026-08-01,2,4,1,152797.93
2026-08-01,2,4,2,206330.88
2026-08-01,2,4,3,208140.55
2026-08-01,2,4,4,250203.58
2026-08-01,2,5,1,290209.94
2026-08-01,2,5,2,327731.41
2026-08-01,2,5,3,329337.53
2026-08-01,2,5,4,137377.26
2026-08-01,2,6,1,295602.95
2026-08-01,2,6,2,343312.2
2026-08-01,2,6,3,162412.26
2026-08-01,2,6,4,365012.1
2026-08-01,2,7,1,197072.77
2026-08-01,2,7,2,260714.06
2026-08-01,2,7,3,214742.49
2026-08-01,2,7,4,183170.09
2026-08-01,2,8,1,230770.11
2026-08-01,2,8,2,133929.2
2026-08-01,2,8,3,125322.72
2026-08-01,2,8,4,301157.32
2026-08-01,3,3,1,127282.58
2026-08-01,3,3,2,296991.85
2026-08-01,3,3,3,207637.87
2026-08-01,3,3,4,159939.79
2026-08-01,3,4,1,168983.17
2026-08-01,3,4,2,297544.19
2026-08-01,3,4,3,133926.72
2026-08-01,3,4,4,220236.05
2026-08-01,3,5,1,289276.55
2026-08-01,3,5,2,266942.4
2026-08-01,3,5,3,197492.3
2026-08-01,3,5,4,269579.95
2026-08-01,3,6,1,255149.76
2026-08-01,3,6,2,242923.94
2026-08-01,3,6,3,279958.87
2026-08-01,3,6,4,278406.12
2026-08-01,3,7,1,252777.83
2026-08-01,3,7,2,143286.61
2026-08-01,3,7,3,139376.83
2026-08-01,3,7,4,372011.22
2026-08-01,3,8,1,259109.19
2026-08-01,3,8,2,263828.23
2026-08-01,3,8,3,184244.97
2026-08-01,3,8,4,242671.98
2026-08-01,4,3,1,287407.31
2026-08-01,4,3,2,191996.26
2026-08-01,4,3,3,241696.39
2026-08-01,4,3,4,347629.09
2026-08-01,4,4,1,316398.02
2026-08-01,4,4,2,200174.53
2026-08-01,4,4,3,155275.36
2026-08-01,4,4,4,172395.23
2026-08-01,4,5,1,224078.8
2026-08-01,4,5,2,372017.43
2026-08-01,4,5,3,173125.06
2026-08-01,4,5,4,176023.26
2026-08-01,4,6,1,239480.85
2026-08-01,4,6,2,129031.43
2026-08-01,4,6,3,327124.47
2026-08-01,4,6,4,371645.07
2026-08-01,4,7,1,191393.04
2026-08-01,4,7,2,313182.07
2026-08-01,4,7,3,222169.84
2026-08-01,4,7,4,252637.57
2026-08-01,4,8,1,370936.34
2026-08-01,4,8,2,277431.78
2026-08-01,4,8,3,336902.64
2026-08-01,4,8,4,220250.94
2026-08-01,5,3,1,367221.43
2026-08-01,5,3,2,260252.33
2026-08-01,5,3,3,352093.69
2026-08-01,5,3,4,340618.79
2026-08-01,5,4,1,127874.63
2026-08-01,5,4,2,360815.6
2026-08-01,5,4,3,201567.16
2026-08-01,5,4,4,364612.43
2026-08-01,5,5,1,311002.52
2026-08-01,5,5,2,198428.16
2026-08-01,5,5,3,287136.73
2026-08-01,5,5,4,216158.7
2026-08-01,5,6,1,355835.9
2026-08-01,5,6,2,233034.06
2026-08-01,5,6,3,181655.83
2026-08-01,5,6,4,372260.7
2026-08-01,5,7,1,221678.32
2026-08-01,5,7,2,196231.24
2026-08-01,5,7,3,279701.94
2026-08-01,5,7,4,236134.58
2026-08-01,5,8,1,180427.04
2026-08-01,5,8,2,161315.04
2026-08-01,5,8,3,260226.27
2026-08-01,5,8,4,202913.86
2026-08-01,6,3,1,330898.96
2026-08-01,6,3,2,249707.1
2026-08-01,6,3,3,304729.49
2026-08-01,6,3,4,182916.89
2026-08-01,6,4,1,137228.31
2026-08-01,6,4,2,263128.19
2026-08-01,6,4,3,243887.11
2026-08-01,6,4,4,232886.36
2026-08-01,6,5,1,265425.66
2026-08-01,6,5,2,240192.06
2026-08-01,6,5,3,315197.78
2026-08-01,6,5,4,318413.72
2026-08-01,6,6,1,172793.66
2026-08-01,6,6,2,157747.83
2026-08-01,6,6,3,339159.14
2026-08-01,6,6,4,149817.8
2026-08-01,6,7,1,369847.81
2026-08-01,6,7,2,257616.02
2026-08-01,6,7,3,149922.07
2026-08-01,6,7,4,222888.49
2026-08-01,6,8,1,345715.16
2026-08-01,6,8,2,186119.18
2026-08-01,6,8,3,250912.3
2026-08-01,6,8,4,288129.69
2026-09-01,1,1,1,696085.75
2026-09-01,1,1,2,622350.95
2026-09-01,1,1,3,514058.92
2026-09-01,1,1,4,1484703.3
2026-09-01,1,2,1,1437788.45
2026-09-01,1,2,2,1323242.44
2026-09-01,1,2,3,560207.06
2026-09-01,1,2,4,691846.27
2026-09-01,1,3,1,189127.7
2026-09-01,1,3,2,258675.64
2026-09-01,1,3,3,204086.13
2026-09-01,1,3,4,251195.17
2026-09-01,1,4,1,236509.85
2026-09-01,1,4,2,285050.84
2026-09-01,1,4,3,134977.92
2026-09-01,1,4,4,309328.85
2026-09-01,1,5,1,161488.43
2026-09-01,1,5,2,226020.15
2026-09-01,1,5,3,170994.67
2026-09-01,1,5,4,359695.17
2026-09-01,1,6,1,266875.21
2026-09-01,1,6,2,321083.87
2026-09-01,1,6,3,165714.12
2026-09-01,1,6,4,208806.68
2026-09-01,1,7,1,179250.62
2026-09-01,1,7,2,217548.72
2026-09-01,1,7,3,271411.6
2026-09-01,1,7,4,328703.4
2026-09-01,1,8,1,334934.83
2026-09-01,1,8,2,243242.4
2026-09-01,1,8,3,198514.93
2026-09-01,1,8,4,236801.75
2026-09-01,2,3,1,132420.96
2026-09-01,2,3,2,365013.3
2026-09-01,2,3,3,349190.44
2026-09-01,2,3,4,241152.72
2026-09-01,2,4,1,154225.94
2026-09-01,2,4,2,208259.21
2026-09-01,2,4,3,210085.79
2026-09-01,2,4,4,252541.93
2026-09-01,2,5,1,292922.18
2026-09-01,2,5,2,330794.32
2026-09-01,2,5,3,332415.45
2026-09-01,2,5,4,138661.16
2026-09-01,2,6,1,298365.6
2026-09-01,2,6,2,346520.72
2026-09-01,2,6,3,163930.13
2026-09-01,2,6,4,368423.42
2026-09-01,2,7,1,198914.57
2026-09-01,2,7,2,263150.64
2026-09-01,2,7,3,216749.43
2026-09-01,2,7,4,184881.96
2026-09-01,2,8,1,232926.84
2026-09-01,2,8,2,135180.88
2026-09-01,2,8,3,126493.96
2026-09-01,2,8,4,303971.88
2026-09-01,3,3,1,128472.13
2026-09-01,3,3,2,299767.48
2026-09-01,3,3,3,209578.41
2026-09-01,3,3,4,161434.56
2026-09-01,3,4,1,170562.46
2026-09-01,3,4,2,300324.97
2026-09-01,3,4,3,135178.37
2026-09-01,3,4,4,222294.33
2026-09-01,3,5,1,291980.07
2026-09-01,3,5,2,269437.19
2026-09-01,3,5,3,199338.02
2026-09-01,3,5,4,272099.39
2026-09-01,3,6,1,257534.34
2026-09-01,3,6,2,245194.26
2026-09-01,3,6,3,282575.3
2026-09-01,3,6,4,281008.05
2026-09-01,3,7,1,255140.24
2026-09-01,3,7,2,144625.74
2026-09-01,3,7,3,140679.42
2026-09-01,3,7,4,375487.96
2026-09-01,3,8,1,261530.77
2026-09-01,3,8,2,266293.92
2026-09-01,3,8,3,185966.88
2026-09-01,3,8,4,244939.94
2026-09-01,4,3,1,290093.36
2026-09-01,4,3,2,193790.62
2026-09-01,4,3,3,243955.24
2026-09-01,4,3,4,350877.96
2026-09-01,4,4,1,319355.01
2026-09-01,4,4,2,202045.32
2026-09-01,4,4,3,156726.53
2026-09-01,4,4,4,174006.4
2026-09-01,4,5,1,226173.0
2026-09-01,4,5,2,375494.23
2026-09-01,4,5,3,174743.05
2026-09-01,4,5,4,177668.34
2026-09-01,4,6,1,241718.99
2026-09-01,4,6,2,130237.33
2026-09-01,4,6,3,330181.7
2026-09-01,4,6,4,375118.39
2026-09-01,4,7,1,193181.76
2026-09-01,4,7,2,316109.0
2026-09-01,4,7,3,224246.19
2026-09-01,4,7,4,254998.67
2026-09-01,4,8,1,374403.04
2026-09-01,4,8,2,280024.6
2026-09-01,4,8,3,340051.26
2026-09-01,4,8,4,222309.36
2026-09-01,5,3,1,370653.41
2026-09-01,5,3,2,262684.6
2026-09-01,5,3,3,355384.28
2026-09-01,5,3,4,343802.15
2026-09-01,5,4,1,129069.72
2026-09-01,5,4,2,364187.71
2026-09-01,5,4,3,203450.96
2026-09-01,5,4,4,368020.02
2026-09-01,5,5,1,313909.08
2026-09-01,5,5,2,200282.63
2026-09-01,5,5,3,289820.25
2026-09-01,5,5,4,218178.88
2026-09-01,5,6,1,359161.47
2026-09-01,5,6,2,235211.95
2026-09-01,5,6,3,183353.54
2026-09-01,5,6,4,375739.78
2026-09-01,5,7,1,223750.08
2026-09-01,5,7,2,198065.17
2026-09-01,5,7,3,282315.97
2026-09-01,5,7,4,238341.44
2026-09-01,5,8,1,182113.27
2026-09-01,5,8,2,162822.66
2026-09-01,5,8,3,262658.29
2026-09-01,5,8,4,204810.25
2026-09-01,6,3,1,333991.47
2026-09-01,6,3,2,252040.81
2026-09-01,6,3,3,307577.43
2026-09-01,6,3,4,184626.39
2026-09-01,6,4,1,138510.82
2026-09-01,6,4,2,265587.34
2026-09-01,6,4,3,246166.43
2026-09-01,6,4,4,235062.86
2026-09-01,6,5,1,267906.27
2026-09-01,6,5,2,242436.84
2026-09-01,6,5,3,318143.55
2026-09-01,6,5,4,321389.55
2026-09-01,6,6,1,174408.55
2026-09-01,6,6,2,159222.11
2026-09-01,6,6,3,342328.85
2026-09-01,6,6,4,151217.97
2026-09-01,6,7,1,373304.33
2026-09-01,6,7,2,260023.65
2026-09-01,6,7,3,151323.21
2026-09-01,6,7,4,224971.56
2026-09-01,6,8,1,348946.14
2026-09-01,6,8,2,187858.61
2026-09-01,6,8,3,253257.28
2026-09-01,6,8,4,290822.49
2026-10-01,1,1,1,702530.99
2026-10-01,1,1,2,628113.46
2026-10-01,1,1,3,518818.72
2026-10-01,1,1,4,1498450.56
2026-10-01,1,2,1,1451101.3
2026-10-01,1,2,2,1335494.68
2026-10-01,1,2,3,565394.16
2026-10-01,1,2,4,698252.26
2026-10-01,1,3,1,190878.88
2026-10-01,1,3,2,261070.78
2026-10-01,1,3,3,205975.82
2026-10-01,1,3,4,253521.05
2026-10-01,1,4,1,238699.75
2026-10-01,1,4,2,287690.2
2026-10-01,1,4,3,136227.72
2026-10-01,1,4,4,312193.0
2026-10-01,1,5,1,162983.69
2026-10-01,1,5,2,228112.93
2026-10-01,1,5,3,172577.96
2026-10-01,1,5,4,363025.68
2026-10-01,1,6,1,269346.28
2026-10-01,1,6,2,324056.87
2026-10-01,1,6,3,167248.51
2026-10-01,1,6,4,210740.08
2026-10-01,1,7,1,180910.35
2026-10-01,1,7,2,219563.06
2026-10-01,1,7,3,273924.67
2026-10-01,1,7,4,331746.95
2026-10-01,1,8,1,338036.08
2026-10-01,1,8,2,245494.64
2026-10-01,1,8,3,200353.03
2026-10-01,1,8,4,238994.36
2026-10-01,2,3,1,133647.08
2026-10-01,2,3,2,368393.06
2026-10-01,2,3,3,352423.68
2026-10-01,2,3,4,243385.62
2026-10-01,2,4,1,155653.96
2026-10-01,2,4,2,210187.53
2026-10-01,2,4,3,212031.03
2026-10-01,2,4,4,254880.28
2026-10-01,2,5,1,295634.42
2026-10-01,2,5,2,333857.23
2026-10-01,2,5,3,335493.37
2026-10-01,2,5,4,139945.06
2026-10-01,2,6,1,301128.24
2026-10-01,2,6,2,349729.25
2026-10-01,2,6,3,165448.0
2026-10-01,2,6,4,371834.75
2026-10-01,2,7,1,200756.37
2026-10-01,2,7,2,265587.22
2026-10-01,2,7,3,218756.37
2026-10-01,2,7,4,186593.83
2026-10-01,2,8,1,235083.57
2026-10-01,2,8,2,136432.55
2026-10-01,2,8,3,127665.2
2026-10-01,2,8,4,306786.43
2026-10-01,3,3,1,129661.69
2026-10-01,3,3,2,302543.1
2026-10-01,3,3,3,211518.95
2026-10-01,3,3,4,162929.32
2026-10-01,3,4,1,172141.74
2026-10-01,3,4,2,303105.76
2026-10-01,3,4,3,136430.02
2026-10-01,3,4,4,224352.61
2026-10-01,3,5,1,294683.59
2026-10-01,3,5,2,271931.98
2026-10-01,3,5,3,201183.74
2026-10-01,3,5,4,274618.83
2026-10-01,3,6,1,259918.91
2026-10-01,3,6,2,247464.57
2026-10-01,3,6,3,285191.74
2026-10-01,3,6,4,283609.98
2026-10-01,3,7,1,257502.65
2026-10-01,3,7,2,145964.86
2026-10-01,3,7,3,141982.0
2026-10-01,3,7,4,378964.7
2026-10-01,3,8,1,263952.35
2026-10-01,3,8,2,268759.6
2026-10-01,3,8,3,187688.8
2026-10-01,3,8,4,247207.9
2026-10-01,4,3,1,292779.41
2026-10-01,4,3,2,195584.98
2026-10-01,4,3,3,246214.08
2026-10-01,4,3,4,354126.83
2026-10-01,4,4,1,322312.0
2026-10-01,4,4,2,203916.11
2026-10-01,4,4,3,158177.7
2026-10-01,4,4,4,175617.57
2026-10-01,4,5,1,228267.19
2026-10-01,4,5,2,378971.03
2026-10-01,4,5,3,176361.04
2026-10-01,4,5,4,179313.41
2026-10-01,4,6,1,243957.13
2026-10-01,4,6,2,131443.23
2026-10-01,4,6,3,333238.94
2026-10-01,4,6,4,378591.71
2026-10-01,4,7,1,194970.48
2026-10-01,4,7,2,319035.94
2026-10-01,4,7,3,226322.54
2026-10-01,4,7,4,257359.77
2026-10-01,4,8,1,377869.73
2026-10-01,4,8,2,282617.42
2026-10-01,4,8,3,343199.89
2026-10-01,4,8,4,224367.78
2026-10-01,5,3,1,374085.38
2026-10-01,5,3,2,265116.86
2026-10-01,5,3,3,358674.88
2026-10-01,5,3,4,346985.5
2026-10-01,5,4,1,130264.81
2026-10-01,5,4,2,367559.82
2026-10-01,5,4,3,205334.77
2026-10-01,5,4,4,371427.62
2026-10-01,5,5,1,316815.65
2026-10-01,5,5,2,202137.1
2026-10-01,5,5,3,292503.77
2026-10-01,5,5,4,220199.05
2026-10-01,5,6,1,362487.04
2026-10-01,5,6,2,237389.84
2026-10-01,5,6,3,185051.26
2026-10-01,5,6,4,379218.85
2026-10-01,5,7,1,225821.84
2026-10-01,5,7,2,199899.11
2026-10-01,5,7,3,284930.01
2026-10-01,5,7,4,240548.31
2026-10-01,5,8,1,183799.51
2026-10-01,5,8,2,164330.27
2026-10-01,5,8,3,265090.31
2026-10-01,5,8,4,206706.64
2026-10-01,6,3,1,337083.98
2026-10-01,6,3,2,254374.52
2026-10-01,6,3,3,310425.37
2026-10-01,6,3,4,186335.89
2026-10-01,6,4,1,139793.33
2026-10-01,6,4,2,268046.48
2026-10-01,6,4,3,248445.75
2026-10-01,6,4,4,237239.37
2026-10-01,6,5,1,270386.88
2026-10-01,6,5,2,244681.63
2026-10-01,6,5,3,321089.32
2026-10-01,6,5,4,324365.38
2026-10-01,6,6,1,176023.45
2026-10-01,6,6,2,160696.39
2026-10-01,6,6,3,345498.56
2026-10-01,6,6,4,152618.14
2026-10-01,6,7,1,376760.85
2026-10-01,6,7,2,262431.28
2026-10-01,6,7,3,152724.35
2026-10-01,6,7,4,227054.63
2026-10-01,6,8,1,352177.13
2026-10-01,6,8,2,189598.04
2026-10-01,6,8,3,255602.25
2026-10-01,6,8,4,293515.29
2026-11-01,1,1,1,708976.22
2026-11-01,1,1,2,633875.97
2026-11-01,1,1,3,523578.53
2026-11-01,1,1,4,1512197.81
2026-11-01,1,2,1,1464414.16
2026-11-01,1,2,2,1347746.93
2026-11-01,1,2,3,570581.26
2026-11-01,1,2,4,704658.24
2026-11-01,1,3,1,192630.06
2026-11-01,1,3,2,263465.93
2026-11-01,1,3,3,207865.5
2026-11-01,1,3,4,255846.93
2026-11-01,1,4,1,240889.66
2026-11-01,1,4,2,290329.56
2026-11-01,1,4,3,137477.52
2026-11-01,1,4,4,315057.16
2026-11-01,1,5,1,164478.95
2026-11-01,1,5,2,230205.71
2026-11-01,1,5,3,174161.24
2026-11-01,1,5,4,366356.19
2026-11-01,1,6,1,271817.35
2026-11-01,1,6,2,327029.87
2026-11-01,1,6,3,168782.9
2026-11-01,1,6,4,212673.47
2026-11-01,1,7,1,182570.08
2026-11-01,1,7,2,221577.4
2026-11-01,1,7,3,276437.74
2026-11-01,1,7,4,334790.5
2026-11-01,1,8,1,341137.32
2026-11-01,1,8,2,247746.88
2026-11-01,1,8,3,202191.13
2026-11-01,1,8,4,241186.97
2026-11-01,2,3,1,134873.2
2026-11-01,2,3,2,371772.81
2026-11-01,2,3,3,355656.93
2026-11-01,2,3,4,245618.52
2026-11-01,2,4,1,157081.98
2026-11-01,2,4,2,212115.86
2026-11-01,2,4,3,213976.27
2026-11-01,2,4,4,257218.63
2026-11-01,2,5,1,298346.66
2026-11-01,2,5,2,336920.14
2026-11-01,2,5,3,338571.29
2026-11-01,2,5,4,141228.96
2026-11-01,2,6,1,303890.88
2026-11-01,2,6,2,352937.77
2026-11-01,2,6,3,166965.88
2026-11-01,2,6,4,375246.08
2026-11-01,2,7,1,202598.18
2026-11-01,2,7,2,268023.8
2026-11-01,2,7,3,220763.31
2026-11-01,2,7,4,188305.7
2026-11-01,2,8,1,237240.3
2026-11-01,2,8,2,137684.23
2026-11-01,2,8,3,128836.44
2026-11-01,2,8,4,309600.98
2026-11-01,3,3,1,130851.25
2026-11-01,3,3,2,305318.73
2026-11-01,3,3,3,213459.49
2026-11-01,3,3,4,164424.08
2026-11-01,3,4,1,173721.02
2026-11-01,3,4,2,305886.55
2026-11-01,3,4,3,137681.68
2026-11-01,3,4,4,226410.89
2026-11-01,3,5,1,297387.11
2026-11-01,3,5,2,274426.77
2026-11-01,3,5,3,203029.46
2026-11-01,3,5,4,277138.27
2026-11-01,3,6,1,262303.49
2026-11-01,3,6,2,249734.89
2026-11-01,3,6,3,287808.18
2026-11-01,3,6,4,286211.9
2026-11-01,3,7,1,259865.06
2026-11-01,3,7,2,147303.99
2026-11-01,3,7,3,143284.59
2026-11-01,3,7,4,382441.44
2026-11-01,3,8,1,266373.93
2026-11-01,3,8,2,271225.28
2026-11-01,3,8,3,189410.72
2026-11-01,3,8,4,249475.86
2026-11-01,4,3,1,295465.46
2026-11-01,4,3,2,197379.34
2026-11-01,4,3,3,248472.93
2026-11-01,4,3,4,357375.7
2026-11-01,4,4,1,325268.99
2026-11-01,4,4,2,205786.9
2026-11-01,4,4,3,159628.88
2026-11-01,4,4,4,177228.74
2026-11-01,4,5,1,230361.38
2026-11-01,4,5,2,382447.82
2026-11-01,4,5,3,177979.03
2026-11-01,4,5,4,180958.49
2026-11-01,4,6,1,246195.27
2026-11-01,4,6,2,132649.13
2026-11-01,4,6,3,336296.18
2026-11-01,4,6,4,382065.02
2026-11-01,4,7,1,196759.2
2026-11-01,4,7,2,321962.87
2026-11-01,4,7,3,228398.9
2026-11-01,4,7,4,259720.87
2026-11-01,4,8,1,381336.43
2026-11-01,4,8,2,285210.24
2026-11-01,4,8,3,346348.51
2026-11-01,4,8,4,226426.2
2026-11-01,5,3,1,377517.36
2026-11-01,5,3,2,267549.13
2026-11-01,5,3,3,361965.47
2026-11-01,5,3,4,350168.85
2026-11-01,5,4,1,131459.9
2026-11-01,5,4,2,370931.92
2026-11-01,5,4,3,207218.57
2026-11-01,5,4,4,374835.21
2026-11-01,5,5,1,319722.22
2026-11-01,5,5,2,203991.57
2026-11-01,5,5,3,295187.29
2026-11-01,5,5,4,222219.23
2026-11-01,5,6,1,365812.61
2026-11-01,5,6,2,239567.72
2026-11-01,5,6,3,186748.98
2026-11-01,5,6,4,382697.92
2026-11-01,5,7,1,227893.6
2026-11-01,5,7,2,201733.05
2026-11-01,5,7,3,287544.05
2026-11-01,5,7,4,242755.17
2026-11-01,5,8,1,185485.74
2026-11-01,5,8,2,165837.89
2026-11-01,5,8,3,267522.33
2026-11-01,5,8,4,208603.03
2026-11-01,6,3,1,340176.5
2026-11-01,6,3,2,256708.23
2026-11-01,6,3,3,313273.31
2026-11-01,6,3,4,188045.4
2026-11-01,6,4,1,141075.84
2026-11-01,6,4,2,270505.62
2026-11-01,6,4,3,250725.07
2026-11-01,6,4,4,239415.88
2026-11-01,6,5,1,272867.5
2026-11-01,6,5,2,246926.42
2026-11-01,6,5,3,324035.1
2026-11-01,6,5,4,327341.21
2026-11-01,6,6,1,177638.34
2026-11-01,6,6,2,162170.67
2026-11-01,6,6,3,348668.28
2026-11-01,6,6,4,154018.3
2026-11-01,6,7,1,380217.38
2026-11-01,6,7,2,264838.9
2026-11-01,6,7,3,154125.49
2026-11-01,6,7,4,229137.7
2026-11-01,6,8,1,355408.11
2026-11-01,6,8,2,191337.48
2026-11-01,6,8,3,257947.23
2026-11-01,6,8,4,296208.09
2026-12-01,1,1,1,715421.46
2026-12-01,1,1,2,639638.48
2026-12-01,1,1,3,528338.33
2026-12-01,1,1,4,1525945.06
2026-12-01,1,2,1,1477727.02
2026-12-01,1,2,2,1359999.17
2026-12-01,1,2,3,575768.37
2026-12-01,1,2,4,711064.22
2026-12-01,1,3,1,194381.25
2026-12-01,1,3,2,265861.07
2026-12-01,1,3,3,209755.19
2026-12-01,1,3,4,258172.81
2026-12-01,1,4,1,243079.57
2026-12-01,1,4,2,292968.92
2026-12-01,1,4,3,138727.31
2026-12-01,1,4,4,317921.32
2026-12-01,1,5,1,165974.22
2026-12-01,1,5,2,232298.49
2026-12-01,1,5,3,175744.52
2026-12-01,1,5,4,369686.7
2026-12-01,1,6,1,274288.41
2026-12-01,1,6,2,330002.87
2026-12-01,1,6,3,170317.29
2026-12-01,1,6,4,214606.87
2026-12-01,1,7,1,184229.81
2026-12-01,1,7,2,223591.74
2026-12-01,1,7,3,278950.81
2026-12-01,1,7,4,337834.05
2026-12-01,1,8,1,344238.57
2026-12-01,1,8,2,249999.13
2026-12-01,1,8,3,204029.23
2026-12-01,1,8,4,243379.58
2026-12-01,2,3,1,136099.32
2026-12-01,2,3,2,375152.56
2026-12-01,2,3,3,358890.17
2026-12-01,2,3,4,247851.41
2026-12-01,2,4,1,158510.0
2026-12-01,2,4,2,214044.19
2026-12-01,2,4,3,215921.51
2026-12-01,2,4,4,259556.98
2026-12-01,2,5,1,301058.91
2026-12-01,2,5,2,339983.05
2026-12-01,2,5,3,341649.21
2026-12-01,2,5,4,142512.86
2026-12-01,2,6,1,306653.53
2026-12-01,2,6,2,356146.3
2026-12-01,2,6,3,168483.75
2026-12-01,2,6,4,378657.41
2026-12-01,2,7,1,204439.98
2026-12-01,2,7,2,270460.38
2026-12-01,2,7,3,222770.25
2026-12-01,2,7,4,190017.57
2026-12-01,2,8,1,239397.03
2026-12-01,2,8,2,138935.9
2026-12-01,2,8,3,130007.68
2026-12-01,2,8,4,312415.54
2026-12-01,3,3,1,132040.8
2026-12-01,3,3,2,308094.35
2026-12-01,3,3,3,215400.03
2026-12-01,3,3,4,165918.85
2026-12-01,3,4,1,175300.3
2026-12-01,3,4,2,308667.33
2026-12-01,3,4,3,138933.33
2026-12-01,3,4,4,228469.17
2026-12-01,3,5,1,300090.63
2026-12-01,3,5,2,276921.56
2026-12-01,3,5,3,204875.19
2026-12-01,3,5,4,279657.71
2026-12-01,3,6,1,264688.07
2026-12-01,3,6,2,252005.21
2026-12-01,3,6,3,290424.62
2026-12-01,3,6,4,288813.83
2026-12-01,3,7,1,262227.47
2026-12-01,3,7,2,148643.12
2026-12-01,3,7,3,144587.18
2026-12-01,3,7,4,385918.18
2026-12-01,3,8,1,268795.51
2026-12-01,3,8,2,273690.97
2026-12-01,3,8,3,191132.63
2026-12-01,3,8,4,251743.83
2026-12-01,4,3,1,298151.51
2026-12-01,4,3,2,199173.69
2026-12-01,4,3,3,250731.77
2026-12-01,4,3,4,360624.57
2026-12-01,4,4,1,328225.98
2026-12-01,4,4,2,207657.69
2026-12-01,4,4,3,161080.05
2026-12-01,4,4,4,178839.91
2026-12-01,4,5,1,232455.58
2026-12-01,4,5,2,385924.62
2026-12-01,4,5,3,179597.02
2026-12-01,4,5,4,182603.57
2026-12-01,4,6,1,248433.41
2026-12-01,4,6,2,133855.03
2026-12-01,4,6,3,339353.42
2026-12-01,4,6,4,385538.34
2026-12-01,4,7,1,198547.92
2026-12-01,4,7,2,324889.81
2026-12-01,4,7,3,230475.25
2026-12-01,4,7,4,262081.97
2026-12-01,4,8,1,384803.12
2026-12-01,4,8,2,287803.06
2026-12-01,4,8,3,349497.13
2026-12-01,4,8,4,228484.62
2026-12-01,5,3,1,380949.34
2026-12-01,5,3,2,269981.39
2026-12-01,5,3,3,365256.07
2026-12-01,5,3,4,353352.21
2026-12-01,5,4,1,132654.99
2026-12-01,5,4,2,374304.03
2026-12-01,5,4,3,209102.38
2026-12-01,5,4,4,378242.8
2026-12-01,5,5,1,322628.78
2026-12-01,5,5,2,205846.04
2026-12-01,5,5,3,297870.81
2026-12-01,5,5,4,224239.4
2026-12-01,5,6,1,369138.18
2026-12-01,5,6,2,241745.61
2026-12-01,5,6,3,188446.7
2026-12-01,5,6,4,386176.99
2026-12-01,5,7,1,229965.36
2026-12-01,5,7,2,203566.98
2026-12-01,5,7,3,290158.08
2026-12-01,5,7,4,244962.04
2026-12-01,5,8,1,187171.97
2026-12-01,5,8,2,167345.51
2026-12-01,5,8,3,269954.35
2026-12-01,5,8,4,210499.42
2026-12-01,6,3,1,343269.01
2026-12-01,6,3,2,259041.94
2026-12-01,6,3,3,316121.25
2026-12-01,6,3,4,189754.9
2026-12-01,6,4,1,142358.34
2026-12-01,6,4,2,272964.76
2026-12-01,6,4,3,253004.39
2026-12-01,6,4,4,241592.39
2026-12-01,6,5,1,275348.11
2026-12-01,6,5,2,249171.2
2026-12-01,6,5,3,326980.87
2026-12-01,6,5,4,330317.04
2026-12-01,6,6,1,179253.23
2026-12-01,6,6,2,163644.95
2026-12-01,6,6,3,351837.99
2026-12-01,6,6,4,155418.47
2026-12-01,6,7,1,383673.9
2026-12-01,6,7,2,267246.53
2026-12-01,6,7,3,155526.63
2026-12-01,6,7,4,231220.77
2026-12-01,6,8,1,358639.09
2026-12-01,6,8,2,193076.91
2026-12-01,6,8,3,260292.2
2026-12-01,6,8,4,298900.89
